MARIA GUADALUPE,7105
LETICIA,5848
PATRICIA,5422
GUADALUPE,5348
MARIA DEL CARMEN,4881
VERONICA,4772
MARGARITA,4674
ELIZABETH,4661
SILVIA,4223
ROSA MARIA,4107
MARIA ELENA,4009
YOLANDA,3870
GABRIELA,3853
JUANA,3830
ADRIANA,3712
ARACELI,3702
MARTHA,3551
ANA MARIA,3162
MARIBEL,3159
ALICIA,3107
ALEJANDRA,3091
CLAUDIA,3025
LAURA,2960
IRMA,2953
MARIA ISABEL,2953
MARIA TERESA,2909
BEATRIZ,2830
MARIA DE LOURDES,2771
MARICELA,2677
MARIA DE LOS ANGELES,2665
MARIA DEL ROSARIO,2542
GLORIA,2527
JOSEFINA,2516
ROCIO,2441
MARIA,2432
TERESA,2430
ANGELICA,2392
GRACIELA,2380
MARIA LUISA,2336
MARIA DE JESUS,2236
LUZ MARIA,2193
LORENA,2178
SUSANA,2143
MARISOL,2044
VIRGINIA,1978
LUCIA,1972
SANDRA,1967
ROSA,1939
NORMA,1894
EDITH,1881
LILIANA,1858
CECILIA,1840
MARIA EUGENIA,1837
MONICA,1825
FRANCISCA,1823
ERIKA,1789
MA GUADALUPE,1777
MIRIAM,1737
CAROLINA,1728
MARIA MAGDALENA,1687
CRISTINA,1623
ROSALBA,1611
KARINA,1583
SONIA,1582
GUILLERMINA,1524
FABIOLA,1519
ISABEL,1492
RAQUEL,1482
ALMA DELIA,1437
BLANCA ESTELA,1425
MARIA DOLORES,1400
MARIA DE LA LUZ,1382
LILIA,1381
ESPERANZA,1349
MARIA ESTHER,1334
CATALINA,1326
MARIA CONCEPCION,1326
MARIA DEL SOCORRO,1315
SARA,1304
MA. GUADALUPE,1292
MINERVA,1292
OLIVIA,1278
MARTHA PATRICIA,1276
CONCEPCION,1274
NANCY,1268
ANTONIA,1236
ALMA ROSA,1215
OFELIA,1207
ESTELA,1202
HILDA,1198
REYNA,1198
GEORGINA,1194
JUDITH,1190
MARIA CRISTINA,1185
MAGDALENA,1184
ELVIRA,1183
GRISELDA,1181
DIANA,1166
IRENE,1161
ANA LILIA,1160
CARMEN,1160
MARCELA,1155
EVA,1152
MARIA LOURDES,1116
ESTHER,1115
MARIA CARMEN,1095
ELVIA,1094
VICTORIA,1085
ROSA ISELA,1073
ANA LAURA,1070
AURORA,1061
OLGA,1055
DULCE MARIA,1052
MARIA DEL ROCIO,1049
CELIA,1038
LIDIA,1038
ROSARIO,1022
JULIA,1012
MA DEL CARMEN,983
BERTHA,978
MARINA,975
REBECA,974
MARISELA,973
SOFIA,963
LOURDES,957
ESMERALDA,947
ROSALIA,933
YADIRA,920
ANA LUISA,912
SANDRA LUZ,908
MARIANA,904
NORMA ANGELICA,895
NOEMI,887
TERESA DE JESUS,886
IMELDA,883
MARTHA ALICIA,873
MARTHA ELENA,872
ANABEL,869
ELSA,869
ROSALINDA,846
YESENIA,835
XOCHITL,831
MAYRA,826
MERCEDES,822
ELENA,812
MIREYA,808
MARIA DEL PILAR,805
ADELA,787
BERENICE,782
EVANGELINA,770
LIZBETH,770
ANGELA,763
EMMA,759
ROSA ELENA,746
LAURA ELENA,744
ANGELICA MARIA,742
SOCORRO,738
PAULA,734
DOLORES,730
JUANA MARIA,711
PETRA,704
RUTH,703
CONSUELO,696
ANDREA,693
LUCILA,675
MARIA ALEJANDRA,671
MARIA ANGELICA,671
MARIA ANTONIA,669
MA. DEL CARMEN,668
MARTINA,665
ELIA,658
AMALIA,656
JULIETA,654
DELIA,638
MANUELA,638
ANGELINA,636
LEONOR,629
NORMA ALICIA,627
CLARA,615
HORTENCIA,614
YAZMIN,612
ANA ISABEL,605
OLGA LIDIA,605
MATILDE,596
ANA BERTHA,584
ELISA,570
MA ELENA,568
AIDA,565
MARIA DEL REFUGIO,561
MARIA LETICIA,560
BERTHA ALICIA,554
BRENDA,552
MA DE JESUS,550
MARICRUZ,546
ROSAURA,538
MIRNA,535
AMELIA,529
EVELIA,529
INES,524
MARIA ANTONIETA,520
NOHEMI,517
MARIA ANGELES,515
ROSALVA,515
ORALIA,510
AZUCENA,506
LUZ ELENA,501
PAULINA,500
MA DE LOURDES,498
BLANCA,496
MICAELA,495
ANA ROSA,494
HERMELINDA,494
ERNESTINA,492
MA DEL ROSARIO,487
VIRIDIANA,483
EMILIA,480
NATIVIDAD,479
IVONNE,477
SOLEDAD,474
MARIA ELIZABETH,472
MARIA VICTORIA,466
RITA,464
MA. DE LOS ANGELES,462
MARIA SOLEDAD,457
MA ISABEL,452
TERESITA DE JESUS,452
GISELA,448
MA DE LOS ANGELES,445
MARIA ESTELA,441
LUISA,439
MARIA INES,439
GENOVEVA,438
BEATRIZ ADRIANA,437
TOMASA,435
MA. DE JESUS,434
MARIA JESUS,433
ABIGAIL,428
MARIA LUZ,428
NAYELI,427
VIOLETA,426
KARLA,424
LUZ DEL CARMEN,423
ELOISA,422
SELENE,422
MARITZA,421
MARLENE,415
ARACELY,413
MA. ELENA,410
MA TERESA,408
FELICITAS,406
JANET,406
ARELI,404
AGUSTINA,401
AMPARO,401
DANIELA,400
ENRIQUETA,399
JESSICA,399
MARIELA,399
NORMA LETICIA,396
TANIA,396
ADELINA,395
MARIA ROSARIO,395
LAURA PATRICIA,394
MARTHA LETICIA,394
YURIDIA,393
CARMELA,392
MARIA ROCIO,392
ANA,390
AURELIA,387
CANDELARIA,386
MARIA GABRIELA,385
MARILU,383
JOSEFA,382
JACQUELINE,380
NATALIA,380
ERENDIRA,379
MA. DEL ROSARIO,377
YANET,374
LUCERO,373
LUCINA,372
DELFINA,371
HERLINDA,371
JAZMIN,371
ALEJANDRINA,369
MA CONCEPCION,368
VIANEY,366
JOVITA,364
RAMONA,361
NELLY,353
MARIA CANDELARIA,351
MARIA PATRICIA,350
ROSALINA,348
ROXANA,347
MA. DE LOURDES,345
ARCELIA,342
RAFAELA,340
GREGORIA,337
MA DE LA LUZ,336
MARIA MARGARITA,336
FELIPA,334
ENEDINA,328
MA DEL SOCORRO,328
MA LUISA,327
MARCELINA,327
MARIA TRINIDAD,327
DORA MARIA,321
HORTENSIA,320
DALIA,317
DALILA,317
FLORENCIA,316
MA. ISABEL,316
MARIA FELIX,315
ISELA,314
RUFINA,314
AMERICA,312
MA DOLORES,312
ANA GABRIELA,308
PAOLA,308
DORA ALICIA,304
OBDULIA,304
ARGELIA,303
BLANCA ESTHELA,303
GLADYS,301
JAQUELINE,298
NORMA PATRICIA,296
SANJUANA,296
DEYANIRA,289
GRICELDA,288
NADIA,288
EUGENIA,286
ANA CECILIA,285
ANAHI,284
MA MAGDALENA,282
MARIA MERCEDES,282
WENDY,282
MA. TERESA,280
ELVA,277
MARIA ARACELI,277
MARIA CRUZ,277
MA. DE LA LUZ,276
ALMA,275
ALMA LETICIA,274
MARLEN,274
MA. CONCEPCION,273
NORA,273
BENITA,272
ANITA,271
CLAUDIA PATRICIA,271
TERESITA,271
TEODORA,270
ZENAIDA,268
MAGALI,267
VANESSA,267
MARIA SOCORRO,266
NALLELY,266
DORA LUZ,265
FLOR DE MARIA,263
MA. DEL SOCORRO,261
AIDE,260
ANA PATRICIA,259
JUANITA,257
MARIA DEL CONSUELO,257
ARIADNA,256
ARELY,254
MARIA CECILIA,253
HERMINIA,252
ADELAIDA,251
MARIA PILAR,250
AMADA,249
MARIA ALICIA,249
OLIVA,248
LIZETH,247
MARBELLA,247
MARIA YOLANDA,246
ELIDA,245
JANETH,245
MARTHA BEATRIZ,245
ROSA ELIA,245
IRMA LETICIA,244
MARIA VERONICA,244
MARIA JOSEFINA,243
ILIANA,242
DOMINGA,239
CYNTHIA,238
IDALIA,238
MA. DOLORES,238
MAURA,238
FATIMA,237
RUBI,237
TRINIDAD,237
ISABEL CRISTINA,235
MARTA,235
CELINA,234
MARTHA LAURA,234
ALBERTA,231
PERLA,231
ELODIA,229
MARIA DE LA PAZ,229
NOELIA,229
CLAUDIA ELIZABETH,227
ROCIO DEL CARMEN,227
FLORA,226
IGNACIA,226
ITZEL,226
MA CARMEN,226
VICENTA,225
MAGALY,224
MARIA GLORIA,222
ZOILA,222
EVELYN,221
IRAIS,221
MARIA MARTHA,221
SARAI,221
MA EUGENIA,218
MARIA SILVIA,218
MARIA DEL,217
MARIA ASUNCION,216
MARTHA GUADALUPE,216
AMANDA,215
JULIANA,215
ELDA,213
MARIA JUANA,213
GUDELIA,211
YASMIN,211
MA ESTHER,209
MARIA JOSE,209
MA. MAGDALENA,207
LORENZA,206
ANEL,204
BELEN,202
REINA,202
CLAUDIA GUADALUPE,200
FLORENTINA,200
SANTA,200
ALBA,199
EUNICE,197
MARIA SUSANA,195
MARIA VIRGINIA,195
MARISA,195
KAREN,194
MARTHA ANGELICA,194
ALMA PATRICIA,193
ANA CRISTINA,192
ELBA,190
NEREYDA,190
MONSERRAT,189
ELOINA,187
EULALIA,187
MARIA FERNANDA,187
NELIDA,187
MARIA LAURA,186
VIVIANA,186
BLANCA ROSA,185
MA. LUISA,185
DORA,184
FLOR,184
LUZ ADRIANA,184
CLAUDIA ELENA,183
MARIA ESPERANZA,183
VALENTINA,183
ASUNCION,182
NICOLASA,181
IRMA YOLANDA,180
MARTHA CECILIA,180
MODESTA,179
GLADIS,178
ANA KAREN,177
LAURA ALICIA,177
HAYDEE,176
ARMIDA,175
JUSTINA,175
ARIANA,174
MARIA FRANCISCA,174
CLAUDIA VERONICA,173
MARY CARMEN,172
MA DEL REFUGIO,171
REGINA,171
LAURA ANGELICA,170
MARIA AURORA,170
MA CRISTINA,169
SABINA,169
DENISSE,168
SILVIA GUADALUPE,168
MARIA GRACIELA,167
PATRICIA GUADALUPE,166
LUCRECIA,165
ANA LUZ,164
ESTHELA,164
KENIA,164
NIDIA,164
ROSA MARGARITA,164
CITLALI,163
ERICA,163
LAURA LETICIA,163
ADRIANA GUADALUPE,162
CARINA,162
IRIS,162
BEATRIZ EUGENIA,161
MYRIAM,161
BLANCA MARGARITA,160
FANNY,160
MARIVEL,160
SANDRA GUADALUPE,160
SANDRA PATRICIA,160
CLEMENTINA,159
DOMITILA,159
EVA MARIA,159
FLORINDA,159
MARIA CONSUELO,158
MARIA IRMA,157
MARIA LORENA,157
MARIA ROSA,157
REYNALDA,157
CARLOTA,156
ISAURA,156
ISIDRA,156
MARIA ENRIQUETA,156
MARTHA ELVA,156
MARTHA EUGENIA,156
MA DEL ROCIO,155
MARIA LUCIA,155
NORMA EDITH,155
ROSELIA,155
GUADALUPE DEL CARMEN,154
MAGNOLIA,154
DIANA ELIZABETH,153
HILARIA,152
OTILIA,152
ALMA GUADALUPE,151
CARMINA,151
MA LOURDES,151
MARIA DE LA CRUZ,151
MA. EUGENIA,150
DORA ELIA,149
MARIA BEATRIZ,149
MARIA IRENE,149
NEREIDA,149
YANETH,149
ARMINDA,148
MARIA GUADALU,148
BLANCA LILIA,147
IRASEMA,147
EDELMIRA,146
LUDIVINA,146
ROSA GUADALUPE,146
SILVIA PATRICIA,146
BERTA,145
MARIA REYNA,145
ODILIA,145
ROCIO GUADALUPE,145
EMELIA,144
EPIFANIA,143
MARIA EDITH,143
RICARDA,143
BIBIANA,142
FLORINA,142
MACRINA,142
NORMA GUADALUPE,142
ROBERTA,142
GEMA,141
LAURA GUADALUPE,141
MARIA DEL CARM,141
MARTHA MARIA,141
MYRNA,141
ROSA DEL CARMEN,141
CRUZ,140
YULIANA,140
CITLALLI,138
JENNY,138
MA. ESTHER,138
GLORIA MARIA,137
MA. CARMEN,137
BELEM,136
MARIA AZUCENA,136
MARIA DEL CA,136
YESSICA,136
LUCIA GUADALUPE,135
COLUMBA,134
HERMILA,134
ANA LUCIA,133
BRIGIDA,133
MARIA GUADALUP,133
PILAR,133
FLOR MARIA,132
JULISSA,132
MARIA ELISA,132
MAYRA ALEJANDRA,132
MAYRA GUADALUPE,132
MARIA DE LOS,131
MARIA DEL CAR,131
MARIA NATIVIDAD,131
ROSA MARTHA,131
REMEDIOS,130
AIDEE,129
BLANCA ALICIA,129
KARLA MARIA,129
MARIA CATALINA,129
ROSA ANGELICA,128
SANDRA ELIZABETH,128
ANA KARINA,127
ANA SILVIA,127
MA. DEL ROCIO,127
BERNARDA,126
FAVIOLA,126
LAURA OLIVIA,126
MARIA GUADAL,126
SARAHI,126
DIANA PATRICIA,125
MELINA,125
ROMELIA,125
ROSA ELVIRA,125
ANA LIDIA,124
VICTORINA,124
ANAYELI,123
MA LETICIA,123
MARIA DEL C,123
MARTHA OLIVIA,123
ANA GUADALUPE,122
EUSTOLIA,122
MIRIAM GUADALUPE,122
NINFA,122
ROSA ELVA,122
IRMA GUADALUPE,121
LINA,121
MARIA ADRIANA,121
MARIA LILIA,121
MARTHA GABRIELA,121
CIRILA,120
ERICKA,120
NORMA ELIZABETH,120
VELIA,120
YENI,120
INOCENCIA,119
MARISSA,119
BARBARA,118
MARICARMEN,118
ANGELES,117
BLANCA PATRICIA,117
DIANA GUADALUPE,117
LEONILA,117
MARTHA ISABEL,117
MELISSA,117
ALONDRA,116
CLEOTILDE,116
DAMARIS,116
EUSEBIA,116
MARIA OFELIA,116
ROSA ICELA,116
LILIAN,115
MARTHA LILIA,115
AUREA,113
CANDIDA,113
NANCY GUADALUPE,113
ROSA MA,113
LUZ ANGELICA,112
MA. SOLEDAD,112
MARIA TERESA DE JESUS,112
MAXIMINA,112
MIRELLA,112
BELINDA,111
EDNA,111
ELIZABET,111
ENEIDA,111
LAURA ELIZABETH,110
MA DEL PILAR,110
MARTHA SILVIA,110
NORA HILDA,110
KARLA GUADALUPE,109
MA. CRISTINA,109
MARIA DE,109
MARIA GUILLERMINA,109
SAN JUANA,109
AGUEDA,108
BERNARDINA,108
FIDELIA,108
IVETTE,108
REYNA ISABEL,108
ALTAGRACIA,107
BALBINA,107
CINTHYA,107
CIRA,107
CLAUDIA GABRIELA,107
GLORIA GUADALUPE,107
MA. DEL REFUGIO,107
MARIA OLIVIA,107
OLGA LILIA,107
PASCUALA,107
ANASTACIA,106
LEONARDA,106
MARTHA IMELDA,106
ANA BEATRIZ,105
MARIA REFUGIO,105
CLAUDIA ALEJANDRA,104
MARIA DEL RAYO,104
MARTHA YOLANDA,104
ALEIDA,103
ANA ELIZABETH,103
ANA MARGARITA,103
ANABELL,103
GABRIELA GUADALUPE,103
JOAQUINA,103
MARIA DE LO,103
MARIA ELVIA,103
PETRONA,103
ANA DELIA,102
ANA LETICIA,102
DORIS,102
ELSA MARIA,102
LYDIA,102
RUBICELIA,102
CLAUDIA MARIA,101
ERIKA GUADALUPE,101
KARLA PATRICIA,101
MA SOCORRO,101
MAYTE,101
ALMA LILIA,100
CINTHIA,100
MA ANTONIA,100
MARIA CAROLINA,100
MARIA ELVIRA,100
MONTSERRAT,100
VERONICA GUADALUPE,100
ALBINA,99
MARTHA ELBA,99
MAYELA,99
NORMA ELENA,99
PATRICIA DEL CARMEN,99
ALMA ANGELICA,98
DEYSI,98
MA TRINIDAD,98
PALOMA,98
ROSA IMELDA,98
BRISEIDA,97
CLARA LUZ,97
IRMA PATRICIA,97
MARIA EVA,97
AIDA ARACELI,96
INDIRA,96
MA ROSARIO,96
MA SOLEDAD,96
MARIA DE L,96
ROSA LINDA,96
VALERIA,96
MARIA HILDA,95
NELY,95
ROSA AURORA,95
SILVIA MARGARITA,95
ADRIANA ELIZABETH,94
ANA ALICIA,94
GLORIA ELENA,94
MA. DEL PILAR,94
OLIMPIA,94
ROSA AMELIA,94
BLANCA AZUCENA,93
CLAUDIA ISABEL,93
CLAUDIA IVETTE,93
GLORIA ALICIA,93
JAQUELINA,93
LAURA ISABEL,93
LUZ,93
MARIA IMELDA,93
PIEDAD,93
PORFIRIA,93
ZAIRA,93
BEATRIZ ELENA,92
BRENDA GUADALUPE,92
JACINTA,92
MA ANGELICA,92
MARIA AMPARO,92
MARTHA ELIZABETH,92
ROSA ALICIA,92
SILVIA ELENA,92
CAMELIA,91
CARMEN ALICIA,91
CLAUDIA ANGELICA,91
CLAUDIA LORENA,91
DIANA MARIA,91
LETICIA GUADALUPE,91
MARIA RAQUEL,91
EUFEMIA,90
GABINA,90
MARIA DE GUADALUPE,90
MARIA GRISELDA,90
ROSA ISABEL,90
MARIA ANDREA,89
MARIA BERTHA,89
ROMANA,89
AVELINA,88
CARITINA,88
EFIGENIA,88
JUANA ISABEL,88
KARINA GUADALUPE,88
MARIA GUADA,88
MARIA NORMA,88
MARTHA LORENA,88
NIEVES,88
OLGA LETICIA,88
TEOFILA,88
ZULEMA,88
ANA ELENA,87
CLEMENCIA,87
JUANA GUADALUPE,87
MARIA GEORGINA,87
MARIA LIDIA,87
MIROSLAVA,87
ROSA NELLY,87
XOCHILT,87
ANA CELIA,86
APOLONIA,86
CARMEN GUADALUPE,86
CECILIA GUADALUPE,86
CLAUDIA LETICIA,86
DEISY,86
OLGA PATRICIA,86
ROSANA,86
VIANNEY,86
ARTEMISA,85
ELEUTERIA,85
FATIMA DEL ROSARIO,85
ILEANA,85
LILIANA GUADALUPE,85
MARIA CELIA,85
MARIA DEL CARME,85
MARIA JULIA,85
MARIA SALOME,85
MARTHA ARACELI,85
MIRIAN,85
REYNA MARIA,85
CLAUDIA MARGARITA,84
LORENA GUADALUPE,84
OSIRIS,84
ROSA ELVIA,84
SAGRARIO,84
SONIA GUADALUPE,84
CARMELITA,83
CELSA,83
FLORIBERTA,83
JANETT,83
MARIA JUDITH,83
MARIA OLGA,83
SILVINA,83
ALMA LORENA,82
ANTONIETA,82
BLANCA LETICIA,82
LAURA CECILIA,82
LAURA VERONICA,82
MA MERCEDES,82
MARIA ERNESTINA,82
MARIA LEONOR,82
OLGA MARIA,82
ROSA IRENE,82
SANDRA EDITH,82
ADRIANA PATRICIA,81
AGRIPINA,81
GLORIA PATRICIA,81
LAURA GABRIELA,81
NORMA ARACELI,81
REFUGIO,81
SANDRA LETICIA,81
YESICA,81
CARMEN LETICIA,80
FILOMENA,80
JANNET,80
FAUSTINA,79
FELISA,79
FILIBERTA,79
MABEL,79
MARIA ELIA,79
NORA ALICIA,79
PRISCILA,79
ABRIL,78
GLORIA LETICIA,78
HEIDI,78
JUANA INES,78
MARIA DE LOS A,78
MARIA DEL R,78
MARIA MAYELA,78
NORMA LILIA,78
CLAUDIA IVONNE,77
CORAL,77
LISBETH,77
MA. LOURDES,77
MARIA DEL RO,77
MAYRA ELIZABETH,77
ALMA ALICIA,76
ARIANNA,76
GABRIELA ALEJANDRA,76
GLORIA DEL CARMEN,76
IRMA ALICIA,76
LUCIANA,76
MARTHA ALEJANDRA,76
MARY CRUZ,76
MONICA GUADALUPE,76
REYNA GUADALUPE,76
LAURA EDITH,75
MARIA DE LOUR,75
MARIA ELSA,75
PAMELA,75
ALMA GABRIELA,74
ERIKA PATRICIA,74
HILDA GUADALUPE,74
ISIDORA,74
MA JESUS,74
OLGA ALICIA,74
SEBASTIANA,74
CORINA,73
ELEAZAR,73
GICELA,73
MA. LETICIA,73
VERENICE,73
YANELI,73
FIDELA,72
IRLANDA,72
JUVENTINA,72
KATIA,72
LAURA BEATRIZ,72
LAURA ESTELA,72
MA ESTELA,72
MARTHA IRENE,72
ROSARIO GUADALUPE,72
ROSSANA,72
SANDRA VERONICA,72
ZORAIDA,72
ALMA ROCIO,71
ALMA VERONICA,71
CELESTINA,71
ESTRELLA,71
FELICIANA,71
JUANA PATRICIA,71
MA. SOCORRO,71
MARIA ISELA,71
MARIA MARCELA,71
MARIA ROSALBA,71
MARTHA EDITH,71
NUBIA,71
ALMA LUZ,70
ANA VICTORIA,70
ARTEMIA,70
BLANCA GUADALUPE,70
BRENDA BERENICE,70
DIANA GABRIELA,70
EMA,70
ESTEFANIA,70
KARINA ELIZABETH,70
LORENA DEL CARMEN,70
MA FELIX,70
MAIRA,70
MARIA CLARA,70
MARIA REBECA,70
NORBERTA,70
CONSTANTINA,69
ENEDELIA,69
GRISEL,69
JENNIFER,69
LAURA ALEJANDRA,69
LETICIA DEL CARMEN,69
MA VICTORIA,69
MARTHA CATALINA,69
NAYELY,69
ROSA DELIA,69
ROSENDA,69
ROSIO,69
SALUSTIA,69
ALEJANDRA GUADALUPE,68
BLANCA ESTHER,68
ELSA GUADALUPE,68
ETELVINA,68
MARIA ESMERALDA,68
MARTHA ROSA,68
MERCED,68
ROSA HILDA,68
ANGELITA,67
CARMEN JULIA,67
CARMEN PATRICIA,67
CINDY,67
DINA,67
ELPIDIA,67
ERIKA MARIA,67
GEMMA,67
GLORIA ESTHER,67
INGRID,67
KARLA ELIZABETH,67
LAURA MARGARITA,67
MA. ANGELICA,67
MARGARITA CONCEPCION,67
MARIA ANGELINA,67
MARIA DE LOURD,67
MARIA MONICA,67
MARIA SONIA,67
PATRICIA MARIA,67
ALMA EDITH,66
BLANCA EDITH,66
DAISY,66
GAUDENCIA,66
HERIBERTA,66
JUANA LETICIA,66
MA INES,66
MANUELA DE JESUS,66
MARIA DE LA,66
NORMA IRENE,66
ROCIO ELIZABETH,66
ROSA CARMINA,66
SILVIA LETICIA,66
ADRIANA MARGARITA,65
ELIDIA,65
EVELIN,65
KARLA GABRIELA,65
LIZET,65
MARIA EMILIA,65
MIRIAM DEL CARMEN,65
ROSA PATRICIA,65
ZITA,65
ARLETTE,64
AYDE,64
BLANCA ELIZABETH,64
CHRISTIAN,64
DINORAH,64
FLAVIA,64
GUADALUPE DEL ROSARIO,64
LAURA ADRIANA,64
LETICIA ISABEL,64
MA ANTONIETA,64
MA ASUNCION,64
MARIA BELEN,64
MARIA DEL SAGRARIO,64
MARIA JOSEFA,64
MARIA PAZ,64
MARIEL,64
ALMA CECILIA,63
AZALIA,63
CELERINA,63
ISIS,63
MA ANGELES,63
MA DEL CONSUELO,63
MA. ANTONIA,63
MARIA DEL ROSA,63
MARIA JULIETA,63
MARIA SANDRA,63
MARTHA VERONICA,63
NANCY ELIZABETH,63
PATRICIA ELIZABETH,63
SYLVIA,63
CATARINA,62
CLAUDIA CECILIA,62
CLAUDIA ISELA,62
GLORIA ANGELICA,62
GUADALUPE DEL SOCORRO,62
MA CRUZ,62
MA LUZ,62
MA. MERCEDES,62
MARIA ADELA,62
MARIA EVANGELINA,62
MARIA ISABE,62
MARIA MARTINA,62
MARTHA ELVIA,62
NALLELI,62
PAZ,62
RITA MARIA,62
ROSA ELBA,62
ROSA LAURA,62
ROSA MA.,62
ROSARIO DEL CARMEN,62
SAMANTHA,62
ADELITA,61
ADRIANA ISABEL,61
BLANCA DELIA,61
CIRENIA,61
ESTER,61
FAUSTA,61
GLORIA ELIZABETH,61
GLORIA LUZ,61
KARLA ALEJANDRA,61
LAURA MARIA,61
LUZ GABRIELA,61
MARIA ESTHELA,61
MARIA GENOVEVA,61
MARIA GUAD,61
MARIA MINERVA,61
MARTHA ELISA,61
MARTHA ESTELA,61
MONICA GABRIELA,61
ROGELIA,61
ROSA EDITH,61
ROSA ESTELA,61
SANDRA ELENA,61
ALBERTINA,60
ANA RUTH,60
BLANCA LUZ,60
CLAUDIA ARACELI,60
DIANA CAROLINA,60
FERNANDA,60
MA REFUGIO,60
MARIA ANGELA,60
MARIA CLAUDIA,60
MARIA ELVA,60
MARTHA SUSANA,60
PETRONILA,60
SALOME,60
YARELI,60
ALMA ANGELINA,59
ALMA GLORIA,59
ANA JULIA,59
ANALLELY,59
BLANCA ELENA,59
BRENDA ELIZABETH,59
CRISPINA,59
ERIKA ALEJANDRA,59
IRMA ANGELICA,59
JUANA ELIZABETH,59
LAURA CRISTINA,59
LAURA DEL CARMEN,59
LAURA ESTHER,59
LUCIA DEL CARMEN,59
MA ALEJANDRA,59
MARIA RITA,59
MARTHA ADRIANA,59
ROSA LUZ,59
SONIA PATRICIA,59
YANIRA,59
YUNUEN,59
ZULMA,59
ADRIANA MARIA,58
ANGELICA GUADALUPE,58
BLANCA OLIVIA,58
CLAUDIA KARINA,58
CLOTILDE,58
CRUZ MARIA,58
LESLIE,58
LOURDES GUADALUPE,58
MA. TRINIDAD,58
MARIA MONSERRAT,58
MARTHA OFELIA,58
MONICA ELIZABETH,58
NORA PATRICIA,58
ORTENCIA,58
ADRIANA DEL CARMEN,57
CLAUDIA BERENICE,57
GUADALUPE CONCEPCION,57
HILDA MARIA,57
HILDA PATRICIA,57
MA MARTHA,57
MA. FELIX,57
MARIA EUGENI,57
MARIA REYES,57
MARIA TERES,57
ROSA LILIA,57
VERONICA DEL CARMEN,57
ANA TERESA,56
BLANCA LIDIA,56
CIRIA,56
CLAUDIA ROCIO,56
DEMETRIA,56
DIANA ISABEL,56
DIONICIA,56
EDILIA,56
ELIDETH,56
GERTRUDIS,56
GUADALUPE ELIZABETH,56
LILIA GUADALUPE,56
LIZETTE,56
MARIA ROSALIA,56
MARIANELA,56
MARTHA ISELA,56
MIRIAM ELIZABETH,56
SANDRA ALICIA,56
SANDRA ISABEL,56
ALMA LAURA,55
ANA CAROLINA,55
DIANA KARINA,55
ENEYDA,55
GABRIELA DEL CARMEN,55
GUADALUPE ARACELI,55
HAYDE,55
MA CONSUELO,55
MA ELIZABETH,55
MA GLORIA,55
MA JUANA,55
MACARIA,55
MARIA DE LOS AN,55
MARIA FELICITAS,55
MIRNA GUADALUPE,55
NORMA ISELA,55
CARLA,54
ELSA PATRICIA,54
ERIKA DEL CARMEN,54
FANY,54
FELIX,54
GUADALUPE DE JESUS,54
HONORINA,54
IDOLINA,54
IRACEMA,54
JANETTE,54
JESUS,54
MA MARGARITA,54
MA SILVIA,54
MARIA FABIOLA,54
MARIA HORTENCIA,54
MARIA SANTOS,54
MARIA XOCHITL,54
MIGUELINA,54
MONICA PATRICIA,54
NATALY,54
SILVIA DEL CARMEN,54
YURIRIA,54
FLOR DEL CARMEN,53
LUVIA,53
MA. ESTELA,53
MARIA ANA,53
MARIA DE LOU,53
MARIA MAGDAL,53
MARTHA LUCIA,53
MIRYAM,53
NORMA ESTELA,53
ORQUIDEA,53
ROSA ADRIANA,53
ROSA EVELIA,53
TERESA JESUS,53
ANA LORENA,52
BETSABE,52
BLANCA FLOR,52
CRISTINA GUADALUPE,52
FIDELINA,52
IRMA LORENA,52
KARLA PAOLA,52
MA. DEL CONSUELO,52
MA. ELIZABETH,52
MARIA DE JES,52
MARIA DEL ROSAR,52
MARIA ELOISA,52
MARIA EVELIA,52
MARIA MAGDALE,52
MARIA MATILDE,52
MARIA SOFIA,52
MARTHA DEL CARMEN,52
MARTHA DELIA,52
MONICA ALEJANDRA,52
NORA ELIA,52
NORMA ISABEL,52
NORMA LUZ,52
ROSITA,52
RUBICELA,52
SANDRA MARIA,52
SONIA ELIZABETH,52
SUGEY,52
YENY,52
ALICIA GUADALUPE,51
ALINA,51
ALMA RUTH,51
ELIDE,51
ENGRACIA,51
EVA LUZ,51
FABIOLA GUADALUPE,51
IVON,51
JULITA,51
LAURA ISELA,51
LIBRADA,51
MA. INES,51
MARIA DE JE,51
MARIA DE LAS MERCEDES,51
MARTHA LUZ,51
NORMA BEATRIZ,51
ROSA ESTHER,51
ANA GLORIA,50
BASILISA,50
BEATRIZ DEL CARMEN,50
BLANCA IDALIA,50
CARMEN YOLANDA,50
CLARIBEL,50
CLAUDIA EDITH,50
CLAUDIA LIZETH,50
DINORA,50
DOROTEA,50
FORTUNATA,50
GUADALUPE ISABEL,50
LIBIA,50
LUZ DEL ALBA,50
MA JOSEFINA,50
MAGDA,50
MARIA DEL ROS,50
MARIA EMMA,50
MARIA LILIANA,50
MARIA SARA,50
MARTHA LIDIA,50
NORMA LORENA,50
PERLA XOCHITL,50
SHEILA,50
VERONICA ELIZABETH,50
ACELA,49
ALEYDA,49
BLANCA CECILIA,49
CECILIA DEL CARMEN,49
EDUVIGES,49
ERIKA LILIANA,49
ILDA,49
MARIA IDALIA,49
MAYRA PATRICIA,49
MIGDALIA,49
NORMA DELIA,49
ROSINA,49
ANA LOURDES,48
ANGELA MARIA,48
ERIKA ELIZABETH,48
GABRIELA ELIZABETH,48
IBETH,48
IVETH,48
JULIA ESTHER,48
KARLA LIZETH,48
MARIA AGUSTINA,48
MARIA ALMA,48
MARIA MANUELA,48
MARTHA ESTHER,48
MARTHA GRACIELA,48
MARTHA MARGARITA,48
MARYSOL,48
NORMA ADRIANA,48
NORMA LIDIA,48
OLGA LYDIA,48
THELMA,48
ALBA LUZ,47
ALMA LIDIA,47
ANA BERTA,47
ANA CLAUDIA,47
ANA MA,47
AQUILINA,47
BLANCA ARACELI,47
BLANCA ISELA,47
BRENDA LIZETH,47
DONAJI,47
DORA LETICIA,47
MA PATRICIA,47
MARGOT,47
MARIA BERENICE,47
MARIA DE LOS DOLORES,47
MARIA DELIA,47
MARIA ENGRACIA,47
MARIA NANCY,47
MARTHA AURORA,47
MONICA DEL CARMEN,47
PERLA GUADALUPE,47
ROCIO ALEJANDRA,47
ROSA VELIA,47
SARA MARIA,47
SILVIA ANGELICA,47
BERTHA PATRICIA,46
BETZABE,46
BLANCA AURORA,46
CLAUDIA ALICIA,46
FABIANA,46
HONORIA,46
JUANA LAURA,46
LAURA SUSANA,46
LEONIDES,46
LILIANA ELIZABETH,46
LORENA PATRICIA,46
LOURDES DEL CARMEN,46
LUZ ESTHER,46
LUZ PATRICIA,46
MA YOLANDA,46
MA. CONSUELO,46
MARA,46
MARIA LUCILA,46
MARIA PAULA,46
MARIA REMEDIOS,46
NARCISA,46
NORMA ALEJANDRA,46
NORMA CECILIA,46
PERLA MARIA,46
SANDRA LORENA,46
SILVIA LORENA,46
SIMONA,46
SUSANA GUADALUPE,46
VILMA,46
YOLANDA GUADALUPE,46
ZAIDA,46
ADELFA,45
ANAI,45
BENIGNA,45
CLAUDIA DEL CARMEN,45
LILI,45
MA. ALEJANDRA,45
MA. JESUS,45
MARIA DE JESU,45
MARIA DE LOS REMEDIOS,45
MARIA DE LOURDE,45
MARIA NELLY,45
MARTHA ROCIO,45
MILDRED,45
NAYELLI,45
REYNA ELIZABETH,45
SILVIA ESTHER,45
YESSENIA,45
YUDITH,45
ZEFERINA,45
ALMA YADIRA,44
ANASTASIA,44
CARMEN ADRIANA,44
CLAUDIA FABIOLA,44
CLAUDIA IVETH,44
CRISANTA,44
GILDA,44
GLORIA EDITH,44
GLORIA ISABEL,44
JOCELYN,44
JUANA MA,44
LEYDI,44
LILIANA DEL CARMEN,44
MA NATIVIDAD,44
MA. VICTORIA,44
MARIA BLANCA,44
MARIA NOEMI,44
MARIA TERESITA,44
MELIDA,44
PATRICIA ALEJANDRA,44
PATRICIA MARGARITA,44
PLACIDA,44
AZALEA,43
BEATRIZ ALEJANDRA,43
BLANCA ANGELICA,43
BLANCA NELLY,43
BRAULIA,43
BRISA,43
GLAFIRA,43
GLORIA MARGARITA,43
LETICIA MARGARITA,43
MARCIANA,43
MARIA ALEJANDRINA,43
MARIA DELFINA,43
MARIA ISAB,43
MARIA NIEVES,43
MARTA ELENA,43
NORMA GABRIELA,43
ROSA IDALIA,43
ROSA IRMA,43
SANDRA MARGARITA,43
SATURNINA,43
SORAIDA,43
YOLANDA PATRICIA,43
ARACELI GUADALUPE,42
AYDEE,42
BEATRIZ GUADALUPE,42
BLANCA ESTEL,42
CARIDAD,42
CLAUDIA CRISTINA,42
CLAUDIA LILIANA,42
DARIA,42
ELIZABETH GUADALUPE,42
JEANETTE,42
JESICA,42
LAURA LILIA,42
LESVIA,42
MA ARACELI,42
MA. MARGARITA,42
MARIA AUXILIO,42
MARIA IGNACIA,42
MARTHA KARINA,42
MARTHA PATRI,42
MAURILIA,42
NANCI,42
NERY,42
NORMA YOLANDA,42
SANDRA ANGELICA,42
VIRGINIA GUADALUPE,42
YADIRA GUADALUPE,42
ABELINA,41
ALHELI,41
ANA GRACIELA,41
BARTOLA,41
CARMEN MARIA,41
CELENE,41
CLAUDIA BEATRIZ,41
CYNTHIA GUADALUPE,41
DENISE,41
DIANA LAURA,41
ELSA MARGARITA,41
IRMA GABRIELA,41
IVETT,41
IVONE,41
IXCHEL,41
JULISA,41
KARLA VERONICA,41
LIBERTAD,41
LILIA PATRICIA,41
LUZ AURORA,41
MA ALICIA,41
MA FRANCISCA,41
MA GABRIELA,41
MA IRENE,41
MA. PATRICIA,41
MARCELA GUADALUPE,41
MARIA ERIKA,41
MARIA RAMONA,41
MARTHA RUTH,41
MERCEDES GUADALUPE,41
NORMA VERONICA,41
SANDRA LILIANA,41
SARA PATRICIA,41
SILVIA MARIA,41
TATIANA,41
ALMA BEATRIZ,40
ALMA KARINA,40
ANA ESTHER,40
BERTHA LETICIA,40
CRUZ ELENA,40
DIANA MARGARITA,40
EDITH GUADALUPE,40
ELISABETH,40
EUFROSINA,40
EVELINA,40
GLORIA ESTELA,40
HIGINIA,40
HILDA LETICIA,40
JACKELINE,40
JUANA GABRIELA,40
LIDIA GUADALUPE,40
LILIBETH,40
LOIDA,40
LUZ MA,40
MA. ASUNCION,40
MARIA AMELIA,40
MARIA EUGEN,40
MARIA HORTENSIA,40
MARIA LUCINA,40
MARIA PETRA,40
MARTA PATRICIA,40
MARTHA ELIA,40
MAURICIA,40
NANCY EDITH,40
NARCEDALIA,40
ROSA ALEJANDRA,40
ROSA MARI,40
SANDRA OLIVIA,40
SENORINA,40
SILVIA ELIZABETH,40
SILVIA YOLANDA,40
YADIRA DEL CARMEN,40
ALMA ELIZABETH,39
AUSTREBERTA,39
BERNARDITA,39
CECILIA MARGARITA,39
CLAUDIA MARCELA,39
CRESCENCIA,39
GILBERTA,39
JUDIT,39
JULIA GUADALUPE,39
KARLA IVETTE,39
KARLA JUDITH,39
KARLA KARINA,39
LAURENTINA,39
LIVIA,39
MA DE LA PAZ,39
MARGARITA DEL CARMEN,39
MARIA AIDA,39
MARIA AMALIA,39
MARIA BELEM,39
MARIA ELBA,39
MARIA ELEN,39
MARIZA,39
MARTA ALICIA,39
NANCY GABRIELA,39
NORA EDITH,39
OYUKI,39
ROSARIO ADRIANA,39
SANDRA CECILIA,39
SORAYA,39
VERONICA ISABEL,39
WENDY GUADALUPE,39
XOCHITL GUADALUPE,39
YAJAIRA,39
ADA,38
ADALID,38
ALEXANDRA,38
ALIDA,38
ALINE,38
ALMA JUDITH,38
ANA BELEN,38
ANTELMA,38
ARMANDINA,38
BELIA,38
BRENDA ALICIA,38
CIELO,38
CITLALY,38
DANIELA GUADALUPE,38
DULCE KARINA,38
EDUARDA,38
EMIGDIA,38
FABIOLA DEL CARMEN,38
FATIMA GUADALUPE,38
GRECIA,38
HIPOLITA,38
KARLA BERENICE,38
MADAI,38
MARIA DE LOS ANG,38
MARIA ORALIA,38
MARIA RUTH,38
MARYCRUZ,38
MAYRA EDITH,38
MELISA,38
NANCY PATRICIA,38
NELVA,38
NORMA LAURA,38
PATRICIA EUGENIA,38
RUTH ELIZABETH,38
RUTH MARIA,38
TAYDE,38
ADILENE,37
ANA ELSA,37
ANNEL,37
BERTA ALICIA,37
CONCEPCION GUADALUPE,37
CONSEPCION,37
DIANA ALEJANDRA,37
DIANA LETICIA,37
DORA PATRICIA,37
DULCE CAROLINA,37
ELENA MARIA,37
ESMIRNA,37
ESTEFANA,37
ESTHER ALICIA,37
GABRIELA PATRICIA,37
JUANA ARACELI,37
LAURA LORENA,37
LILIA MARIA,37
LUZ ESTELA,37
MA. ANTONIETA,37
MA. CRUZ,37
MA. SILVIA,37
MARIA ERENDIRA,37
MARIA MAGD,37
MARIA MARICELA,37
MARIA MICAELA,37
MARTHA CRISTINA,37
ROSA LIDIA,37
SILVIA ESTELA,37
VERONICA PATRICIA,37
VIRGILIA,37
YEIMI,37
YURI,37
ALICIA MARGARITA,36
ANDREA GUADALUPE,36
ANGELICA MA,36
ANTONINA,36
BLANCA IRIS,36
BLANCA ISABEL,36
CAMERINA,36
CLAUDIA JANETH,36
CRISTAL,36
DIANA EDITH,36
ERIKA FABIOLA,36
FLOR DE LIZ,36
GEORGINA GUADALUPE,36
IRMA ARACELI,36
JUANA ALICIA,36
LAURA IRENE,36
LAURA KARINA,36
LIDUVINA,36
LILIA MARGARITA,36
LIVIER,36
LUCINDA,36
MA ESPERANZA,36
MA. CANDELARIA,36
MARIA ANTON,36
MARIA DEL ROCI,36
MARIA MIREYA,36
MARYCARMEN,36
MICHELLE,36
MIRNA LETICIA,36
NYDIA,36
ROSA INES,36
SANDY,36
SILVIA ALEJANDRA,36
SILVIA ARACELI,36
YAMEL,36
ADOLFINA,35
ALMA CRISTINA,35
ANA FABIOLA,35
ANA PAOLA,35
BERTHA GUADALUPE,35
BLANDINA,35
CLARA ELENA,35
CLARISA,35
CRISTINA ELIZABETH,35
DANAE,35
DIOSELINA,35
DORA ANGELICA,35
FELICITA,35
FRANCELIA,35
FRANCISCA GUADALUPE,35
HEIDY,35
JAQUELIN,35
JUANA MARGARITA,35
KARINA DEL CARMEN,35
KARLA BEATRIZ,35
KARLA FABIOLA,35
KARLA YADIRA,35
LUISA MARIA,35
MA. NATIVIDAD,35
MARGARITA MARIA,35
MARIA ANTONI,35
MARIA CELINA,35
MARIA ESTER,35
MARIA MARIBEL,35
MARIA OBDULIA,35
MARIA YESENIA,35
MARTHA ELVIRA,35
MARTHA FABIOLA,35
MARTHA PATRIC,35
MAYRA LETICIA,35
MILAGROS,35
MONICA LETICIA,35
NANCY VERONICA,35
NAZARIA,35
OSBELIA,35
SANDRA GABRIELA,35
SUSANA ELIZABETH,35
URSULA,35
ANA EDITH,34
ANALI,34
ASTRID,34
AURORA GUADALUPE,34
BASILIA,34
BLANCA MARIA,34
CARMEN CECILIA,34
CELIA GUADALUPE,34
CLAUDIA CAROLINA,34
CLAUDIA SUSANA,34
DIANA DEL CARMEN,34
ELISABET,34
ELSY,34
EULOGIA,34
FLOR ANGELICA,34
GLORIA ISELA,34
HILDA ARACELI,34
IRMA ISABEL,34
JULIA ISABEL,34
KARIME,34
LEOVIGILDA,34
LIZBETH GUADALUPE,34
LORENA ELIZABETH,34
LUZ MARINA,34
LUZ VERONICA,34
MA. JUANA,34
MA. YOLANDA,34
MA.GUADALUPE,34
MARI CRUZ,34
MARIA DEL ROC,34
MARIA DEL SOC,34
MARIA MAGDALEN,34
MARTHA INES,34
MARTINA GUADALUPE,34
MAYOLA,34
MAYRA ISABEL,34
NATALI,34
NERI,34
NORA ELIZABETH,34
PAOLA GUADALUPE,34
RENATA,34
ROSA ELIZABETH,34
ROSA EMMA,34
ROSA LETICIA,34
SANDRA IVONNE,34
SILVERIA,34
YENNY,34
YOLOXOCHITL,34
ADRIANA BERENICE,33
ALBA GUADALUPE,33
ALEJANDRA ELIZABETH,33
AMIRA,33
ANAID,33
BRENDA EDITH,33
CASILDA,33
CIRINA,33
CLAUDIA INES,33
DIANA LORENA,33
DORICELA,33
EMILIANA,33
ERIKA GABRIELA,33
JASMIN,33
KARLA IVONNE,33
KARLA LILIANA,33
LINDA,33
LIZBET,33
LUZ ELVA,33
MA ROCIO,33
MA. JOSEFINA,33
MARIA ENEDINA,33
MARIA HERMELINDA,33
MAYRA JUDITH,33
MAYRA LIZETH,33
MINERVA GUADALUPE,33
NORA GUADALUPE,33
NORMA DEL CARMEN,33
OLGA MARGARITA,33
REYNA PATRICIA,33
SANDRA ARACELI,33
SANDRA FABIOLA,33
SARA GABRIELA,33
THALIA,33
ANA MARCELA,32
ANA VERONICA,32
ANGELICA PATRICIA,32
ANSELMA,32
BLANCA NIEVES,32
BRENDA MARIA,32
CELIDA,32
CLARA MARIA,32
CLAUDIA ESTELA,32
CLAUDIA IVETT,32
CLAUDIA SELENE,32
DIONISIA,32
DIVINA,32
ELDA MARIA,32
HUMBERTA,32
ISABEL GUADALUPE,32
KARLA CECILIA,32
MA. ALICIA,32
MA. ROSARIO,32
MARIA ARCELIA,32
MARIA DE J,32
MARIA NATALIA,32
MARIA RAFAELA,32
MARIA TOMASA,32
MARIANA GUADALUPE,32
MARLEM,32
MARTHA JOSEFINA,32
MARTHA TERESA,32
MAYRA GABRIELA,32
MAYRA LORENA,32
NORA ANGELICA,32
OLGA GUADALUPE,32
OLGA OLIVIA,32
REYNA MARGARITA,32
ROSA CARMEN,32
ROSARIO DE FATIMA,32
SANDRA BEATRIZ,32
SANDRA KARINA,32
SANDRA YADIRA,32
SARA ELENA,32
SARAY,32
SOCORRO GUADALUPE,32
SONIA DEL CARMEN,32
SONIA EDITH,32
TERESA MARGARITA,32
VANESA,32
VERONICA LETICIA,32
YOLANDA ELIZABETH,32
ALEJANDRA PATRICIA,31
ALICIA DEL CARMEN,31
ALMA ARACELI,31
ALMA GRACIELA,31
ANA BELEM,31
ANA GEORGINA,31
BERTHA MARIA,31
BRENDA PATRICIA,31
CLAUDIA TERESA,31
DIANA LIZETH,31
ELENA GUADALUPE,31
ELVIA GUADALUPE,31
EMMA GUADALUPE,31
EVA PATRICIA,31
GALDINA,31
GUADALUPE LETICIA,31
IDANIA,31
IRENE GUADALUPE,31
IRMA DELIA,31
IRMA ELIZABETH,31
ISABEL DEL CARMEN,31
JUANA BEATRIZ,31
JUDITH GUADALUPE,31
LAURA EUGENIA,31
LAURA ROCIO,31
LEANDRA,31
LILIA DEL CARMEN,31
LUZ IMELDA,31
MA CANDELARIA,31
MA ROSA,31
MA. LUZ,31
MARCIA,31
MARIA ARGELIA,31
MARIA CRISTIN,31
MARIA DEL S,31
MARIA ESTHE,31
MARIA GREGORIA,31
MARIA ISIDRA,31
MARIA NICOLASA,31
MARIA VIOLETA,31
MARTHA LILIANA,31
MONICA ISABEL,31
NORMA ESTHER,31
NORMA IDALIA,31
PALMIRA,31
ROMUALDA,31
ROSA OLIVIA,31
SARA GUADALUPE,31
SERAFINA,31
TONANTZIN,31
TULIA,31
VERONICA ALEJANDRA,31
YOLANDA DEL CARMEN,31
ADRIANA BEATRIZ,30
ADRIANA LETICIA,30
ALEJANDRA DEL CARMEN,30
ALMA ALEJANDRA,30
ALMA ELENA,30
ALMA LUCIA,30
ANA DEL CARMEN,30
ANA MA.,30
ANA OLIVIA,30
ANA PAULINA,30
ASELA,30
BALVINA,30
BERTHA ELENA,30
BERTINA,30
BLANCA IRENE,30
BRICIA,30
CARMEN BEATRIZ,30
CASIMIRA,30
CELIFLORA,30
CLAUDIA ADRIANA,30
CLAUDIA ERIKA,30
CORNELIA,30
DAMIANA,30
DORA ELENA,30
EDUWIGES,30
ERIKA BERENICE,30
EVARISTA,30
FACUNDA,30
GLORIA ALEJANDRA,30
GUADALUPE PATRICIA,30
HILDA MARGARITA,30
IRMA DEL CARMEN,30
IRMA ELENA,30
JUANA ANGELICA,30
JUANA LILIA,30
KARINA ALEJANDRA,30
KENYA,30
LAURA ARACELI,30
LAURA ELISA,30
LOURDES PATRICIA,30
LUZ MERCEDES,30
MA GRACIELA,30
MARIA ASCENCION,30
MARIA DOLORE,30
MARIA LORENZA,30
MARIA MARINA,30
MARTHA CAROLINA,30
NANCY ARACELI,30
NORA LUZ,30
PATRICIA ARACELI,30
ROCELIA,30
ROCIO ADRIANA,30
ROSA EMILIA,30
ROSA IRIS,30
SELENE GUADALUPE,30
SEVERIANA,30
SOILA,30
SONIA LETICIA,30
XOCHIL,30
YADIRA ELIZABETH,30
YAMILET,30
YANELY,30
YARA,30
YAZMIN GUADALUPE,30
ALMA TERESA,29
ANA LIZBETH,29
ANA MIRIAM,29
ANAIS,29
ARACELI DEL CARMEN,29
BONIFACIA,29
CLARA ISABEL,29
CLAUDIA ESTHER,29
DOLORES DEL CARMEN,29
ERIKA YAZMIN,29
ESTHER GUADALUPE,29
EVA GUADALUPE,29
FERMINA,29
GABRIELA DE JESUS,29
GRISSEL,29
ILSE,29
IRMA GRACIELA,29
ITANDEHUI,29
JERONIMA,29
JOHANA,29
KARINA ISABEL,29
KARLA DANIELA,29
KARLA SELENE,29
KEILA,29
LAURA IVONNE,29
LAURA JUDITH,29
LAURA NELLY,29
LISSETTE,29
LUCY,29
LUZ DEL CARME,29
LUZ IRENE,29
MA IRMA,29
MA LEONOR,29
MA VERONICA,29
MA VIRGINIA,29
MA. VERONICA,29
MARIA AURELIA,29
MARIA CONCEP,29
MARIA DEL PI,29
MARIA DOLOR,29
MARIA EDUVIGES,29
MARIA ELODIA,29
MARIA EULALIA,29
MARIA LUCERO,29
MARIA PAULINA,29
MARLENY,29
MARYBEL,29
MASSIEL,29
MAYANIN,29
MAYRA LILIANA,29
MELANIA,29
MIRIAM EDITH,29
NORA LETICIA,29
NORMA OLIVIA,29
OCTAVIA,29
OFELIA GUADALUPE,29
SAIRA,29
SARITA,29
SILVIA VERONICA,29
TAMARA,29
TELMA,29
TERESA DE J,29
TERESA GUADALUPE,29
ALFONSINA,28
ALVA,28
ANA MARTHA,28
AUSENCIA,28
CARMELINA,28
CELIA MARIA,28
CLAUDIA YADIRA,28
DIANA BERENICE,28
DIANA CRISTINA,28
ELADIA,28
ELIA MARIA,28
ELMA,28
ELSA BEATRIZ,28
ERIKA ISABEL,28
EUFRACIA,28
FLOR ESTELA,28
GABRIELA MARIA,28
GERARDA,28
HERMENEGILDA,28
IRMA BEATRIZ,28
IRMA ESTELA,28
JEZABEL,28
JIMENA,28
JUANA EDITH,28
KARLA LETICIA,28
LEIDY,28
LILIA ARACELI,28
LORENA ISABEL,28
LORETO,28
LUCELIA,28
MA BEATRIZ,28
MA LORENA,28
MA. ARACELI,28
MA.DEL CARMEN,28
MARGARITA GUADALUPE,28
MARGARITA ISABEL,28
MARIA BARBARA,28
MARIA DE LA L,28
MARIA DOMINGA,28
MARIA ELIDA,28
MARIA FATIMA,28
MARIA FLOR,28
MARIA GUA,28
MARIA L,28
MARIA MAGDA,28
MARIA OLIVA,28
MARIA SELENE,28
MARIA TERE,28
MIRTA,28
MONICA CECILIA,28
NINIVE,28
NORMA HILDA,28
OSVELIA,28
RACHEL,28
ROCIO MARGARITA,28
ROSA ALBA,28
ROSA AMALIA,28
ROSA ANGELA,28
ROSA VIRGINIA,28
ROSIBEL,28
SARA ELIZABETH,28
SUSANA ALEJANDRA,28
TANIA GUADALUPE,28
VANIA,28
VENTURA,28
VERONICA MARIA,28
XIOMARA,28
YARED,28
YARELY,28
YECENIA,28
YURIANA,28
ZORAYA,28
AIDA GUADALUPE,27
ALBA NYDIA,27
ALMA ISABEL,27
ALMA YOLANDA,27
ASCENCION,27
BERONICA,27
BLANCA ELIA,27
BRENDA ISABEL,27
CARMEN LORENA,27
CARMITA,27
CINTIA,27
CLAUDIA IBETH,27
CLAUDIA JUDITH,27
DEBORA,27
DEL CARMEN,27
DIANA ANGELICA,27
DIANA BEATRIZ,27
DIANA CECILIA,27
DORA LILIA,27
EDIT,27
EDUWIGIS,27
ELIA MARGARITA,27
ELIANA,27
ERIKA ADRIANA,27
ERIKA MARGARITA,27
FEBE,27
FLOR ELENA,27
GABRIELA MARGARITA,27
JESSICA MARIA,27
KARINA LIZETH,27
KARLA ISABEL,27
LAURA BERENICE,27
LAURA TERESA,27
LAURENCIA,27
LIZETH GUADALUPE,27
LUBIA,27
MA EDITH,27
MA. ESPERANZA,27
MARGARITA DE JESUS,27
MARI CARMEN,27
MARIA CONSEPCION,27
MARIA DEL SOL,27
MARIA GRICELDA,27
MARIA LOUR,27
MARTHA IVONNE,27
MAYRA VERONICA,27
MERARI,27
MONICA MARIA,27
NANCY KARINA,27
NOHELIA,27
PERLA CECILIA,27
RITA GUADALUPE,27
ROSA ANA,27
ROSA MARINA,27
SANJUANITA,27
SILVIA EDITH,27
SILVIA GABRIELA,27
TAIDE,27
ADORACION,26
ALBA NIDIA,26
ALMA ISELA,26
ALMA OLIVIA,26
BERTHA LILIA,26
CARMEN ANGELICA,26
CENOBIA,26
CIPRIANA,26
CRISTIAN,26
DELIA MARGARITA,26
DIOCELINA,26
DORA NELLY,26
DULCE GUADALUPE,26
ELSA EDITH,26
ELSA LETICIA,26
ERIKA JAZMIN,26
EUFROCINA,26
FELIPA DE JESUS,26
FIDENCIA,26
GRISELDA GUADALUPE,26
GUADALUPE ADRIANA,26
JESSICA GUADALUPE,26
LAURA CAROLINA,26
LAURA INES,26
LEOBARDA,26
LILIANA MARGARITA,26
LORENA MARGARITA,26
LUZ ALEJANDRA,26
LUZ CARMEN,26
M GUADALUPE,26
MA AMPARO,26
MA CATALINA,26
MA EVA,26
MA OFELIA,26
MA. DE LA PAZ,26
MA. GLORIA,26
MA. IMELDA,26
MARIA AIDE,26
MARIA ANITA,26
MARIA CARM,26
MARIA DEL ROSARI,26
MARIA LUIS,26
MARIA SANJUANA,26
MARILYN,26
MARLENNE,26
MARTHA ORALIA,26
MARTHA SOLEDAD,26
MARVELLA,26
MIRNA ELIZABETH,26
MONICA ARACELI,26
PASTORA,26
PATRICIA LORENA,26
PERFECTA,26
ROSA DE LIMA,26
ROSA EUGENIA,26
ROSA GABRIELA,26
SANDRA JUDITH,26
SANDRA LUCIA,26
SILVIA ALICIA,26
SILVIA ISABEL,26
SOCORRO DEL CARMEN,26
SONIA MARGARITA,26
SUSANA PATRICIA,26
TALIA,26
TEREZA,26
YOANA,26
ADRIANA GABRIELA,25
ALEJANDRA ISABEL,25
ANA ELIA,25
ANA SOFIA,25
ANATOLIA,25
AUDELIA,25
BERTHA ISABEL,25
BERTHA MARGARITA,25
BLANCA GABRIELA,25
BONFILIA,25
CELESTE,25
CINTHYA GUADALUPE,25
CLAUDIA IRENE,25
CLAUDIA LIZBETH,25
CLAUDIA MARISOL,25
DAYSI,25
DIANA LUZ,25
DIANA VERONICA,25
DOLORES GUADALUPE,25
ELIAZAR,25
ELIZABETH DEL CARMEN,25
ERENDIDA,25
EVODIA,25
FLOR GUADALUPE,25
FLORIDA,25
GLORIA BEATRIZ,25
IDALID,25
IRMA IDALIA,25
IRMA VERONICA,25
JEANNETTE,25
JESSICA ALEJANDRA,25
JOANA,25
JUANA FRANCISCA,25
JUANA MA.,25
KARLA EDITH,25
LESLY,25
LIZZETH,25
MA ELISA,25
MA GUADALUP,25
MA. IRMA,25
MACLOVIA,25
MAGALLY,25
MARIA ADELINA,25
MARIA DEL PIL,25
MARIA DEL ROBLE,25
MARIA DEL SOCO,25
MARIA ELIZABET,25
MARIA KARINA,25
MARIA LIZBETH,25
MARIA LORETO,25
MARIA PIEDAD,25
MARIA ROSALINDA,25
MARTHA GLORIA,25
MARTHA PATRICI,25
MAYRA KARINA,25
MELVA,25
MONICA EDITH,25
NANCY FABIOLA,25
NELI,25
NORA MARIA,25
NORMA ELISA,25
PRUDENCIA,25
RAYMUNDA,25
SILVIA BEATRIZ,25
SIXTA,25
SOFIA GUADALUPE,25
SONIA MARIA,25
TANIA ELIZABETH,25
TEODULA,25
TERESA DEL CARMEN,25
VICTORIANA,25
VIRGINIA DEL CARMEN,25
XOCHIQUETZAL,25
YESENIA GUADALUPE,25
ADA LUZ,24
ADRIANA CAROLINA,24
ALEJANDRA MARGARITA,24
ALICIA MARIA,24
ALMA AURORA,24
ALMA LILIANA,24
BEATRIZ ELIZABETH,24
BLANCA IMELDA,24
BLANCA VERONICA,24
BRENDA LETICIA,24
CARMEN ELENA,24
CECILIA ELIZABETH,24
CLAUDINA,24
DALIA GUADALUPE,24
DENIS,24
DORA HILDA,24
DORA ISABEL,24
DORA ISELA,24
DULCE ROSARIO,24
EMMA ROSA,24
ERIKA LETICIA,24
ERIKA YADIRA,24
EVA ALICIA,24
FRIDA,24
GINA,24
GLENDA,24
GUADALUPE DEL ROCIO,24
ICELA,24
JUANA ELENA,24
JUDITH ALEJANDRA,24
JUDITH ELIZABETH,24
JUSTA,24
KARLA JANETH,24
KARLA LORENA,24
LAURA ESTHELA,24
LAURA LILIANA,24
LEOPOLDINA,24
LIDIA DEL CARMEN,24
LIGIA BEATRIZ,24
LUZ ALICIA,24
LUZ EDITH,24
MA IMELDA,24
MA LUCIA,24
MA RAQUEL,24
MA. REFUGIO,24
MA. TERESA DE JESUS,24
MA. VIRGINIA,24
MARIA CLEMENTINA,24
MARIA CONCEPCI,24
MARIA DEL PILA,24
MARIA DEL SOCORR,24
MARIA GPE,24
MARIA MERCED,24
MARTHA CONCEPCION,24
MARTHA ERIKA,24
MARTHA GEORGINA,24
MARTHA NELLY,24
MAXIMA,24
MAYELI,24
MYRNA GUADALUPE,24
NELLY DEL CARMEN,24
NOEMI GUADALUPE,24
PATRICIA ADRIANA,24
PATRICIA ELENA,24
PERLA KARINA,24
REYNA DEL CARMEN,24
ROMINA,24
ROSA ARACELI,24
ROSA BEATRIZ,24
SANDRA LILIA,24
SANDRA RUTH,24
SILVIA ADRIANA,24
STEPHANIE,24
YURITZI,24
ADRIANA ALEJANDRA,23
ALEJANDRA GABRIELA,23
ANA AURORA,23
ANA IRIS,23
ANA ISELA,23
ANA VELIA,23
ANGELICA LETICIA,23
ARCADIA,23
ARISBETH,23
ARIZBETH,23
ARLET,23
AURA,23
BEDA,23
BERTHA ELIZABETH,23
BRENDA KARINA,23
BRENDA LILIANA,23
CLAUDIA OLIVIA,23
CLEOFAS,23
CRISTINA ISABEL,23
CYNTHIA ALEJANDRA,23
DIANA LILIA,23
DULCE,23
DULCE ROCIO,23
EDNA GUADALUPE,23
EDNA PATRICIA,23
ELVIA MARGARITA,23
ELVIA MARIA,23
EMPERATRIZ,23
ETHEL,23
FABIOLA ELIZABETH,23
GABRIELA ISABEL,23
GLADIOLA,23
GLADYS DEL CARMEN,23
GUADALUPE ALEJANDRA,23
IRMA GLORIA,23
ISABEL MARIA,23
JAEL,23
JOSEFINA DEL CARMEN,23
JUANA DEL CARMEN,23
LAURA DELIA,23
LAURA ELVIRA,23
LAURA IMELDA,23
LAURA LUZ,23
LEONORILDA,23
LIDIA ESTHER,23
LILIA ANGELICA,23
LISBET,23
LORENIA,23
LUZ ELVIRA,23
MA AZUCENA,23
MA FELICITAS,23
MA GPE,23
MA GUADALU,23
MA SUSANA,23
MA. CECILIA,23
MA. MARTHA,23
MA. SUSANA,23
MARIA ANABEL,23
MARIA CAR,23
MARIA CONCEPC,23
MARIA CRISTI,23
MARIA DANIELA,23
MARIA DE LAS NIEVES,23
MARIA DEL SO,23
MARIA DEL SOCOR,23
MARIA ENCARNACION,23
MARIA JULIANA,23
MARTHA A,23
MARTHA HILDA,23
MARTHA IRIS,23
MAYRA ANGELICA,23
MAYRA YADIRA,23
MILCA,23
MIRIAM ALEJANDRA,23
MIRTHALA,23
NAYELI GUADALUPE,23
NORMA ANGELIC,23
NORMA CRISTINA,23
NORMA JUDITH,23
NORMA TERESA,23
PAOLA ALEJANDRA,23
PATRICIA ISABEL,23
PERLA PATRICIA,23
RUTILA,23
SAN JUANITA,23
SANDRA CAROLINA,23
SANDRA ERIKA,23
SANDRA IVETTE,23
SANDRA MIREYA,23
SILVIA IRENE,23
SUSANA MARGARITA,23
TERESA DE JES,23
TERESITA JESUS,23
VERONICA ROCIO,23
YURIDIANA,23
ZULLY,23
ALBA ROSA,22
ALFONSA,22
ALMA MIREYA,22
ALMA NELLY,22
ANA ELISA,22
ANA LINE,22
ANALILIA,22
ANALY,22
ANGELICA DEL CARMEN,22
ARLENE,22
ASUCENA,22
BEATRIS,22
BETZABETH,22
BLANCA LAURA,22
BLANCA RUTH,22
BRENDA ALEJANDRA,22
CLAUDIA JANET,22
CLAUDIA MARIBEL,22
CRISELDA,22
CRYSTAL,22
DANIA,22
DANIRA,22
DIANA ARACELI,22
EDILBERTA,22
EIRA,22
ELSY GUADALUPE,22
ELVIA PATRICIA,22
ENMA,22
ERIKA JANETH,22
ERIKA JUDITH,22
EUGENIA GUADALUPE,22
FABIOLA ALEJANDRA,22
FATIMA DEL CARMEN,22
FLOR ALICIA,22
FULVIA,22
GLORIA ARACELI,22
GLORIA VERONICA,22
GUADALUPE MARIA,22
GUILLERMIN,22
JANNETH,22
JUANA ALEJANDRA,22
JUANA ESTELA,22
JUANA TERESA,22
JUDITH DEL CARMEN,22
JULIA ELENA,22
KARLA MARGARITA,22
LAURA FABIOLA,22
LAURA YADIRA,22
LAZARA,22
LUCIA ISABEL,22
LUZ MIREYA,22
MA CECILIA,22
MA SANTOS,22
MA. GABRIELA,22
MA. LUCIA,22
MA. ROSA,22
MARIA A,22
MARIA ALBA,22
MARIA ALEJANDR,22
MARIA ANGE,22
MARIA C,22
MARIA CARME,22
MARIA DE FATIMA,22
MARIA DE LOS SANTOS,22
MARIA DIANA,22
MARIA ELDA,22
MARIA ELE,22
MARIA HERLINDA,22
MARIA JOVITA,22
MARIA ROSALVA,22
MARTHA ALICI,22
MARTHA E,22
MARTHA IDALIA,22
MARTHA MAGDALENA,22
MAYRA ELENA,22
MERCEDES DEL CARMEN,22
MIREYA GUADALUPE,22
MONICA ADRIANA,22
NANCY YADIRA,22
NORA ELENA,22
NORA ISABEL,22
NORMA AURORA,22
ODILA,22
OLGA BEATRIZ,22
PRISCA,22
RITA ELENA,22
SANDRA ROCIO,22
SANJUANA GUADALUPE,22
SARA ALICIA,22
SARA LUZ,22
SILVIA EUGENIA,22
SONIA ANGELICA,22
SUSANA GABRIELA,22
TANYA,22
TERESA DE JESU,22
TILA DEL CARMEN,22
VICTORIA EUGENIA,22
WENDY ELIZABETH,22
XITLALI,22
YOLANDA MARGARITA,22
YOSELIN,22
ZOBEIDA,22
ZORAYDA,22
ADALI,21
AIDA MARIA,21
ALBA MARIA,21
ALMA GEORGINA,21
ALMA IDALIA,21
AMALIA GUADALUPE,21
ANA JULIETA,21
ANAYELY,21
ANGELICA MARI,21
AREMI,21
BEATRIZ ANGELICA,21
BLANCA ESMERALDA,21
BLANCA EUGENIA,21
BLANCA SILVIA,21
BRENDA ESMERALDA,21
BRENDA VERONICA,21
BRICEIDA,21
CLAUDIA ESMERALDA,21
CLAUDIA LUCIA,21
CYNTIA,21
DALIA MARIA,21
DELMA,21
DIANA MARISOL,21
DIGNA,21
DORA GUADALUPE,21
ELDA PATRICIA,21
ELFEGA,21
ELSA VERONICA,21
ELVA ALICIA,21
EVA LETICIA,21
GRACIELA GUADALUPE,21
GRICEL,21
HERENDIRA,21
IRAZEMA,21
IRIS DEL CARMEN,21
IRMA EDITH,21
IRMA ROSA,21
IRMA SUSANA,21
JOCABED,21
JOSEFA DEL CARMEN,21
JUANA VERONICA,21
JULIA MARIA,21
JULIA PATRICIA,21
KARLA DENISSE,21
KARLA YAZMIN,21
LAURA JOSEFINA,21
LAURA LIDIA,21
LEOCADIA,21
LILIA ESTHER,21
LOYDA,21
LUZ VIRGINIA,21
MA LAURA,21
MA REMEDIOS,21
MA. BEATRIZ,21
MA. EDITH,21
MA. ELISA,21
MA. EVA,21
MA. IRENE,21
MA. LEONOR,21
MA. OLGA,21
MA. RAQUEL,21
MARCELA DEL CARMEN,21
MARGARITA ELIZABETH,21
MARIA ADELAIDA,21
MARIA ALBERTA,21
MARIA ALTAGRACIA,21
MARIA DE LA LU,21
MARIA DEL ROSIO,21
MARIA EDUWIGES,21
MARIA GISELA,21
MARIA MONTSERRAT,21
MARIA SANTA,21
MARIA TEODORA,21
MARIA VIANEY,21
MARLENI,21
MARTHA IRMA,21
MARTHA JUDITH,21
MARTHA YADIRA,21
MIRIAM PATRICIA,21
MONICA LILIANA,21
MYRNA ELIZABETH,21
NICTE HA,21
NORMA MARGARITA,21
NURY,21
ONEIDA,21
PATRICIA DEL ROSARIO,21
PRISCILLA,21
REINALDA,21
RITA ISABEL,21
ROCIO ISABEL,21
ROSA OFELIA,21
ROSA SILVIA,21
ROSANGELA,21
SARA EDITH,21
SARA ISABEL,21
SARA LETICIA,21
SEVERA,21
SILVIA TERESA,21
SUSANA DEL CARMEN,21
TERESA DE JE,21
TERESITA DEL CARMEN,21
VERONICA GABRIELA,21
YAMILETH,21
ADRIANA CECILIA,20
ALFREDA,20
ANA ANGELICA,20
ANA MARIA GUADALUPE,20
ANA ROCIO,20
AURORA DEL CARMEN,20
AZUCENA DEL CARMEN,20
BENEDICTA,20
BLANCA ROCIO,20
BRENDA FABIOLA,20
BRENDA YADIRA,20
CANDELARIA DEL CARMEN,20
CARMEN ALEJANDRA,20
CARMEN GABRIELA,20
CAYETANA,20
CLAUDIA AZUCENA,20
CLAUDIA ELVIRA,20
CLAUDIA MONICA,20
COINTA,20
CONSTANCIA,20
CRUCITA,20
CRUZ DEL CARMEN,20
CYNTHIA ELIZABETH,20
DELIA MARIA,20
DIANA ESMERALDA,20
DIANA ROCIO,20
DORA ELIZABETH,20
DULCE MARGARITA,20
EDILMA,20
ELSY MARIA,20
EMMA LETICIA,20
ERIKA BEATRIZ,20
ERIKA IVONNE,20
FLOR ESTHELA,20
FLORIDALMA,20
GUADALUP,20
GUADALUPE CRISTINA,20
GUADALUPE GABRIELA,20
GUADALUPE YOLANDA,20
IRMA LAURA,20
ISELA GUADALUPE,20
JEANETT,20
JENIFER,20
JESSICA JAZMIN,20
JUANA ESTHER,20
JULIA ELIZABETH,20
KARLA ADRIANA,20
LAURA MARCELA,20
LAURA YOLANDA,20
LETICIA MARIA,20
LIGIA GUADALUPE,20
LISSET,20
LIZBETH ADRIANA,20
LORENA BEATRIZ,20
LOURDES MARGARITA,20
LUCIA ELENA,20
LUZ AIDA,20
LUZ CRISTINA,20
MA DEL ROSAR,20
MA. LAURA,20
MARBELIA,20
MARIA ANTO,20
MARIA CONCEPCIO,20
MARIA GORETTI,20
MARIA IVONNE,20
MARIA MARTA,20
MARIA MIRNA,20
MARIA ROSAURA,20
MARIA VICENTA,20
MARIA YSABEL,20
MARLYN,20
MARTHA ELE,20
MARTHA EVELIA,20
MARTHA JULIA,20
MARTHA PAT,20
MARTHA RAQUEL,20
MARTHA VIRGINIA,20
MIRIAM DEL ROCIO,20
MIRIAM GABRIELA,20
MIRNA DEL CARMEN,20
MIRNA LUZ,20
MONICA BEATRIZ,20
NANCY ADRIANA,20
NANCY LETICIA,20
NANCY MARGARITA,20
NANCY MARIA,20
NANCY PAOLA,20
NORA ISELA,20
NORMA A,20
OLIVIA GUADALUPE,20
PATRICIA GABRIELA,20
PENELOPE,20
PERLA ELIZABETH,20
REYNA LETICIA,20
ROCIO ESMERALDA,20
ROSA AIDE,20
ROSARIO ELIZABETH,20
RUBY,20
RUPERTA,20
SANDRA BERENICE,20
SANDRA LIZETH,20
SILVANA,20
SILVIA CAROLINA,20
SOFIA IRENE,20
SULEMA,20
TANIA LIBERTAD,20
UBALDA,20
VANESSA GUADALUPE,20
VENANCIA,20
VENERANDA,20
VICTORIA GUADALUPE,20
VIRGEN,20
YANETT,20
YARET,20
YENNI,20
YERANIA,20
YOLANDA ISABEL,20
ALEJANDRA MARIA,19
ALFA,19
ALMA CAROLINA,19
ALMA MARGARITA,19
ALMA YESENIA,19
ANA ALEJANDRA,19
ANA DOLORES,19
ANA ELVIRA,19
ANA LIZETH,19
ANA LYDIA,19
ANA YOLANDA,19
ANTOLINA,19
ARELIA,19
ARGENTINA,19
ARIADNE,19
BETTY,19
BIANEY,19
BLANCA ADRIANA,19
BLANCA JUDITH,19
BLANCA MARIBEL,19
BRENDA MARGARITA,19
CAMILA,19
CELEDONIA,19
CELIA DEL CARMEN,19
CINTYA,19
CLARA GUADALUPE,19
CLAUDIA IVET,19
CLAUDIA PAOLA,19
CRISTELA,19
DAFNE,19
DANELIA,19
DELLANIRA,19
DENIA,19
DENNIS,19
DIANA FABIOLA,19
DOLORES PATRICIA,19
DULCE PATRICIA,19
EDAENA,19
EDITH MARGARITA,19
ELIZABETH CRISTINA,19
ELSY NOEMI,19
ELVIRA GUADALUPE,19
EMERITA,19
ERIKA DEL ROCIO,19
ERIKA EDITH,19
ERIKA LORENA,19
EUDOXIA,19
FLOR IDALIA,19
FLOR ISELA,19
FLORA MARIA,19
GARDENIA,19
GUADALUPE MARGARITA,19
GUADALUPE VICTORIA,19
HELEN,19
IMELDA GUADALUPE,19
IRMA CECILIA,19
IRMA IRENE,19
JENY,19
JESSICA LIZETH,19
JUANA ADRIANA,19
KAREN ELIZABETH,19
LAURA MONICA,19
LETICIA ALEJANDRA,19
LETICIA ELIZABETH,19
LIDIA ELIZABETH,19
LIGIA MARIA,19
LILIA ADRIANA,19
LILIANA PATRICIA,19
LORENA DEL ROCIO,19
LUZ ALBA,19
LUZ ARELI,19
LUZ DEL CARM,19
LUZ DIVINA,19
LUZ MA.,19
M. GUADALUPE,19
MA AUXILIO,19
MA DE LA CRUZ,19
MA ENRIQUETA,19
MA GUILLERMINA,19
MA MARTINA,19
MA PILAR,19
MA. ROCIO,19
MARGARITA LETICIA,19
MARIA ABIGAIL,19
MARIA ARACELY,19
MARIA DEL MAR,19
MARIA EUFEMIA,19
MARIA EUSTOLIA,19
MARIA FELIPA,19
MARIA HAYDEE,19
MARIA ISAURA,19
MARIA LO,19
MARIA NOHEMI,19
MARIA YAZMIN,19
MARICELA DEL CARMEN,19
MARTHA DOLORES,19
MARTHA GRISELDA,19
MARTHA VICTORIA,19
MAYRA ARACELI,19
MAYRA BEATRIZ,19
MAYRA CECILIA,19
MONICA YAZMIN,19
MORAYMA,19
NANCY ANGELICA,19
NELLY GUADALUPE,19
NORMA ANGEL,19
NORMA SILVIA,19
OLGA ELIZABETH,19
ONELIA,19
PALOMA GUADALUPE,19
PATRICIA DEL SOCORRO,19
PERLA ROCIO,19
RAMONA GUADALUPE,19
REINA ISABEL,19
RITA PATRICIA,19
ROCIO EDITH,19
ROSA NELY,19
ROSALBA GUADALUPE,19
ROXANA GUADALUPE,19
SANDRA PAOLA,19
SANTOS,19
SARA ANGELICA,19
SHARON,19
SHIRLEY,19
SILVIA CRISTINA,19
SOBEIDA,19
SUSANA MARIA,19
TALINA,19
URBANA,19
VENUS,19
VERONICA ARACELI,19
XOCHITL PATRICIA,19
YADIRA ALEJANDRA,19
YAHAIRA,19
YOLANDA BEATRIZ,19
YSABEL,19
ZAYRA,19
ADALBERTA,18
ADRIANA DE JESUS,18
ADRIANA EDITH,18
AIME,18
ALDEGUNDA,18
ANA BELLA,18
ANA MERCEDES,18
ANGELICA ISABEL,18
ARLEN,18
ARLETH,18
BELLANIRA,18
BENILDE,18
BLANCA ALEJANDRA,18
BLANCA ERIKA,18
BLANCA ESTE,18
BRENDA LIZBETH,18
BRISEYDA,18
CARLA MARIA,18
CARMEN DELIA,18
CARMEN SILVIA,18
CELIA MARGARITA,18
CESILIA,18
CLAUDIA CONCEPCION,18
CLAUDIA JOSEFINA,18
CLAUDIA RAQUEL,18
CLAUDIA YAZMIN,18
CLEOPATRA,18
DALIA MARGARITA,18
DE LOURDES,18
DELIA GUADALUPE,18
DIANA LUCIA,18
DORA MARGARITA,18
EDNA EDITH,18
EDNA MARIA,18
ELDA GUADALUPE,18
ELENA MARGARITA,18
ELIGIA,18
ELIUD,18
ELSA ALEJANDRA,18
ELVIA ELENA,18
EMETERIA,18
EPIGMENIA,18
ERIKA CECILIA,18
ERIKA JANET,18
ERIKA LIZETH,18
ESPERANZA GUADALUPE,18
EVA ANGELINA,18
EVA ELIZABETH,18
GABRIELA ADRIANA,18
GERALDINE,18
GIOVANNA,18
GUADALUPE ANGELICA,18
GUADALUPE DEL PILAR,18
GUADALUPE IRENE,18
GUISELA,18
HILDA ELISA,18
IRMA DOLORES,18
ITZEL GUADALUPE,18
JESUS MARIA,18
JUANA CECILIA,18
JUANA IMELDA,18
JUANA YOLANDA,18
KARINA IVONNE,18
KARLA ELENA,18
KATYA,18
LAURA GRACIELA,18
LAURA LIZETH,18
LAURA MIREYA,18
LEONOR HILDA,18
LILIANA GABRIELA,18
LIZETT,18
LOURDES ADRIANA,18
LOURDES BEATRIZ,18
LUISA GUADALUPE,18
LUZ AMELIA,18
MA ADRIANA,18
MA AURORA,18
MA DE LOS A,18
MA DEL CARME,18
MA ELVIRA,18
MA HORTENCIA,18
MA REYNA,18
MA TERESA DE JESUS,18
MA. ENRIQUETA,18
MA. FRANCISCA,18
MA. OFELIA,18
MARGARIT,18
MARGARITA ROSA,18
MARIA ANGEL,18
MARIA ANGELI,18
MARIA AUXILIADORA,18
MARIA BENITA,18
MARIA CARMINA,18
MARIA DEL P,18
MARIA ELEAZAR,18
MARIA ESTRELLA,18
MARIA HERMILA,18
MARIA HERMINIA,18
MARIA OTILIA,18
MARIA REINA,18
MARIA SALUD,18
MARIELA GUADALUPE,18
MARILUZ,18
MARINA GUADALUPE,18
MARITZA GUADALUPE,18
MARTHA L,18
MARTHA P,18
MAYDA,18
MAYRA ALICIA,18
MIRNA LORENA,18
MIRTHA,18
MONICA BERENICE,18
MONICA JUDITH,18
MORAIMA,18
NANCY ALEJANDRA,18
NANCY LORENA,18
NATIVIDAD DEL CARMEN,18
NIDIA GUADALUPE,18
NORA GABRIELA,18
NORMA ELIA,18
NORMA EUGENIA,18
NORMA GRACIELA,18
NORMA ROCIO,18
NORMA YADIRA,18
OLGA CECILIA,18
PAOLA BERENICE,18
PATRICIA ANGELICA,18
PATRICIA BEATRIZ,18
PERLA JUDITH,18
ROSA ARMIDA,18
ROSA CRISTINA,18
ROSA VERONICA,18
RUBI DEL CARMEN,18
RUTILIA,18
SANDRA ISELA,18
SANDRA LIZBETH,18
SANDRA PAULINA,18
SILVIA KARINA,18
SILVIA ROSA,18
SINAI,18
SIRENIA,18
TABITA,18
TERESA DE,18
THANIA,18
VERONICA ADRIANA,18
VERONICA DEL ROCIO,18
VIRIDIANA GUADALUPE,18
XOCHITL ADRIANA,18
YEDID,18
YESIKA,18
AGAPITA,17
AIDA ARACELY,17
AIDA MARGARITA,17
ALMA ADRIANA,17
ALMA DELFINA,17
ALMA ESTHER,17
ALMA FABIOLA,17
ALMA IRENE,17
ANA ESPERANZA,17
ANA VIRGINIA,17
ANABELLE,17
ANAHY,17
ANDREA MARGARITA,17
ARCENIA,17
BETZAIDA,17
BIANCA,17
BLANCA ANDREA,17
BLANCA BEATRIZ,17
BLANCA E,17
BLANCA INES,17
BLANCA IVONNE,17
BLASA,17
BRENDA ROCIO,17
BUENAVENTURA,17
CARLA GUADALUPE,17
CARMEN DEL ROSARIO,17
CARMEN LUCIA,17
CENORINA,17
CINTHIA GUADALUPE,17
CLAUDIA EUGENIA,17
CLAUDIA JAZMIN,17
CLAUDIA LILIA,17
CLAUDIA LUZ,17
CONCEPCION DEL CARMEN,17
DIANA LIZBETH,17
DIANA MARIBEL,17
DULCE MARI,17
ELIA GUADALUPE,17
ELISA GUADALUPE,17
ELIZA,17
ELSA DEL CARMEN,17
ELSA LORENA,17
ERIKA SELENE,17
GISELLE,17
GLADYS GUADALUPE,17
GLORIA EUGENIA,17
GLORIA JOSEFINA,17
GRACIA,17
GUADALUPE FABIOLA,17
HILDA ALICIA,17
HILDEBERTA,17
IRIS GUADALUPE,17
IRMA MARGARITA,17
IRMA ROCIO,17
ISABELA,17
JAZMIN GUADALUPE,17
JUANA DE LA CRUZ,17
JULIA ALEJANDRA,17
KAREN LIZETH,17
KARLA LIZBETH,17
LAURA ANTONIA,17
LAURA NOEMI,17
LAURA OFELIA,17
LIDIA PATRICIA,17
LILIA DEL SOCORRO,17
LILIANA BERENICE,17
LORENA EDITH,17
LOURDES ANGELICA,17
LOURDES MARIA,17
LUCERITO,17
LUCIA MARGARITA,17
LUZ EVELIA,17
MA ELIA,17
MA ESTHELA,17
MA OLIVIA,17
MA. AMPARO,17
MA. AUXILIO,17
MA. GRACIELA,17
MAGDA GUADALUPE,17
MARIA AN,17
MARIA ANGELIC,17
MARIA BERNARDA,17
MARIA CARLOTA,17
MARIA DALIA,17
MARIA FLORA,17
MARIA FLORENCIA,17
MARIA GEMA,17
MARIA GU,17
MARIA LOURD,17
MARIA LOURDE,17
MARIA LUCRECIA,17
MARIBEL DEL CARMEN,17
MARIBELL,17
MARTHA ANTONIA,17
MARTHA AZUCENA,17
MARTHA CLAUDIA,17
MARTHA PATR,17
MAYRA DEL CARMEN,17
MAYRA FABIOLA,17
MAYRA ROCIO,17
MIRIAM ARACELI,17
MIRIAM JUDITH,17
MIRIAM LIZBETH,17
MIRNA ANGELICA,17
MONICA MARGARITA,17
NADIA ELIZABETH,17
NADIA GUADALUPE,17
NANCY BERENICE,17
NANCY CAROLINA,17
NATHALIE,17
NATHALY,17
NORMA ANGELI,17
NORMA ESPERANZA,17
NORMA MARIA,17
OLGA YOLANDA,17
PATRICIA DE JESUS,17
PERLA DEL ROCIO,17
PERLA RUBI,17
PERLA YADIRA,17
REINA GUADALUPE,17
REYES,17
ROSA ELISA,17
ROSA ILIANA,17
ROSA LINA,17
ROSA MAR,17
SAIDA,17
SANDRA CRISTINA,17
SANDRA DEL CARMEN,17
SANDRA ESTHER,17
SANDRA MARIBEL,17
SANDRA MONICA,17
SARA ELIA,17
SILVIA IVONNE,17
SILVIA JUDITH,17
SILVIA NOEMI,17
SONIA ARACELI,17
SONIA LORENA,17
SUSANA ARACELI,17
