JOSE LUIS,7028
MIGUEL ANGEL,5137
FRANCISCO,4853
JUAN,4655
JESUS,4198
ALEJANDRO,4042
ANTONIO,3961
JORGE,3847
PEDRO,3830
CARLOS,3765
ROBERTO,3749
JUAN CARLOS,3601
JAVIER,3582
JOSE,3563
FERNANDO,3414
FRANCISCO JAVIER,3223
ARTURO,3130
MANUEL,3126
RAUL,3107
RICARDO,2991
RAFAEL,2982
MARTIN,2920
MARCO ANTONIO,2909
MIGUEL,2758
SERGIO,2704
ARMANDO,2650
EDUARDO,2643
JOSE ANTONIO,2603
GERARDO,2532
ENRIQUE,2528
VICTOR MANUEL,2521
ALFREDO,2500
JUAN MANUEL,2500
MARIO,2497
ALBERTO,2401
DANIEL,2319
OSCAR,2307
JAIME,2306
DAVID,2276
RUBEN,2253
SALVADOR,2224
JULIO CESAR,2204
HECTOR,2200
JOSE MANUEL,2005
GUILLERMO,1968
LUIS,1954
GABRIEL,1658
ANGEL,1643
GUSTAVO,1614
FELIPE,1580
RAMON,1577
CESAR,1559
GILBERTO,1534
VICTOR,1527
JUAN JOSE,1496
ALFONSO,1495
ERNESTO,1470
ANDRES,1464
ROGELIO,1457
RODOLFO,1442
PABLO,1434
EDGAR,1426
IGNACIO,1408
HUMBERTO,1359
AGUSTIN,1299
JOSE DE JESUS,1294
OMAR,1275
JUAN ANTONIO,1260
JOSE ALFREDO,1251
JORGE LUIS,1237
JOEL,1222
VICENTE,1215
LUIS ALBERTO,1206
CARLOS ALBERTO,1189
ISRAEL,1187
VICTOR HUGO,1179
JOSE GUADALUPE,1174
ISMAEL,1124
TOMAS,1109
HUGO,1050
SAUL,1049
ADRIAN,1040
JORGE ALBERTO,1013
MOISES,996
JOSE ANGEL,981
SANTIAGO,959
ABEL,958
RENE,953
SAMUEL,951
MARIO ALBERTO,927
NOE,885
RAMIRO,882
RIGOBERTO,878
GREGORIO,871
EFRAIN,861
NICOLAS,856
ESTEBAN,847
JOSE FRANCISCO,824
BENJAMIN,811
JOSE ALBERTO,811
ALVARO,809
RAYMUNDO,803
JOSE JUAN,789
RODRIGO,787
OCTAVIO,783
IVAN,768
LUIS ENRIQUE,761
GONZALO,741
ADOLFO,731
MARCOS,729
LORENZO,722
FELIX,721
JULIO,718
FIDEL,712
LEONARDO,710
FELIPE DE JESUS,707
ISIDRO,696
JOAQUIN,684
BENITO,678
GERMAN,669
HERIBERTO,668
JUAN FRANCISCO,665
ABRAHAM,649
EMILIO,611
JULIAN,606
LUIS ANTONIO,597
BERNARDO,587
MAURICIO,587
ADAN,586
AURELIO,574
MARCELINO,569
GENARO,566
MARGARITO,566
FEDERICO,565
LUIS FERNANDO,565
J JESUS,553
JUAN PABLO,550
LEONEL,541
ELIAS,540
DOMINGO,538
GUADALUPE,532
LUIS MANUEL,527
ROLANDO,527
EFREN,526
ULISES,523
HORACIO,514
MANUEL DE JESUS,490
EMMANUEL,487
JESUS MANUEL,471
ROMAN,468
JOSE MARTIN,458
ISAIAS,444
REYNALDO,435
ORLANDO,430
FILIBERTO,427
VALENTIN,427
ELEAZAR,423
ARNULFO,419
HILARIO,418
HECTOR MANUEL,416
LEOPOLDO,414
ELISEO,405
PORFIRIO,403
JESUS ANTONIO,394
FAUSTINO,393
JOSUE,390
JOSE CARLOS,386
JUAN GABRIEL,384
SEBASTIAN,383
JOSE RAMON,382
EZEQUIEL,381
ARTEMIO,377
LAZARO,376
CUAUHTEMOC,375
ROBERTO CARLOS,375
JOSE JESUS,372
MARIANO,365
JORGE ANTONIO,364
J. JESUS,363
DIEGO,355
JOSE MARIA,355
FERMIN,354
LUCIO,350
LEOBARDO,348
ABELARDO,340
ELOY,338
ADALBERTO,334
NORBERTO,334
MAURO,333
DELFINO,331
MARCELO,331
JOSE ARTURO,330
JESUS ALBERTO,329
PASCUAL,329
MISAEL,328
EDMUNDO,326
JUAN LUIS,326
EVERARDO,324
MANUEL JESUS,322
FLORENCIO,318
ISAAC,317
JUAN DE DIOS,316
CLAUDIO,314
JOSE MIGUEL,310
ERICK,307
SALOMON,305
FABIAN,304
CRISTOBAL,303
JUAN ALBERTO,303
FLORENTINO,302
EUSEBIO,301
JOSE EDUARDO,299
AMADO,296
JOSE ALEJANDRO,295
ROSENDO,295
ERIC,294
JUAN RAMON,290
URIEL,290
FELICIANO,289
FREDY,289
J GUADALUPE,287
JORGE ARTURO,287
EUGENIO,282
HIPOLITO,282
TEODORO,279
CIRILO,278
GILDARDO,277
SANTOS,277
FAUSTO,273
LUCIANO,273
JOSE ROBERTO,269
JUVENTINO,268
LUIS ANGEL,267
HOMERO,266
JOSE ENRIQUE,261
DAGOBERTO,260
JOSE ARMANDO,258
CARLOS ENRIQUE,257
AARON,256
CLEMENTE,255
MAXIMINO,255
LUIS MIGUEL,254
JACINTO,253
DEMETRIO,252
JORGE ARMANDO,252
BALTAZAR,251
SILVESTRE,251
JERONIMO,250
OSVALDO,249
SIMON,248
CARLOS MANUEL,243
GABINO,243
LUIS FELIPE,243
ARIEL,242
MATEO,242
NESTOR,240
NOEL,237
CANDIDO,235
JONATHAN,235
J. GUADALUPE,233
BERNARDINO,232
EMILIANO,232
APOLINAR,231
OSWALDO,230
ALONSO,229
JOSE FERNANDO,223
ERASMO,221
LUIS CARLOS,220
PAULINO,220
JUSTINO,219
JOSE CRUZ,218
JUAN MARTIN,217
LUIS ARMANDO,216
RUFINO,212
ANASTACIO,210
ERIK,209
CONSTANTINO,207
JUAN JESUS,205
LUIS GERARDO,204
UBALDO,204
BERNABE,203
EDILBERTO,203
MANUEL ALEJANDRO,203
CELSO,202
GAUDENCIO,202
LUIS ALFONSO,201
ANSELMO,200
REYES,199
CECILIO,198
JORGE ALEJANDRO,196
JOSE DEL CARMEN,195
DARIO,193
ROSALIO,192
SERVANDO,191
JOSE JAVIER,190
JUAN MIGUEL,190
CELESTINO,189
SILVERIO,189
ELEUTERIO,186
JOSE RICARDO,186
EVARISTO,185
CIRO,183
ROMEO,183
SABINO,182
FIDENCIO,180
GASPAR,179
CANDELARIO,178
CARLOS ANTONIO,175
EDGARDO,175
HERNAN,174
JOSE TRINIDAD,174
VLADIMIR,174
CESAR AUGUSTO,172
JOSE RAFAEL,172
BONIFACIO,170
LUIS EDUARDO,170
BRAULIO,169
ALDO,168
JORGE ENRIQUE,168
JOSE RAUL,168
PATRICIO,168
EPIFANIO,166
JOSE IGNACIO,164
BENIGNO,163
JUAN GERARDO,163
MANUEL ANTONIO,163
CORNELIO,162
FLAVIO,162
JOSE DANIEL,162
MODESTO,161
JOSE DAVID,160
JOSE GABRIEL,160
CARLOS EDUARDO,159
JACOBO,159
JOSE HUMBERTO,159
LUIS ARTURO,159
CRESCENCIO,158
FORTINO,158
MARCIAL,158
VIRGILIO,158
BULMARO,156
JOSE GERARDO,156
NARCISO,155
SERAFIN,155
WILFRIDO,154
HERMENEGILDO,152
HERMINIO,152
JESUS ENRIQUE,152
CHRISTIAN,150
HERMILO,150
DAMIAN,149
JUAN ENRIQUE,149
MACARIO,149
MAGDALENO,149
LENIN,148
LINO,145
ARNOLDO,144
JUVENAL,143
GAMALIEL,142
HECTOR JAVIER,141
ILDEFONSO,141
HONORIO,140
HUGO ALBERTO,140
JESUS ALEJANDRO,140
NELSON,139
HECTOR HUGO,138
ISIDORO,137
LAURO,137
LUIS JAVIER,136
MAXIMO,136
NEFTALI,136
JOSE ALFONSO,135
LUIS HUMBERTO,135
TEOFILO,135
BARTOLO,134
FILEMON,134
AURELIANO,133
TRINIDAD,133
VIDAL,133
CIPRIANO,132
CRUZ,132
JOSE ISABEL,132
ELIGIO,130
ZEFERINO,130
AMADOR,128
ARISTEO,128
EMIGDIO,126
JORGE EDUARDO,126
JOSE SALVADOR,126
GERONIMO,125
SATURNINO,125
CAMILO,124
JOSE JAIME,124
LUCAS,124
LUIS FRANCISCO,124
VENANCIO,124
VICTORINO,123
ANIBAL,122
CARLOS ARTURO,122
JORGE HUMBERTO,122
JOSE MARIO,122
JUAN DIEGO,122
CARLOS JAVIER,121
EULALIO,121
DIONICIO,120
EDWIN,120
JESUS ARMANDO,120
JUAN FERNANDO,120
JESUS EDUARDO,119
PRIMITIVO,119
ROQUE,119
TIMOTEO,118
VICTORIANO,118
FROYLAN,117
JOSE SANTOS,117
CARMELO,116
JOSE ANDRES,116
MELITON,116
ODILON,116
PEDRO PABLO,116
REFUGIO,116
URBANO,116
CRISPIN,115
INOCENCIO,115
JOSE GUILLERMO,115
OBED,115
ELADIO,114
FREDDY,113
LUIS ALFREDO,113
RUBEN DARIO,113
VALENTE,113
CONRADO,112
CRISTIAN,112
OSCAR MANUEL,112
RANULFO,112
JOSE REFUGIO,111
PEDRO ANTONIO,111
JOSE DOMINGO,110
LUIS ALEJANDRO,110
MAURILIO,110
ALBINO,109
SERGIO ANTONIO,109
JORGE IVAN,108
JORGE MANUEL,108
ROSALINO,108
BALDEMAR,107
ROSARIO,107
BLAS,106
FRANCISCO ANTONIO,106
IRVING,106
MIGUEL ANTONIO,106
SERGIO ARTURO,106
SIXTO,106
CARLOS HUMBERTO,105
LEONCIO,105
MARIO ANTONIO,105
JESUS SALVADOR,104
RENATO,104
JOSE PEDRO,103
MELCHOR,103
ALAN,102
CARLOS MARIO,102
ALEJO,101
APOLONIO,101
JAIRO,101
JUAN IGNACIO,101
MATIAS,101
CARLOS FRANCISCO,100
EMANUEL,100
JOSE ALONSO,100
JOSE RUBEN,100
LIBRADO,100
LUIS DANIEL,100
RUPERTO,100
WENCESLAO,100
AMANDO,99
ANTONIO DE JESUS,99
BRUNO,99
CUTBERTO,99
LUIS ALONSO,99
NAHUM,99
SILVINO,99
DONACIANO,98
EDER,98
ESAU,98
JUAN ANGEL,98
JUAN PEDRO,98
MAXIMILIANO,98
ARCADIO,97
EDGAR IVAN,97
GUSTAVO ADOLFO,97
JOSE FELIX,97
MELQUIADES,97
ROGER,97
CARLOS ALEJANDRO,96
JOSE GILBERTO,96
ZENON,96
JOSE ERNESTO,95
JOSE RODOLFO,95
LEANDRO,95
OMAR ALEJANDRO,95
FORTUNATO,94
HUGO ENRIQUE,94
JOSE FELIPE,94
JOSE JORGE,94
NAZARIO,94
ERASTO,93
JOSE ADRIAN,93
JOSE DOLORES,93
LUIS ROBERTO,93
OLEGARIO,93
SERGIO ALBERTO,93
ELFEGO,92
HIGINIO,92
J REFUGIO,92
SILVANO,92
BALDOMERO,91
JOSE IVAN,91
PLACIDO,91
DONATO,90
ELPIDIO,90
EULOGIO,90
JOSE ABEL,90
MARCO AURELIO,90
SOTERO,90
WILBERT,90
INOCENTE,89
AUGUSTO,88
CARLOS IVAN,88
JESUS JOSE,88
FACUNDO,87
OSCAR JAVIER,87
OTILIO,87
ANTELMO,86
JOSE CARMEN,86
MARCOS ANTONIO,86
DANTE,85
DIONISIO,85
FLORIBERTO,85
JOSE VICTOR,85
MIGUEL ANGE,85
ROMUALDO,85
TELESFORO,85
ASUNCION,84
ISAI,84
JUAN ARTURO,84
JUAN EDUARDO,84
LUIS RAUL,84
CESAR ALEJANDRO,83
JESUS RAMON,83
COSME,82
CRISOFORO,82
DAVID ALEJANDRO,82
JESUS ARTURO,82
JESUS FRANCISCO,82
JESUS GERARDO,82
JESUS JAVIER,82
JOSE ISRAEL,82
MARCIANO,82
SEVERO,82
HECTOR MIGUEL,81
JUSTO,81
OLIVER,81
CATARINO,80
LUIS MARTIN,80
TITO,80
CONCEPCION,79
PAUL,79
GIOVANNI,78
JOSE AGUSTIN,78
PEDRO ALBERTO,78
CARLOS ARMANDO,77
LUIS ERNESTO,77
MARIO ENRIQUE,77
REY DAVID,77
DANIEL ALBERTO,76
HIRAM,76
LEODEGARIO,76
TEODULO,76
AMADEO,75
ELIUD,75
FRANCISCO JAV,75
JUAN DANIEL,75
LAMBERTO,75
ABUNDIO,74
ALEXANDER,74
DIEGO ARMANDO,74
JOSE ELIAS,74
JOSE OMAR,74
JUAN JAVIER,74
LEON,74
ROMULO,74
SERGIO ALEJANDRO,74
SEVERIANO,74
AZAEL,73
FRANCISCO JOSE,73
HELADIO,73
JESUS ALFREDO,73
OTONIEL,73
SABAS,73
CESAR OCTAVIO,72
ELMER,72
GALDINO,72
GIL,72
JOSE INES,72
JUAN ROBERTO,72
MARTINIANO,72
NABOR,72
OSCAR EDUARDO,72
FRANCISCO MANUEL,71
JOSE REYES,71
JUVENCIO,71
OCTAVIANO,71
EDGAR EDUARDO,70
HERMELINDO,70
JORGE ALFREDO,70
JORGE CARLOS,70
JOSE ABRAHAM,70
JOSE CONCEPCION,70
JULIO ALBERTO,70
LUIS REY,70
MARINO,70
OLIVERIO,70
ONESIMO,70
OSCAR ALEJANDRO,70
VICTOR ALFONSO,70
ADELAIDO,69
BASILIO,69
CARLOS CESAR,69
LUIS JOSE,69
MARCO TULIO,69
PONCIANO,69
PRISCILIANO,69
SERGIO ENRIQUE,69
WILBER,69
ADELFO,68
ANTONINO,68
BERTIN,68
CASIMIRO,68
CESAREO,68
FRANCISCO J,68
ISABEL,68
JOSE OCTAVIO,68
LIBORIO,68
TIBURCIO,68
CALIXTO,67
EMETERIO,67
HUGO CESAR,67
IRINEO,67
JACOB,67
CAYETANO,66
ELIEZER,66
ERNESTO ALONSO,66
ISAURO,66
J ISABEL,66
JAIR,66
JAVIER ALEJANDRO,66
JESUS FERNANDO,66
JOSE ESTEBAN,66
PERFECTO,66
WILLIAM,66
CARLOS RAFAEL,65
EDGAR ALEJANDRO,65
EDGAR OMAR,65
GELACIO,65
JESUS MARTIN,65
JESUS MIGUEL,65
MARCO ANTONI,65
OSCAR DANIEL,65
AMBROSIO,64
AMILCAR,64
AUSENCIO,64
BLADIMIR,64
CARLOS ROBERTO,64
ELI,64
JESUS GUADALUPE,64
JESUS ROBERTO,64
JUAN BAUTISTA,64
MANUEL ALBERTO,64
FULGENCIO,63
JESUS ALFONSO,63
JESUS IVAN,63
JOSE OSCAR,63
JUAN ANDRES,63
MARIO HUMBERTO,63
MARTIN ANTONIO,63
NATALIO,63
OSIEL,63
ALEXIS,62
CARLOS DANIEL,62
CARMEN,62
CESAR IVAN,62
GUMARO,62
JUAN ALEJANDRO,62
MANUEL ENRIQUE,62
MANUEL SALVADOR,62
SERGIO ARMANDO,62
BRIGIDO,61
FRANCISCO ALBERTO,61
FREDI,61
IVAN DE JESUS,61
JESUS DANIEL,61
JOSE EFRAIN,61
JOSE RODRIGO,61
LEONIDES,61
LUIS GUILLERMO,61
LUIS RICARDO,61
ATANACIO,60
AVELINO,60
CATALINO,60
CELERINO,60
CESAR ANTONIO,60
FRANCISCO ALEJANDRO,60
J CARMEN,60
J FELIX,60
JESUS HUMBERTO,60
JOSE JULIAN,60
JOSE VICENTE,60
JUAN RICARDO,60
MIGUEL ALEJANDRO,60
PANFILO,60
REMIGIO,60
REY,60
ALEJANDRINO,59
ANTOLIN,59
CARLOS MARTIN,59
ESTANISLAO,59
GASTON,59
HELIODORO,59
JORGE ERNESTO,59
SILVIANO,59
ABIMAEL,58
ANICETO,58
CRISTINO,58
FRANCO,58
JESUS ANGEL,58
JOSE HUGO,58
LUIS RAMON,58
RUTILIO,58
DAMASO,57
FELIPE JESUS,57
LUIS ADRIAN,57
LUIS DAVID,57
SAID,57
TORIBIO,57
WALTER,57
CAMERINO,56
CARLOS ADRIAN,56
DANIEL ALEJANDRO,56
DARINEL,56
DOROTEO,56
FRANCISCO JAVI,56
FRANCISCO JAVIE,56
JESUS DAVID,56
JONATAN,56
JORGE FRANCISCO,56
JOSE EMILIO,56
JOSE PABLO,56
LADISLAO,56
LUIS IGNACIO,56
MILTON,56
OSBALDO,56
SERGIO IVAN,56
TIRSO,56
VICTOR ANTONIO,56
ZACARIAS,56
AQUILINO,55
CARLOS ALFONSO,55
CARLOS FERNANDO,55
EVODIO,55
J. REFUGIO,55
JAIME ALBERTO,55
JEREMIAS,55
JESUS ERNESTO,55
OSCAR ALBERTO,55
PABLO CESAR,55
PASTOR,55
REGINO,55
RUBICEL,55
CARLOS ERNESTO,54
ELVIS,54
FRANCISCO JA,54
HECTOR DANIEL,54
LUIS GABRIEL,54
MARIO ALEJANDRO,54
MARIO ARTURO,54
CARLOS ANDRES,53
CARLOS MIGUEL,53
CESAR ALBERTO,53
HECTOR ALEJANDRO,53
JESUS MARIA,53
JUAN DAVID,53
MAYOLO,53
NAPOLEON,53
RUTILO,53
BARTOLOME,52
CARLOS ALFREDO,52
HECTOR EDUARDO,52
JESUS ADRIAN,52
JONAS,52
JORGE DAVID,52
JOSE ISMAEL,52
JOSE JOAQUIN,52
NATIVIDAD,52
OSCAR FERNANDO,52
TERESO,52
VICTOR DANIEL,52
VICTOR JAVIER,52
ASCENCION,51
CARLOS AUGUSTO,51
CARLOS OMAR,51
CESAR EDUARDO,51
CESAR ENRIQUE,51
DESIDERIO,51
HEBER,51
HERON,51
J. CARMEN,51
JENARO,51
JESUS RICARDO,51
JOSE RENE,51
JUAN JAIME,51
JULIO ANTONIO,51
MIGUEL ANG,51
RAMON ALBERTO,51
REYMUNDO,51
ARQUIMIDES,50
FILOGONIO,50
JESUS RAFAEL,50
JOSE GREGORIO,50
NEMESIO,50
OSCAR ENRIQUE,50
RITO,50
TAURINO,50
ELIEL,49
ENOC,49
HERACLIO,49
JESUS MARIO,49
JOSE ADAN,49
JOSE GUSTAVO,49
JUAN GUILLERMO,49
LEOVIGILDO,49
LUIS OCTAVIO,49
VICTOR MANUE,49
ABAD,48
BELISARIO,48
EVELIO,48
EVER,48
GUALBERTO,48
INDALECIO,48
J SANTOS,48
J TRINIDAD,48
JOSE EDGAR,48
JOSE NOE,48
JOSE SANTIAGO,48
MEDARDO,48
NICANOR,48
OSCAR IVAN,48
PAVEL,48
QUIRINO,48
RAMON ANTONIO,48
RAUL ANTONIO,48
SERGIO LUIS,48
VICTOR MANU,48
VICTORIO,48
ANGEL ANTONIO,47
CARLOS GERARDO,47
CARLOS JESUS,47
CUITLAHUAC,47
EDGAR MANUEL,47
GRACIANO,47
JAVIER ANTONIO,47
JORGE GUADALUPE,47
JOSE ASCENCION,47
JOSE HECTOR,47
JUAN FELIPE,47
JUAN SALVADOR,47
MARTIN DE JESUS,47
PAULO CESAR,47
PEDRO LUIS,47
VICTOR JESUS,47
CESAR ARMANDO,46
CRESCENCIANO,46
CRISANTO,46
HEBERTO,46
J CRUZ,46
JAIME ANTONIO,46
JORDAN,46
JOSE BENITO,46
JOSE BENJAMIN,46
JOSE ISIDRO,46
LAURENCIO,46
LEOCADIO,46
LUIS JESUS,46
MARIO CESAR,46
PEDRO JOSE,46
REGULO,46
RICARDO ALBERTO,46
SOCRATES,46
ELIAZAR,45
FRANCISCO DE JESUS,45
FRANCISCO MARTIN,45
JAIME ENRIQUE,45
JORGE ADRIAN,45
JOSE JULIO,45
JOSE LORENZO,45
JOSE RAMIRO,45
JUAN RAUL,45
MIGUEL A,45
OVIDIO,45
ROBERTO ANTONIO,45
JESUS EMMANUEL,44
JORGE OCTAVIO,44
JOSAFAT,44
JOSE JOEL,44
JOSE MARCOS,44
LUIS JORGE,44
MARCO POLO,44
RAUL ALEJANDRO,44
SAULO,44
AGAPITO,43
HECTOR JESUS,43
HUGO ALEJANDRO,43
ISAEL,43
JESUS ISRAEL,43
JOSE SERGIO,43
JUAN RAFAEL,43
LAURENTINO,43
OSCAR ANTONIO,43
OSCAR ARTURO,43
PRUDENCIO,43
RAUL ALBERTO,43
VICTOR ALEJANDRO,43
EUTIQUIO,42
FRANCISCO JESUS,42
JORGE MARIO,42
JORGE OMAR,42
JOSE DE LA LUZ,42
JOSE NICOLAS,42
JOSE TOMAS,42
MANUEL ANGEL,42
OSCAR OMAR,42
PAULO,42
POLICARPO,42
RAFAEL ANTONIO,42
SIGIFREDO,42
CARLOS RENE,41
EDEL,41
ENEDINO,41
EUTIMIO,41
JOSE FELICIANO,41
JUAN CARLO,41
MARIO EDUARDO,41
MELESIO,41
OTHON,41
RICARDO ANTONIO,41
WILFREDO,41
YAIR,41
ARSENIO,40
CARLOS DAVID,40
CARLOS RAMON,40
CESAR ARTURO,40
EPIGMENIO,40
EUSTAQUIO,40
HECTOR ARMANDO,40
HECTOR RAUL,40
J. FELIX,40
JOSE FEDERICO,40
JOSE ROGELIO,40
JUAN ALFREDO,40
JUAN BERNARDO,40
LUIS MARIO,40
MAGDIEL,40
MARTIN EDUARDO,40
MIGUEL ALBERTO,40
MIGUEL ENRIQUE,40
NATANAEL,40
NICASIO,40
OSCAR LUIS,40
PROSPERO,40
RUSBEL,40
SERGIO HUMBERTO,40
SERGIO MANUEL,40
TONATIUH,40
VALDEMAR,40
VICTOR M,40
ZENAIDO,40
ABELINO,39
AMBROCIO,39
ANACLETO,39
ANGEL GABRIEL,39
BERSAIN,39
CESAR MANUEL,39
CESAR OMAR,39
EDSON,39
FERNANDO ANTONIO,39
HECTOR ENRIQUE,39
JAVIER ENRIQUE,39
JORGE ALONSO,39
JOSE NATIVIDAD,39
JOSE RAYMUNDO,39
LAUREANO,39
MARCO ANTON,39
MARIO ALFONSO,39
OBDULIO,39
VALERIANO,39
ANGEL FRANCISCO,38
ARQUIMEDES,38
DAVID ANTONIO,38
DIEGO ALBERTO,38
EDUARDO ANTONIO,38
ENCARNACION,38
ENRIQUE ALEJANDRO,38
IVAN ALEJANDRO,38
JESUS ALONSO,38
JORGE JAVIER,38
JOSE ADOLFO,38
JOSE ASUNCION,38
JOSE LEONARDO,38
JOSE ROSARIO,38
JUAN ARMANDO,38
MARIO ALONSO,38
MARTIN ENRIQUE,38
NEREO,38
NICANDRO,38
PEDRO FRANCISCO,38
RACIEL,38
TRANQUILINO,38
VICTOR MIGUEL,38
ABDON,37
AQUILEO,37
AQUILES,37
ARIOSTO,37
AUSTREBERTO,37
CELEDONIO,37
EDGAR ALBERTO,37
FILOMENO,37
FRANCISCO GERARDO,37
GERARDO DE JESUS,37
GUSTAVO ALONSO,37
HECTOR MARTIN,37
ISRRAEL,37
JAIME ARTURO,37
JOSE ROMAN,37
JUAN GILBERTO,37
LORENZO ANTONIO,37
ONOFRE,37
OSCAR ARMANDO,37
SERGIO EDUARDO,37
VENTURA,37
VICTOR MAN,37
ASAEL,36
CARLOS GABRIEL,36
ESEQUIEL,36
FRANCISCO RAFAEL,36
HECTOR DAVID,36
HECTOR GERARDO,36
HERMES,36
J LUIS,36
J. ISABEL,36
J. TRINIDAD,36
JESUS GUILLERMO,36
JESUS OMAR,36
JOSE AURELIO,36
JOSE CANDELARIO,36
JUAN DE JESUS,36
MACEDONIO,36
MARIO DE JESUS,36
OTHONIEL,36
PABLO ANTONIO,36
PALEMON,36
RUBISEL,36
SINUHE,36
ADALID,35
ALBERTO JORGE,35
ALEX,35
DAVID ALBERTO,35
FERNANDO JAVIER,35
GERARDO ANTONIO,35
HECTOR ALFONSO,35
HECTOR IVAN,35
HUGO ANTONIO,35
J. CRUZ,35
JESUS IGNACIO,35
JORGE FERNANDO,35
JOSE RIGOBERTO,35
JUAN ERNESTO,35
JUAN HUMBERTO,35
LUCINO,35
MARIO JESUS,35
MARTIN GERARDO,35
NETZAHUALCOYOTL,35
ROEL,35
SERGIO JAVIER,35
SOCORRO,35
ANGEL MANUEL,34
BARDOMIANO,34
CARLOS ALONSO,34
EVENCIO,34
GERMAIN,34
GUMERCINDO,34
HECTOR FRANCISCO,34
HILARION,34
HUGO ARMANDO,34
J ANTONIO,34
JOSE BERNARDO,34
JOSE CESAR,34
JOSE ISAAC,34
JOSE MOISES,34
JOSE SAUL,34
JUAN MARCOS,34
JUAN MARIO,34
PETRONILO,34
RAMSES,34
RAUL ARMANDO,34
RUBEN ALEJANDRO,34
XAVIER,34
ANGEL ALBERTO,33
ANGEL DE JESUS,33
CUPERTINO,33
DARWIN,33
EDEN,33
EDGAR JESUS,33
EDGAR ULISES,33
EUSTACIO,33
FERNANDO ENRIQUE,33
GEOVANNI,33
GORGONIO,33
JORGE RAUL,33
JOSE ANTONI,33
JOSE DE JESU,33
JOSE HERIBERTO,33
JOSE HILARIO,33
MARCO VINICIO,33
MELECIO,33
PABLO ALBERTO,33
PEDRO DAMIAN,33
PEDRO DE JESUS,33
PLUTARCO,33
RAUL EDUARDO,33
RICARDO JAVIER,33
SALOME,33
SILVIO,33
VENUSTIANO,33
BAUDELIO,32
CARLOS HUGO,32
CARLOS IGNACIO,32
FRANCISC,32
FROILAN,32
GELASIO,32
GODOFREDO,32
HELEODORO,32
JAVIER EDUARDO,32
JESUS OCTAVIO,32
JORGE ANDRES,32
JOSE AUGUSTO,32
JOSE GERMAN,32
JOSE VALENTIN,32
LUIS GILBERTO,32
MARIO ALFREDO,32
MARTIN ALBERTO,32
NESTOR DANIEL,32
NOLBERTO,32
ORBELIN,32
OSCAR DAVID,32
OSCAR FRANCISCO,32
PEDRO ALEJANDRO,32
ROBERTO DE JESUS,32
ALAIN,31
ANGEL MARIO,31
CARLOS FELIPE,31
CARLOS JOSE,31
CASTULO,31
EDGAR ANTONIO,31
ESPIRIDION,31
EUSTORGIO,31
FELIPE NERI,31
FRANCISCO MIGUEL,31
HECTOR ANTONIO,31
HECTOR MARIO,31
HENRY,31
HERLINDO,31
HONORATO,31
JESUS RENE,31
JOB,31
JOHNNY,31
JORGE RAFAEL,31
JOSE ALVARO,31
JOSE DE LA CRUZ,31
JUAN ALFONSO,31
MANUEL ALFONSO,31
MARCO ANTO,31
MARIN,31
MARIO LUIS,31
MARTIN ALEJANDRO,31
SERAPIO,31
SEVERINO,31
WILLIAMS,31
ADULFO,30
AMANCIO,30
ANCELMO,30
BIBIANO,30
CESAR MARTIN,30
EUCARIO,30
FCO JAVIER,30
FELIPE ANTONIO,30
FRANKLIN,30
GUILLERMO ANTONIO,30
HECTOR FERNANDO,30
HERMAN,30
JAIME EDUARDO,30
JORGE GABRIEL,30
JOSE GONZALO,30
JOSE ROSENDO,30
JUAN ESTEBAN,30
MANUEL FRANCISCO,30
NEMORIO,30
OSCAR HUGO,30
SALATIEL,30
SANDRO,30
TOBIAS,30
VICTOR RAUL,30
ABDIEL,29
ANGEL LUIS,29
CARLOS DE JESUS,29
CARLOS GUADALUPE,29
DIDIER,29
DIMAS,29
EDGAR DANIEL,29
FILADELFO,29
FLAVIANO,29
GERSON,29
HAZAEL,29
JAVIER ARMANDO,29
JESUS GABRIEL,29
JORGE ALFONSO,29
JORGE MIGUEL,29
JOSE DARIO,29
JOSE FABIAN,29
JUAN GUADALUPE,29
JUAN VICTOR,29
LUIS RODOLFO,29
MANOLO,29
MARTIN FRANCISCO,29
PEDRO ENRIQUE,29
RAFAEL ALEJANDRO,29
RAUL HUMBERTO,29
VIRGINIO,29
ANASTASIO,28
ANGEL IVAN,28
ARTURO JAVIER,28
AXEL,28
CAIN,28
CARLOS RAUL,28
CASIANO,28
CENOBIO,28
DAVID EDUARDO,28
DAVID ENRIQUE,28
DOMITILO,28
EDDY,28
EDUARDO JAVIER,28
ENRIQUE ALBERTO,28
GABRIEL ALEJANDRO,28
GEOVANI,28
HECTOR LUIS,28
JESUS CARLOS,28
JESUS RAUL,28
JORGE ADALBERTO,28
JORGE JESUS,28
JOSE ARIEL,28
JOSE ELEAZAR,28
JOSE ISAIAS,28
JUAN DE LA CRUZ,28
MARIO IVAN,28
MIGUEL EDUARDO,28
NEMECIO,28
PEDRO MANUEL,28
RAQUEL,28
REGINALDO,28
RICARDO ARTURO,28
ABNER,27
BACILIO,27
BERTOLDO,27
CESAR DAVID,27
CESAR HUMBERTO,27
CESAR JAVIER,27
CHRISTIAN IVAN,27
CLISERIO,27
CONSTANCIO,27
CUAHUTEMOC,27
EDGAR ARTURO,27
ELIO,27
FRANCISCO DANIEL,27
HECTOR ALONSO,27
HUBERTO,27
HUGO IVAN,27
IRAM,27
J. SANTOS,27
JESUS ABRAHAM,27
JESUS HECTOR,27
JORGE RICARDO,27
JOSE ULISES,27
JULIO ENRIQUE,27
LORETO,27
LUIS RAFAEL,27
MANUEL HUMBERTO,27
MARCO ARTURO,27
MARIO FRANCISCO,27
MILTON CARLOS,27
NICEFORO,27
OZIEL,27
PEDRO JAVIER,27
REYNOL,27
VALERIO,27
VICTOR EDUARDO,27
VICTOR MARTIN,27
AMERICO,26
ARISTIDES,26
CARLOS GUSTAVO,26
CARLOS RUBEN,26
DIOGENES,26
EDGAR ADRIAN,26
EDGAR FRANCISCO,26
FRANCISCO XAVIER,26
HILDEBERTO,26
INES,26
JAIME ALEJANDRO,26
JAVIER ALONSO,26
JORGE ROBERTO,26
JOSE ADALBERTO,26
JOSE MARCELINO,26
JOSE MARGARITO,26
JOSE MAURICIO,26
LUIS OMAR,26
LUIS RENE,26
LUIS RUBEN,26
MANUEL EDUARDO,26
MARTIN GUADALUPE,26
MARTIN JAVIER,26
MIGUEL AN,26
MIGUEL ARTURO,26
MIGUEL FRANCISCO,26
NARCIZO,26
OSCAR HUMBERTO,26
PEDRO ARTURO,26
PEDRO IVAN,26
PEDRO JESUS,26
RAMON ENRIQUE,26
REINALDO,26
SERGIO ALFREDO,26
SERGIO DAVID,26
SOSTENES,26
VICTOR ARMANDO,26
VICTOR ENRIQUE,26
WILBERTH,26
AGRIPINO,25
ALFONZO,25
ARCENIO,25
BUENAVENTURA,25
CRESENCIO,25
EDGAR GERARDO,25
EDGAR JAVIER,25
EDUARDO ALEJANDRO,25
ELENO,25
ERVIN,25
FABRICIO,25
FERNANDO ALBERTO,25
FRUCTUOSO,25
GABRIEL ANTONIO,25
GERARDO ALBERTO,25
HUGO ARTURO,25
IDELFONSO,25
IRAN,25
J ASCENCION,25
J CONCEPCION,25
J DOLORES,25
JESUS ADOLFO,25
JORGE DANIEL,25
JOSE FIDEL,25
JOSE LEONEL,25
JOSE LEOPOLDO,25
JOSE ORLANDO,25
JOSE PILAR,25
JOSELITO,25
JULIO ALFONSO,25
LUIS ANDRES,25
MANUEL ARTURO,25
MIGUEL DE JESUS,25
OSCAR RENE,25
RAUL ENRIQUE,25
REYNEL,25
ROBERTO ALEJANDRO,25
ROBERTO JAVIER,25
ROGERIO,25
ROMMEL,25
SANTANA,25
SERGIO RAFAEL,25
SIMEON,25
AGUSTIN JAIME,24
ALBERTO ANTONIO,24
ALEJANDRO DE JESUS,24
ARTURO ALEJANDRO,24
CIRINO,24
DANIEL ARTURO,24
DOLORES,24
EMIR,24
FRANCISCO ARMANDO,24
FRANCISCO RAMON,24
GUMERSINDO,24
JORGE MARTIN,24
JOSE LEON,24
JOSE LINO,24
JOSE PATRICIO,24
JUAN JORGE,24
LEONARDO DANIEL,24
LUIS CESAR,24
LUIS LAURO,24
MICHEL,24
NEPTALI,24
OMAR FRANCISCO,24
RICARDO DE JESUS,24
RODULFO,24
ROSEMBERG,24
RUBEN ANTONIO,24
SERGIO ADRIAN,24
VICTOR FRANCISCO,24
ANGEL JAVIER,23
ANGEL ROBERTO,23
BOLIVAR,23
EDGAR NOE,23
EDY,23
ERIBERTO,23
FELIPE ALEJANDRO,23
FERNANDO DE JESUS,23
FRANCISCO ARTURO,23
FRANCISCO ROBERTO,23
GALILEO,23
GEREMIAS,23
GUSTAVO ENRIQUE,23
HECTOR RAMON,23
JAVIER DE JESUS,23
JIMMY,23
JORGE DE JESUS,23
JOSE ABELARDO,23
JOSE DE JES,23
JOSE EFREN,23
JOSE EUGENIO,23
JOSE FILIBERTO,23
JOSE REYNALDO,23
JUAN ISIDRO,23
JULIO CESA,23
LUIS ESTEBAN,23
MARDONIO,23
MARTIN JESUS,23
OSCAR ADRIAN,23
OSCAR MARTIN,23
PABLO ENRIQUE,23
PRIMO,23
PROCORO,23
RAFAEL ALBERTO,23
RAUDEL,23
RAUL GERARDO,23
RENAN,23
SERGIO ALONSO,23
TEODULFO,23
VICTOR ALBERTO,23
WILLEBALDO,23
ABISAI,22
ADIEL,22
ARGELIO,22
BENEDICTO,22
CARLOS OCTAVIO,22
DANIEL EDUARDO,22
DELMAR,22
EBER,22
EDGAR ARMANDO,22
EDGAR ENRIQUE,22
ENRIQUE JAVIER,22
ERNESTO ALEJANDRO,22
ERWIN,22
FRANCISCO GUADALUPE,22
GUILEBALDO,22
HECTOR OMAR,22
HERNANDO,22
J. ASCENCION,22
JESUS ANDRES,22
JESUS ARIEL,22
JOSE ANTON,22
JOSE GUADALU,22
JOSE MARIANO,22
JOSE MAURO,22
JOSE NOEL,22
JUAN CARL,22
JUAN SERGIO,22
JULIO ALEJANDRO,22
MANUEL ARMANDO,22
MARIO JAVIER,22
MARTIN ALONSO,22
MARVIN,22
MONICO,22
NEHEMIAS,22
OFELIO,22
OSCAR MIGUEL,22
PEDRO ALFONSO,22
PEDRO MIGUEL,22
QUINTIN,22
RICHARD,22
VICTOR RAMON,22
WULFRANO,22
ALBERT,21
ANGEL ALFONSO,21
ANGEL DANIEL,21
ATENOGENES,21
BONFILIO,21
CARMELINO,21
CEFERINO,21
CESAR ADRIAN,21
CESAR GUILLERMO,21
DANIEL ENRIQUE,21
EDUARDO JOSE,21
ELICEO,21
ENRIQUE DE JESUS,21
FILIMON,21
FRANCISCO GABRIEL,21
GUADALUPE DE JESUS,21
GUILLERMO ALBERTO,21
HUGO EDUARDO,21
JAVIER ARTURO,21
JAVIER FRANCISCO,21
JESUS LEONARDO,21
JESUS RODOLFO,21
JORGE ARIEL,21
JORGE RAMON,21
JOSE ARNULFO,21
JOSE CUAUHTEMOC,21
JOSE ELISEO,21
JOSE GUADALUP,21
JOSE ROLANDO,21
JOSE SAMUEL,21
JUAN ADOLFO,21
JUAN M,21
JULIAN JAVIER,21
LISANDRO,21
LUIS GUSTAVO,21
LUIS HECTOR,21
MACLOVIO,21
MANUEL DE ATOCHA,21
MANUEL GERARDO,21
MARCO,21
MARIO ERNESTO,21
MARTIN ALFONSO,21
MARTIN JAIME,21
OCIEL,21
OMAR ARTURO,21
OSCAR GERARDO,21
OSCAR RAUL,21
RAUL ERNESTO,21
SECUNDINO,21
VICTOR FERNANDO,21
VINICIO,21
XICOTENCATL,21
ANATOLIO,20
ANGEL DAVID,20
ATILANO,20
AUDOMARO,20
CRECENCIO,20
CRISTHIAN,20
DANIEL ANTONIO,20
EDGAR RENE,20
ERICK ALEJANDRO,20
FRANCISCO ENRIQUE,20
FRANCISCO FERNANDO,20
GERARDO ARTURO,20
GERARDO JAVIER,20
GUILLERMO ALEJANDRO,20
HECTOR RAFAEL,20
HUBER,20
J. CONCEPCION,20
J.JESUS,20
JEHU,20
JESUS EDGAR,20
JORGE ESTEBAN,20
JORGE IGNACIO,20
JORGE ISAAC,20
JORGE ISRAEL,20
JOSE AARON,20
JOSE EDMUNDO,20
JOSE FRANCISC,20
JOSE HORACIO,20
JOSE OSVALDO,20
JOSE OSWALDO,20
JOSE TEODORO,20
JUAN AGUSTIN,20
JUAN GUSTAVO,20
JUAN RENE,20
JUAN VICENTE,20
LEONOR,20
LUIS BERNARDO,20
LUIS IVAN,20
MARIO ARMANDO,20
MARTIN FERNANDO,20
OBET,20
ORACIO,20
OSIRIS,20
PEDRO CESAR,20
RAMON DE JESUS,20
RAMON FRANCISCO,20
RAUL ARTURO,20
RICARDO ALFONSO,20
RICARDO DANIEL,20
RICARDO MANUEL,20
ROGACIANO,20
SERGIO FRANCISCO,20
SERGIO JESUS,20
SERGIO OMAR,20
SERGIO RENE,20
UVALDO,20
VICTOR GABRIEL,20
VICTOR JOSE,20
ABENAMAR,19
ABRAHAN,19
ALCIDES,19
ALDRIN,19
ALEXANDRO,19
CARLOS ALBE,19
CARLOS ARIEL,19
CARLOS HECTOR,19
CARLOS ISRAEL,19
CIRENIO,19
DAVID ARTURO,19
EDGAR HUMBERTO,19
EDI,19
EDUARDO ALBERTO,19
EDUARDO ENRIQUE,19
ENOCH,19
ENRIQUE ANTONIO,19
ERUBIEL,19
EUSTOLIO,19
FRANCISCO EDUARDO,19
GABRIEL DE JESUS,19
GABRIEL JESUS,19
GADIEL,19
GALO,19
GERARDO FRANCISCO,19
GERVACIO,19
HECTOR ALFREDO,19
HECTOR RENE,19
HECTOR RUBEN,19
IRVIN,19
J FRANCISCO,19
J REYES,19
J. ANTONIO,19
JAIME FRANCISCO,19
JAVIER ALBERTO,19
JORGE GERARDO,19
JOSE EMMANUEL,19
JOSE FERMIN,19
JOSE SALOMON,19
JOSE SOCORRO,19
JOSE URIEL,19
JUAN DIOS,19
JUAN HECTOR,19
JUAN MANU,19
JUAN RUBEN,19
JULIO EDUARDO,19
LIDIO,19
LUIS FABIAN,19
MARIO ALBERT,19
MARIO ANGEL,19
MICHAEL,19
MIGUEL AGUSTIN,19
MIGUEL ARCANGEL,19
MIGUEL JESUS,19
NAIN,19
OMAR ALBERTO,19
OSCAR JESUS,19
PASCACIO,19
PEDRO MARTIN,19
PEDRO RAFAEL,19
RAFAEL ENRIQUE,19
RAMON ALEJANDRO,19
RAMON ANGEL,19
RAMON ARTURO,19
RAMON EDUARDO,19
RAUL FERNANDO,19
RAUL FRANCISCO,19
REVERIANO,19
RONALDO,19
RUBIEL,19
SERGIO OCTAVIO,19
WALDO,19
WILVER,19
YGNACIO,19
ALEJANDRO JAVIER,18
ANGEL EDUARDO,18
ANGEL FERNANDO,18
ANGEL JESUS,18
ANGEL OMAR,18
ANGEL RICARDO,18
ARMANDO JAVIER,18
ARMIN,18
CARALAMPIO,18
CARLOS ALBERT,18
CARLOS SALVADOR,18
CESAR DANIEL,18
CESAR GERARDO,18
CESAR GUADALUPE,18
DANIEL IVAN,18
DANNY,18
DAVID FERNANDO,18
DAVID GERARDO,18
DAVID ISRAEL,18
DIEGO ALEJANDRO,18
EDGAR ISRAEL,18
EDGAR MIGUEL,18
EPITACIO,18
EUFEMIO,18
FRANCISCO ALONSO,18
GERARDO ALEJANDRO,18
GUSTAVO ALEJANDRO,18
HECTOR GUILLERMO,18
HECTOR JAIME,18
JAIME HUMBERTO,18
JAIME SALVADOR,18
JESUS DEL CARMEN,18
JESUS GUSTAVO,18
JESUS ISMAEL,18
JESUS NOE,18
JOAQUIN ALBERTO,18
JORGE ANGEL,18
JORGE HUGO,18
JORGE RENE,18
JORGE ULISES,18
JOSE ALFRED,18
JOSE DE JE,18
JOSE DELFINO,18
JOSE FAUSTINO,18
JOSE GASPAR,18
JOSE MARCELO,18
JOSE SILVESTRE,18
JUAN LEONARDO,18
JUAN LORENZO,18
JUAN MANUE,18
JUAN RODOLFO,18
LUIS ADOLFO,18
LUIS EDGAR,18
LUIS JOEL,18
MANUEL FERNANDO,18
MANUEL JOSE,18
MARCO A,18
MAXIMIANO,18
MIGUEL ALFREDO,18
MIGUEL ARMANDO,18
NIVARDO,18
OMAR ANTONIO,18
OMAR ENRIQUE,18
OMAR IVAN,18
OSCAR ALFREDO,18
OSCAR DE JESUS,18
OSCAR GUADALUPE,18
PEDRO EDUARDO,18
PLINIO,18
RAMON MARTIN,18
RAUL ANGEL,18
ROBERTO ARTURO,18
ROMEL,18
RUBEN EDUARDO,18
SENEN,18
SERGIO ALFONSO,18
ULICES,18
VICTOR ADRIAN,18
VICTOR MA,18
VICTORICO,18
ABDIAS,17
ALEJANDRO ANTONIO,17
AMAURI,17
CARLOS EMILIO,17
CARLOS GILBERTO,17
CARLOS GUILLERMO,17
CESAR GABRIEL,17
CHRISTIAN ALBERTO,17
DANIEL ARMANDO,17
DANIEL JESUS,17
DAVID ALFONSO,17
DAVID GUSTAVO,17
EDGAR DAVID,17
EDUARDO FRANCISCO,17
EFIGENIO,17
EMMANUEL ALEJANDRO,17
ERMILO,17
EUCLIDES,17
FCO,17
FERNANDO JOSE,17
FRANCISCO RAUL,17
GIBRAN,17
GILBERTO DE JESUS,17
GUSTAVO ALBERTO,17
HUGO ERNESTO,17
IRENEO,17
J ANGEL,17
J INES,17
JAIR DE JESUS,17
JESUS AGUSTIN,17
JESUS EFREN,17
JESUS ESTEBAN,17
JESUS GILBERTO,17
JESUS ORLANDO,17
JORGE ABRAHAM,17
JORGE AUGUSTO,17
JORGE EMILIO,17
JORGE ISMAEL,17
JOSE ARNOLDO,17
JOSE ARTEMIO,17
JOSE BALTAZAR,17
JOSE ELOY,17
JOSE LUZ,17
JOSE VENTURA,17
JOSE VIDAL,17
JUAN CESAR,17
JUAN GUALBERTO,17
LUIS DEMETRIO,17
LUIS GERMAN,17
LUIS HORACIO,17
MALAQUIAS,17
MANUEL MARTIN,17
MARCOS ALEJANDRO,17
MARIO GUADALUPE,17
MARIO MARTIN,17
MARTIMIANO,17
MAURO ALBERTO,17
MIGUEL FERNANDO,17
MIGUEL HUMBERTO,17
OSCAR OCTAVIO,17
PEDRO ANGEL,17
PRAXEDIS,17
RAFAEL ANGEL,17
RAFAEL DE JESUS,17
RAMON HUMBERTO,17
RANFERI,17
RAZIEL,17
ROBERTO EDUARDO,17
RUBEN ENRIQUE,17
SERGIO DANIEL,17
SERGIO GUADALUPE,17
SERGIO RAMON,17
SERGIO RAUL,17
SIDRONIO,17
SIGFRIDO,17
SIMITRIO,17
VICTOR ALONSO,17
VICTOR ARTURO,17
ABIEL,16
ALDO IVAN,16
ANDRES AVELINO,16
ANGEL ENRIQUE,16
ANGEL GERARDO,16
ANTONIO GUADALUPE,16
ANUAR,16
ARISTOTELES,16
ARON,16
CARLOS ABRAHAM,16
CARLOS JOAQUIN,16
CARLOS RICARDO,16
CESAR ALONSO,16
CESAR FERNANDO,16
CESAR GUSTAVO,16
CESARIO,16
CIRIACO,16
CLEOFAS,16
DE JESUS,16
EDGAR FERNANDO,16
EDUARDO DANIEL,16
EDUARDO RAFAEL,16
ELIDIO,16
FELIX ANTONIO,16
FELIX ENRIQUE,16
FERNANDO JESUS,16
GABRIEL ALBERTO,16
GUILLERMO ENRIQUE,16
HECTOR ARTURO,16
HECTOR GABRIEL,16
HECTOR IGNACIO,16
HECTOR OCTAVIO,16
HERCULANO,16
HUGO ALFREDO,16
HUGO LUIS,16
J MANUEL,16
J. NATIVIDAD,16
JESUS FELIPE,16
JESUS RAMIRO,16
JESUS SERGIO,16
JOSE AMADO,16
JOSE APOLINAR,16
JOSE DE LOS SANTOS,16
JOSE DEMETRIO,16
JOSE EDGARDO,16
JOSE ERASMO,16
JOSE GABINO,16
JOSE HERNAN,16
JOSE LUCIANO,16
JOSE NIEVES,16
JUAN DOMINGO,16
JUAN EDGAR,16
JUAN EMILIO,16
JUAN PAULO,16
JUAN ROMAN,16
LOPEZ,16
MANUEL GUADALUPE,16
MANUEL RAMON,16
MARIO MANUEL,16
MARTIN ARTURO,16
NEPHTALI,16
NICACIO,16
ODIN,16
OLAF,16
OSCAR MARIO,16
OSEAS,16
OSMAR,16
PEDRO GERARDO,16
PEDRO RAMON,16
RANGEL,16
RAUL DE JESUS,16
RENE ALEJANDRO,16
RODOLFO ALEJANDRO,16
ROGER ANTONIO,16
RUBEN ALBERTO,16
SALUSTIO,16
VICTOR IVAN,16
WILSON,16
ALBERTO MANUEL,15
ALEJANDR,15
ALEJANDRO IVAN,15
ALI,15
ALONZO,15
AMAURY,15
AMIR,15
AMOS,15
ANGEL GUADALUPE,15
ANTONIO MANUEL,15
BALBINO,15
CARLOS AGUSTIN,15
CARLOS EMMANUEL,15
CARLOS FABIAN,15
CARLOS LUIS,15
CARLOS NOE,15
CESAR FRANCISCO,15
CESAR RAFAEL,15
CRISOGONO,15
DAVID HUMBERTO,15
EDGAR GUADALUPE,15
EDUARDO ARTURO,15
ERNESTO ANTONIO,15
EULISES,15
FELIPE ALBERTO,15
FELIPE ANGEL,15
FELIPE DE JESU,15
FELIX ALBERTO,15
FIDEL ALEJANDRO,15
FRANCISCO GUILLERMO,15
FRANCISCO IVAN,15
GABRIEL ANGEL,15
GABRIEL ENRIQUE,15
GILBERTO ANTONIO,15
GUSTAVO ARTURO,15
HABACUC,15
HERNANDEZ,15
HOMAR,15
HUGO DANIEL,15
HUGO FERNANDO,15
IVAN ISRAEL,15
JACIEL,15
JAIME JAVIER,15
JAIME LUIS,15
JESUS ABEL,15
JESUS ARNOLDO,15
JESUS ELIAS,15
JESUS HERIBERTO,15
JESUS JAIME,15
JESUS LUIS,15
JOAQUIN ANTONIO,15
JOEL ARMANDO,15
JORGE ELIAS,15
JOSE BERNARDINO,15
JOSE CUPERTINO,15
JOSE DAMIAN,15
JOSE DE J,15
JOSE DIEGO,15
JOSE GUADAL,15
JOSE LAZARO,15
JOSE LEOBARDO,15
JOSE LUI,15
JOSE NORBERTO,15
JOSE PORFIRIO,15
JOSE SEBASTIAN,15
JUAN ADRIAN,15
JUAN ALONSO,15
JUAN CRUZ,15
JUAN OCTAVIO,15
JUAN SANTIAGO,15
JUANITO,15
LIMBERG,15
LUIS GONZALO,15
MANUEL IGNACIO,15
MANUEL IVAN,15
MARIO GABRIEL,15
MARTIN HUMBERTO,15
MARTIN MANUEL,15
MELVIN,15
MOCTEZUMA,15
OCTAVIO CESAR,15
ONECIMO,15
OSCAR ROBERTO,15
PACIANO,15
PAULO SERGIO,15
PEDRO ALONSO,15
PEDRO IGNACIO,15
PEDRO JUAN,15
RAMON FERNANDO,15
REMEDIOS,15
RICARDO ALEJANDRO,15
RICARDO CESAR,15
ROGER ARMANDO,15
RUBEN OMAR,15
SADOT,15
SEFERINO,15
SERGIO FERNANDO,15
SERGIO RICARDO,15
SERGIO ROBERTO,15
STALIN,15
UZZIEL,15
WILIBALDO,15
YSMAEL,15
ZENEN,15
ALBERTO ALEJANDRO,14
ALBERTO ENRIQUE,14
ALBERTO JAVIER,14
ALBERTO JOSE,14
ALEJANDRO ALBERTO,14
ALEJANDRO CESAR,14
ALEJANDRO ENRIQUE,14
ALFREDO DE JESUS,14
ALVARO ANTONIO,14
AMALIO,14
AMIN,14
ANGEL RAFAEL,14
ANTERO,14
ARBEY,14
ARGIMIRO,14
ARTURO DE JESUS,14
ATANASIO,14
CARLOS MAURICIO,14
CESAR ALFONSO,14
CESAR ISRAEL,14
CHRISTOPHER,14
DAVID ALONSO,14
DAVID JESUS,14
DAVID RICARDO,14
EDGAR ALFONSO,14
EDUARDO MANUEL,14
ELEODORO,14
ELIER,14
ELIESER,14
ELIU,14
ENRIQUE ALONSO,14
ERICK DANIEL,14
ERICK OMAR,14
ERNESTO DE JESUS,14
ERNESTO JAVIER,14
FELIPE DE J,14
FERNANDO ARTURO,14
FRANCISCO DAVID,14
FRED,14
GERARDO JESUS,14
GIOVANI,14
GUILLERMO ARTURO,14
HECTOR RICARDO,14
HECTOR ULISES,14
HEDILBERTO,14
HUGO JAVIER,14
ISAC,14
J ALFREDO,14
J MERCED,14
J SOCORRO,14
J. DOLORES,14
JAHAZIEL,14
JAIME IVAN,14
JAIME JESUS,14
JAIME MANUEL,14
JAVIER FERNANDO,14
JESUS AARON,14
JESUS ADAN,14
JESUS EFRAIN,14
JESUS JOEL,14
JESUS LORENZO,14
JESUS RUBEN,14
JHONNY,14
JORGE ALBE,14
JORGE FEDERICO,14
JORGE GUILLERMO,14
JOSE BALDEMAR,14
JOSE BERNABE,14
JOSE ENCARNACION,14
JOSE EVERARDO,14
JOSE MARCIAL,14
JOSE MERCEDES,14
JOSIAS,14
JOSUE ISRAEL,14
JUAN FRANCISC,14
JUAN MAURICIO,14
JUAN ROGELIO,14
JUAN SEBASTIAN,14
JUAN UBALDO,14
JULIO ERNESTO,14
LUIS JAIME,14
LUIS ROGELIO,14
MANUEL ADRIAN,14
MANUEL ERNESTO,14
MARCOS ALBERTO,14
MARIO GERARDO,14
MARIO RAFAEL,14
MARTIN RAFAEL,14
MARTIN RAMON,14
MARTINEZ,14
MOISES ALEJANDRO,14
NICOMEDES,14
ODON,14
OMAR DAVID,14
OMAR ISRAEL,14
OSCAR RAFAEL,14
OTON,14
PABLO ARTURO,14
POLICARPIO,14
PROCOPIO,14
ROBERT,14
ROBERTO ENRIQUE,14
RODIMIRO,14
ROOSEVELT,14
RUDY,14
SARAIN,14
TOMAS ENRIQUE,14
USIEL,14
VICTOR ANGEL,14
VICTOR ISRAEL,14
VICTOR LUIS,14
WILBERTO,14
YAHIR,14
YURI,14
ABIGAIL,13
ALBARO,13
ALBERTANO,13
ALBERTO DE JESUS,13
ALEJANDRO GUADALUPE,13
ANGEL JOSE,13
ANGEL MARTIN,13
ANTONIO ENRIQUE,13
ANTONIO FRANCISCO,13
ARMANDO DE JESUS,13
ARTURO ENRIQUE,13
AUDENCIO,13
BALTASAR,13
BELTRAN,13
CARLOS ADOLFO,13
CARLOS EUGENIO,13
CARLOS LEONEL,13
CASTO,13
CERVANDO,13
CESAR ULISES,13
CHRISTIAN ALEJANDRO,13
CHRISTIAN JESUS,13
CHRISTIAN OMAR,13
CRISTIAN IVAN,13
DANIEL OMAR,13
DIEGO ANTONIO,13
DONALDO,13
EDGAR OSWALDO,13
EDUARDO JESUS,13
EDWARD,13
EDWIN JESUS,13
EMELIO,13
FABIO,13
FAVIAN,13
FELIPE DE JES,13
FELIPE JAVIER,13
FRANCISCO ROMAN,13
FRANCISCO SALVADOR,13
GENOVEVO,13
GERARDO MANUEL,13
GUMECINDO,13
GUMESINDO,13
GUSTAVO ALFONSO,13
GUSTAVO EDUARDO,13
HECTOR ADRIAN,13
HECTOR SAUL,13
HUGO FRANCISCO,13
IGNACIO ANTONIO,13
ISAUL,13
IVAN OMAR,13
J ROSARIO,13
JAIME ALFREDO,13
JAIME DANIEL,13
JESUS BALTAZAR,13
JESUS BERNARDO,13
JESUS DARIO,13
JESUS GONZALO,13
JESUS VICENTE,13
JHONATAN,13
JORGE ABEL,13
JORGE ADOLFO,13
JORGE ALBER,13
JORGE AURELIO,13
JORGE GILBERTO,13
JOSE CLEMENTE,13
JOSE CRISTOBAL,13
JOSE CUTBERTO,13
JOSE EDILBERTO,13
JOSE FLORENTINO,13
JOSE FRANCIS,13
JOSE MA,13
JOSE MANUE,13
JOSE ODILON,13
JOSE RUFINO,13
JOSELINO,13
JOSUE MANUEL,13
JUAN ANTON,13
JUAN CRISOSTOMO,13
JUAN TOMAS,13
JULIAN ANTONIO,13
JULIO FRANCISCO,13
JUSTINIANO,13
LIZANDRO,13
LUIS ABRAHAM,13
LUIS AUGUSTO,13
LUIS EMILIO,13
LUIS GREGORIO,13
LUIS MAURICIO,13
LUIS ORLANDO,13
LUIS PABLO,13
LUIS SANTIAGO,13
MANRIQUE,13
MANUEL ROBERTO,13
MARCO AN,13
MARCOS MANUEL,13
MARIO RAMON,13
MARTIN ALFREDO,13
MARTIN ERNESTO,13
MARTIN ROBERTO,13
MAURO ANTONIO,13
MERCED,13
NERI,13
NESTOR IVAN,13
NOE DE JESUS,13
OMAR JESUS,13
OSCAR FABIAN,13
OSCAR GABRIEL,13
OSCAR IGNACIO,13
OSCAR SAUL,13
OSMAN,13
PABLO JOSE,13
PEDRO ARMANDO,13
PEDRO ERNESTO,13
PEDRO HUGO,13
PILAR,13
POMPEYO,13
RAMON ERNESTO,13
RAMON RAFAEL,13
RICARDO ALONSO,13
RICARDO JESUS,13
ROBERTO IVAN,13
ROBERTO JESUS,13
ROLDAN,13
RONAY,13
RUBEN FRANCISCO,13
SERGIO ABRAHAM,13
TEODOSIO,13
TOLENTINO,13
VICENCIO,13
VILIULFO,13
WILLIAM DE JESUS,13
WILLIAN,13
YONATAN,13
ADIN,12
ADRIAN JESUS,12
ALEJANDRO DANIEL,12
ANDRES ALEJANDRO,12
ANDY,12
ANGEL ALEJANDRO,12
ANGEL CESAR,12
APOLO,12
ARMANDO JESUS,12
ARNALDO,12
AROLDO,12
BENANCIO,12
BERZAIN,12
BOANERGES,12
CARLOS ALBER,12
CARLOS BENJAMIN,12
CARLOS FEDERICO,12
CARLOS URIEL,12
CESAR ALFREDO,12
CESAR ERNESTO,12
CESAR JESUS,12
CESAR LUIS,12
CESAR RAUL,12
CONSUELO,12
CRUZ ALBERTO,12
CRUZ ANTONIO,12
CRUZ MANUEL,12
EDDIE,12
EDGAR ALONSO,12
EDGAR MARTIN,12
EDITH,12
EDUARDO GUADALUPE,12
EDUARDO MARTIN,12
ENRIQUE ARTURO,12
ENRIQUE OCTAVIO,12
ERVEY,12
ESDRAS,12
ESTEBAN DE JESUS,12
FELIX MANUEL,12
FERNANDO DANIEL,12
FERNANDO GUADALUPE,12
FERNANDO MANUEL,12
FRANCISCO HUMBERTO,12
FRANCISCO ISRAEL,12
GABRIEL HUMBERTO,12
GERARDO RAFAEL,12
GILBER,12
GILBERTO JAVIER,12
GUADALUPE JAVIER,12
HECTOR ABRAHAM,12
HECTOR ERNESTO,12
HECTOR FABIAN,12
HECTOR JOSE,12
HECTOR M,12
HUGO DAVID,12
HUMBERTO ALEJANDRO,12
IGNACIO ALEJANDRO,12
J CARLOS,12
J. ASUNCION,12
J. REYES,12
J.GUADALUPE,12
JAIME ALFONSO,12
JAIME ALONSO,12
JAIME GABRIEL,12
JAIME RAUL,12
JAVIER IVAN,12
JAVIER JESUS,12
JAVIER OMAR,12
JESUS EMILIO,12
JESUS OSCAR,12
JESUS PEDRO,12
JOEL ANTONIO,12
JOEL ENRIQUE,12
JORGE EFRAIN,12
JORGE JUAN,12
JORGE VICENTE,12
JOSE ARCADIO,12
JOSE CANDIDO,12
JOSE EMILIANO,12
JOSE FLORENCIO,12
JOSE GENARO,12
JOSE LENIN,12
JOSE MATILDE,12
JOSE MIGUEL ANGEL,12
JOSE PAULINO,12
JOSIMAR,12
JOVANY,12
JUAN ABEL,12
JUAN FELIX,12
JULIO ANDRES,12
KARIM,12
LEVI,12
LIBERATO,12
LUIS ALBER,12
LUIS OSCAR,12
LUIS SERGIO,12
MANUEL ALFREDO,12
MANUEL RICARDO,12
MARIO FERNANDO,12
MARIO ROBERTO,12
MERCEDES,12
MIGUEL GUADALUPE,12
NATHANAEL,12
NESTOR ALEJANDRO,12
NOE ALEJANDRO,12
NOE MARTIN,12
OLIVO,12
OMAR EDUARDO,12
OSCAR ERNESTO,12
OSCAR GUSTAVO,12
OSCAR NOE,12
OSCAR RICARDO,12
PABLO JAVIER,12
PABLO SERGIO,12
PATROCINIO,12
PAZ,12
PEDRO CELESTINO,12
PEDRO OMAR,12
PEDRO SERGIO,12
PRISCO,12
RABINDRANATH,12
RAFAEL MARTIN,12
RAIMUNDO,12
RAMON ALFONSO,12
RAMOS,12
RAUL ALFREDO,12
RAUL ALONSO,12
RAUL GUILLERMO,12
RAUL JESUS,12
REMBERTO,12
RENE ALBERTO,12
RICARDO ENRIQUE,12
RICARDO JOSE,12
ROBERTO MANUEL,12
ROGER ALBERTO,12
RUBEN ALFONSO,12
RUBEN ARMANDO,12
SEGUNDO,12
SERGIO DE JESUS,12
SERGIO MIGUEL,12
TIZOC,12
TOMAS ALBERTO,12
UZIEL,12
VICTOR ALFREDO,12
VICTOR OMAR,12
WALDEMAR,12
WILEBALDO,12
WILIAM,12
WILIAMS,12
ABSALON,11
ADRIAN ALBERTO,11
AGUSTIN ALBERTO,11
ALBERTO CARLOS,11
ALFONSO JAVIER,11
ALFREDO MANUEL,11
ANDRES ARMANDO,11
ANGEL ARMANDO,11
ANTONIO JESUS,11
ARAEL,11
ARMANDO ENRIQUE,11
ATALO,11
AUCENCIO,11
AUDON,11
AVIMAEL,11
CALEB,11
CARLOS AMADOR,11
CARLOS EFREN,11
CASILDO,11
CESAR RENE,11
CHRISTIAN DAVID,11
CLAUDIO ALBERTO,11
CLETO,11
CRISTOPHER,11
CRUZ ALEJANDRO,11
DANIEL GERARDO,11
DANIEL SALVADOR,11
DANILO,11
DAVID ERNESTO,11
DAVID FRANCISCO,11
DAVID GUADALUPE,11
DAVID IVAN,11
DAVID MANUEL,11
DAVID OCTAVIO,11
EBERARDO,11
EDDER,11
EDGAR DE JESUS,11
EDGAR JOSE,11
EDGAR RAFAEL,11
EDGAR RAMON,11
EDGAR RAUL,11
EDISON,11
EDMAR,11
EDUARDO DE JESUS,11
ELDER,11
ELIODORO,11
ENRRIQUE,11
ERACLIO,11
ERIC ALEJANDRO,11
ERICEL,11
ERICK ALBERTO,11
ERICK IVAN,11
EUDOXIO,11
EXAL,11
FELICITOS,11
FELIPE ARTURO,11
FELIX FERNANDO,11
FERNANDO ALFREDO,11
FERNANDO GABRIEL,11
FIDEL ANGEL,11
FIDELIO,11
FLORICEL,11
FRANCISCO ADRIAN,11
FRANCISCO ALFREDO,11
FRANCISCO ANDRES,11
FRANCISCO JOEL,11
FRANCISCO LUIS,11
FRANCISCO RUBEN,11
GABRIEL ARTURO,11
GERALDO,11
GERARDO ENRIQUE,11
GERARDO IVAN,11
GILBERT,11
GUILLERM,11
HEBERT,11
HECTOR ABEL,11
HECTOR CESAR,11
HECTOR DE JESUS,11
HECTOR FELIPE,11
HECTOR HORACIO,11
HECTOR SAMUEL,11
HEVER,11
IGNACIO DE JESUS,11
IGNACIO JAVIER,11
IVAN ANTONIO,11
IVAN VLADIMIR,11
J. LUIS,11
JAIME ADRIAN,11
JAIME CESAR,11
JAIME FERNANDO,11
JAIME GERARDO,11
JAIME RENE,11
JAVIER GUADALUPE,11
JESUS ABELARDO,11
JESUS ALVARO,11
JESUS BENITO,11
JESUS JULIAN,11
JESUS LEONEL,11
JESUS OSWALDO,11
JESUS RAYMUNDO,11
JESUS RODRIGO,11
JESUS ROGELIO,11
JESUS SANTIAGO,11
JESUS ULISES,11
JOAQUIN FRANCISCO,11
JOEL ALBERTO,11
JOEL ALEJANDRO,11
JORGE ALBERT,11
JORGE FELIX,11
JORGE ORLANDO,11
JORGE RUBEN,11
JORGE SALVADOR,11
JOSE CAMILO,11
JOSE CIRILO,11
JOSE DAGOBERTO,11
JOSE EVARISTO,11
JOSE EZEQUIEL,11
JOSE GUADA,11
JOSE HERMINIO,11
JOSE JACOBO,11
JOSE LUCIO,11
JOSE MERCED,11
JOSE NARCISO,11
JOSE NEFTALI,11
JOSE OTHON,11
JOSE PASCUAL,11
JOSE SALOME,11
JOSE UBALDO,11
JUAN BENITO,11
JUAN GERMAN,11
JUAN ISRAEL,11
JUAN OMAR,11
JUAN OSCAR,11
JUAN RODRIGO,11
JULIO ADRIAN,11
JULIO CES,11
LUCIO ALBERTO,11
LUIS A,11
LUIS ALBERT,11
LUIS MARIANO,11
LUIS PEDRO,11
LUIS SALVADOR,11
MARCO ANT,11
MARCO CESAR,11
MARIO ADRIAN,11
MARIO DANIEL,11
MARIO JOSE,11
MARIO MIGUEL,11
MARLON,11
MARTIN A,11
MARTIN RAUL,11
MAURINO,11
MIGUEL ALFONSO,11
MIGUEL ALONSO,11
MIGUEL GERARDO,11
MUCIO,11
NAHU,11
NAHUN,11
NAVOR,11
OMAR FERNANDO,11
OSCAR JOSE,11
PANTALEON,11
PEDRO DANIEL,11
PEDRO GABRIEL,11
PEDRO HUMBERTO,11
QUETZALCOATL,11
RAFAEL FRANCISCO,11
RAFAEL HUMBERTO,11
RAMIRO ANTONIO,11
RAMON ARMANDO,11
RAMON GUADALUPE,11
RAMON MANUEL,11
RANDY,11
RAUL DANIEL,11
RAUL IVAN,11
RICARDO RAFAEL,11
RODOLFO ANTONIO,11
RODOLFO DE JESUS,11
ROGER IVAN,11
ROMAN ANTONIO,11
RUBEN ARTURO,11
RUBEN DAVID,11
RUBEN GERARDO,11
RUBEN JESUS,11
RUFO,11
SALVADOR ALEJANDRO,11
SERGIO AUGUSTO,11
SERGIO ERNESTO,11
SERGIO HUGO,11
SERGIO NOE,11
SERGIO RUBEN,11
SUSANO,11
TERESO DE JESUS,11
TOMAS FRANCISCO,11
VICTOR DAVID,11
VICTOR GERARDO,11
VICTOR HUMBERTO,11
VICTOR RAFAEL,11
VICTOR RENE,11
VICTOR ROGELIO,11
WILBERT ANTONIO,11
ZAID,11
ADRIAN FERNANDO,10
ADRIAN RICARDO,10
AGEO,10
ALBERTICO,10
ALBERTO RAFAEL,10
ALCIBIADES,10
ALDEGUNDO,10
ALDO ALEJANDRO,10
ANANIAS,10
ANDRES ALBERTO,10
ANDRES ANTONIO,10
ANDRES GUADALUPE,10
ANGEL ISRAEL,10
ANTONIO ABAD,10
ANTONIO ALEJANDRO,10
ANTONIO JAVIER,10
ARGENIS,10
ARMANDO MARTIN,10
ARTURO MARTIN,10
ASDRUBAL,10
ASENCION,10
BARUCH,10
BELIZARIO,10
CANUTO,10
CARITINO,10
CARLOS AL,10
CARLOS ALB,10
CARLOS EFRAIN,10
CARLOS GERMAN,10
CARLOS JAIME,10
CARLOS SERGIO,10
CARLOS ULISES,10
CESAR FABIAN,10
CESAR MIGUEL,10
CESAR RAMON,10
CESAR RICARDO,10
CHRISTIAN ADRIAN,10
CHRISTIAN MANUEL,10
DANIEL MARTIN,10
DARVELIO,10
DAVID ALFREDO,10
DAVID ROBERTO,10
DECIDERIO,10
DIEGO DE JESUS,10
DORIAN,10
EDELMIRO,10
EDGAR GILBERTO,10
EDGAR GUSTAVO,10
EDGAR RICARDO,10
EDGAR SAUL,10
EDIBERTO,10
ELIBERTO,10
ELIZANDRO,10
ELVER,10
ENIO,10
ENRIQUE ALFONSO,10
ERIK DE JESUS,10
ERNESTINO,10
ETELBERTO,10
EUDOCIO,10
EXIQUIO,10
FELIPE SANTIAGO,10
FELIZARDO,10
FERNANDO IVAN,10
FERNANDO RAFAEL,10
FLORENCIANO,10
FRANCISCO FELIPE,10
FRANCISCO RENE,10
FRANCISCO RICARDO,10
FRANCISCO TOMAS,10
FRUMENCIO,10
GABRIEL ARMANDO,10
GANDHI,10
GEOVANNY,10
GERARDO DAVID,10
GUILLERMO EDUARDO,10
GUSTAVO ANTONIO,10
GUSTAVO IVAN,10
HECTOR GUADALUPE,10
HOGUER,10
HUGO ADRIAN,10
HUGO ALONSO,10
HUGO HUMBERTO,10
IGNACIO ALBERTO,10
ISMAEL ANTONIO,10
ISRAEL ALEJANDRO,10
ISSAC,10
IVAN DANIEL,10
IVAN EMMANUEL,10
IVAN FRANCISCO,10
IVAN GUADALUPE,10
IVAN NOE,10
IVAN RAFAEL,10
IVAN ULISES,10
J ASUNCION,10
J DE JESUS,10
J MARTIN,10
J NATIVIDAD,10
J PILAR,10
J. FRANCISCO,10
J. JUAN,10
J. MARTIN,10
J. ROSARIO,10
JAIME DAVID,10
JAIME OMAR,10
JAVIER DAVID,10
JAVIER HUMBERTO,10
JAVIER ULISES,10
JERARDO,10
JESUS BENJAMIN,10
JESUS REYNALDO,10
JESUS ROMAN,10
JORGE HORACIO,10
JORGE LEONEL,10
JORGE VALENTE,10
JORGE VICTOR,10
JOSE ALFR,10
JOSE ALFRE,10
JOSE ANASTACIO,10
JOSE ANTO,10
JOSE APOLONIO,10
JOSE DE LOS ANGELES,10
JOSE FAUSTO,10
JOSE FORTINO,10
JOSE FRANCI,10
JOSE GPE,10
JOSE HIPOLITO,10
JOSE HOMERO,10
JOSE ISIDORO,10
JOSE JOSE,10
JOSE JUVENTINO,10
JOSE LEANDRO,10
JOSE LU,10
JOSE PAZ,10
JOSE REMEDIOS,10
JOSE ROSALIO,10
JOSUE ABRAHAM,10
JOSUE ALEJANDRO,10
JOSUE DANIEL,10
JOSUE EMMANUEL,10
JOSUE IVAN,10
JUAN BOSCO,10
JUAN CRISTOBAL,10
JUAN FERMIN,10
JUAN GREGORIO,10
JUAN IVAN,10
JUAN JULIAN,10
JUAN LUCIO,10
JUAN NOE,10
JUAN RAMIRO,10
JULIO ARMANDO,10
JULIO FERNANDO,10
JULIO IVAN,10
JULIO MANUEL,10
KRISTIAN,10
LETICIA,10
LUCIO ANTONIO,10
LUIS ADAN,10
LUIS ALVARO,10
LUIS AURELIO,10
LUIS EFREN,10
LUIS JULIAN,10
LUIS MANUE,10
LUIS MOISES,10
LUIS RAYMUNDO,10
LUIS RODRIGO,10
LUIS ROMAN,10
MANUEL GUILLERMO,10
MANUEL OMAR,10
MANUEL RAFAEL,10
MANUEL RODOLFO,10
MARCO ALBERTO,10
MARIO A,10
MARIO RAUL,10
MARTIN CARLOS,10
MARTIN SALVADOR,10
MEREGILDO,10
MIGUEL ANDRES,10
MIGUEL CARLOS,10
MOISES ANTONIO,10
NESTOR JAVIER,10
OCTAVIO ALEJANDRO,10
OMAR ALONSO,10
OMAR ULISES,10
ONORIO,10
OSCAR ALONSO,10
OSCAR GILBERTO,10
OSCAR GUILLERMO,10
OSCAR JOEL,10
OSCAR OSWALDO,10
OSCAR RAMON,10
PABLO FRANCISCO,10
PEDRO DAVID,10
PEDRO GUILLERMO,10
PEDRO ISRAEL,10
PEDRO RAUL,10
RAMON GERARDO,10
RAUL ALFONSO,10
RAUL DAVID,10
RAUL MARTIN,10
RENE ARTURO,10
RICARDO ADRIAN,10
RICARDO DAVID,10
RIVELINO,10
ROBERTO CESAR,10
ROBERTO RAFAEL,10
ROBIN,10
RODOLFO ARMANDO,10
RODOLFO ENRIQUE,10
RODRIGO ALEJANDRO,10
RONALD,10
SANTIAGO DE JESUS,10
SERGIO EDGAR,10
SERGIO MARTIN,10
SERGIO ULISES,10
TIRZO,10
TOMAS ALEJANDRO,10
VICTOR ANDRES,10
VICTOR GUADALUPE,10
VICTOR HUG,10
VICTOR JOEL,10
VICTOR NOE,10
VICTOR SAMUEL,10
VICTOR ULISES,10
WILMER,10
YOVANI,10
ZEUS,10
ABACU,9
ABIGAEL,9
ABIUD,9
ADAN ALBERTO,9
ADEMAR,9
ADRIAN ALEJANDRO,9
ALBERTO ISRAEL,9
ALDO FRANCISCO,9
ALFONSO FRANCISCO,9
ALFREDO ANTONIO,9
ALFREDO JAVIER,9
ALLAN,9
ALVARO JAVIER,9
ALVARO MANUEL,9
ANDREI,9
ANDRES ARTURO,9
ANDRES DE JESUS,9
ANDRES EDUARDO,9
ANDRES JESUS,9
ANGEL ADRIAN,9
ANGEL ARTURO,9
ANGELINO,9
ANTONIO ALBERTO,9
ANTONIO CESAR,9
ANTONIO JOSE,9
ARNOLD,9
ARTURO ALBERTO,9
ARTURO ANTONIO,9
AUDEL,9
AUREO,9
BERNAL,9
BULFRANO,9
CARLOS A,9
CARLOS AARON,9
CARLOS ABEL,9
CARLOS EDMUNDO,9
CARLOS ISMAEL,9
CARLOS TOMAS,9
CESAR JOSE,9
CHRISTIAN ARMANDO,9
CHRISTIAN EMMANUEL,9
CHRISTIAN ISRAEL,9
COSME DAMIAN,9
DAMIANO,9
DANIEL ALFONSO,9
DANIEL DE JESUS,9
DANIEL ROBERTO,9
DAVID ANDRES,9
DAVID ARMANDO,9
DAVID DANIEL,9
DAVID DE JESUS,9
DAVID REY,9
EBODIO,9
EDGAR ANDRES,9
EDGAR EMMANUEL,9
EDGAR ERNESTO,9
EDGAR GUILLERMO,9
EDGAR IGNACIO,9
EDGAR ISAAC,9
EDGAR ROBERTO,9
EDGAR URIEL,9
EDGARD,9
EDHER,9
EDUARDO ALFONSO,9
EDUARDO ALONSO,9
EDUARDO HUMBERTO,9
EDUARDO IVAN,9
EDUARDO RENE,9
EDWIN ALBERTO,9
ELIECER,9
ELIUTH,9
EMMANUEL DE JESUS,9
ENRIQUE EDUARDO,9
ENRIQUE GERARDO,9
ENRIQUE JESUS,9
ENRIQUE MANUEL,9
ENRIQUE MARTIN,9
ERICK DE JESUS,9
ERICK EDUARDO,9
ERICK FRANCISCO,9
ERIK ALEJANDRO,9
ERNESTO RAFAEL,9
FAUSTO ENRIQUE,9
FEBRONIO,9
FELIX ALEJANDRO,9
FERNANDO ALONSO,9
FERNANDO ISRAEL,9
FRANCIS,9
FRANCISCO ALFONSO,9
FRANCISCO CARLOS,9
FRANCISCO DE ASIS,9
FRANCISCO EFREN,9
FRANCISCO NICOLAS,9
FRANCISCO OCTAVIO,9
FRAY MARTIN,9
FREDDY ALBERTO,9
FREDDY ANTONIO,9
GABRIEL FRANCISCO,9
GALINDO,9
GERARDO ALFONSO,9
GERARDO DANIEL,9
GERARDO GABRIEL,9
GERMAN ANTONIO,9
GERSAIN,9
GONZALEZ,9
GREGORIO ALFONSO,9
GUADALUPE ANTONIO,9
GUILLERMO DAVID,9
GUILLERMO FERNANDO,9
GUSTAVO ALFREDO,9
HECTOR AUGUSTO,9
HECTOR GUSTAVO,9
HECTOR JUAN,9
HECTOR SALVADOR,9
HERBERT,9
HESIQUIO,9
HILARINO,9
HORLANDO,9
HUGO JESUS,9
HUGO RAFAEL,9
HUGOLINO,9
IGOR,9
INOSENCIO,9
ISAID,9
ISMAEL ALEJANDRO,9
ISRAEL DE JESUS,9
IVAN EDUARDO,9
IVAN FERNANDO,9
J ARMANDO,9
J MARCOS,9
JESUS HORACIO,9
JESUS OSVALDO,9
JESUS ROLANDO,9
JESUS ROSARIO,9
JESUS SEBASTIAN,9
JOEL ARTURO,9
JOEL EDUARDO,9
JOEL GUADALUPE,9
JOEL HUMBERTO,9
JONATHAN ALEJANDRO,9
JORGE A,9
JORGE HILARIO,9
JORGE SAUL,9
JORGE VALENTIN,9
JOSE ALBINO,9
JOSE ALEJO,9
JOSE ANT,9
JOSE BENIGNO,9
JOSE CECILIO,9
JOSE CONSTANTINO,9
JOSE ERICK,9
JOSE EULOGIO,9
JOSE FERNAND,9
JOSE JACINTO,9
JOSE LAURO,9
JOSE MAGDALENO,9
JOSE MISAEL,9
JOSE PAUL,9
JOSE VALENTE,9
JOSE VENANCIO,9
JOSE VICTORIANO,9
JOSE VIRGILIO,9
JOSUE ALBERTO,9
