text,publication_time,reactions
"–ì—É–±–µ—Ä–Ω–∞—Ç–æ—Ä –ë–µ–ª–≥–æ—Ä–æ–¥—Å–∫–æ–π –æ–±–ª–∞—Å—Ç–∏ —Å–æ–æ–±—â–∏–ª –æ–± –æ–±—Å—Ç—Ä–µ–ª–µ —Å–µ–ª–∞ –ú—É—Ä–æ–º

–û—Å–∫–æ–ª–∫–∏ –ø–æ–≤—Ä–µ–¥–∏–ª–∏ –¥–≤–∞ —á–∞—Å—Ç–Ω—ã—Ö –¥–æ–º–∞ –∏ –∞–≤—Ç–æ–º–æ–±–∏–ª—å, –Ω–æ —Å—Ä–µ–¥–∏ –ª—é–¥–µ–π –Ω–∏–∫—Ç–æ –Ω–µ –ø–æ—Å—Ç—Ä–∞–¥–∞–ª. –ê–¥–º–∏–Ω–∏—Å—Ç—Ä–∞—Ü–∏—è —Å–µ–ª–∞ —Å–µ–π—á–∞—Å –∏—â–µ—Ç –¥—Ä—É–≥–∏–µ –≤–æ–∑–º–æ–∂–Ω—ã–µ –ø–æ–≤—Ä–µ–∂–¥–µ–Ω–∏—è.

–ü—Ä–∏–≥—Ä–∞–Ω–∏—á–Ω—ã–µ –Ω–∞—Å–µ–ª—ë–Ω–Ω—ã–µ –ø—É–Ω–∫—Ç—ã –ë–µ–ª–≥–æ—Ä–æ–¥—Å–∫–æ–π –æ–±–ª–∞—Å—Ç–∏ –ø–æ–¥–≤–µ—Ä–≥–∞—é—Ç—Å—è –æ–±—Å—Ç—Ä–µ–ª–∞–º –ø–æ—á—Ç–∏ —Å —Å–∞–º–æ–≥–æ –Ω–∞—á–∞–ª–∞ –≤–æ–π–Ω—ã. 1 —è–Ω–≤–∞—Ä—è –≤ –æ—á–µ—Ä–µ–¥–Ω–æ–π —Ä–∞–∑ –¥–æ—Å—Ç–∞–ª–æ—Å—å –≥–æ—Ä–æ–¥—É –®–µ–±–µ–∫–∏–Ω–æ. –¢–∞–º —Ç–æ–∂–µ –∑–∞–¥–µ–ª–æ –¥–≤–∞ —á–∞—Å—Ç–Ω—ã—Ö –¥–æ–º–∞.

–ó–∞–¥–æ–Ω–∞—Ç–∏—Ç—å —á–µ—Ä–µ–∑ –±–æ—Ç–∞ | Patreon | Boosty | –ü—Ä–µ–¥–ª–æ–∂–∏—Ç—å –Ω–æ–≤–æ—Å—Ç—å",2023-01-02 11:49:07+00:00,
"–í –ú–æ—Å–∫–≤–µ –Ω–µ–∏–∑–≤–µ—Å—Ç–Ω—ã–µ —à–≤—ã—Ä–Ω—É–ª–∏ ¬´–ú–æ–ª–æ—Ç–æ–≤—ã¬ª –≤ –∑–∞–±–æ—Ä –≤–æ–µ–Ω–Ω–æ–≥–æ –∫–æ–º–∏—Å—Å–∞—Ä–∏–∞—Ç–∞ ‚Äî Baza

–ë—É—Ç—ã–ª–æ–∫ —Å –∑–∞–∂–∏–≥–∞—Ç–µ–ª—å–Ω–æ–π —Å–º–µ—Å—å—é –±—ã–ª–æ –¥–≤–µ. –í—Å–ø—ã—Ö–Ω—É–≤—à–µ–µ –ø–ª–∞–º—è —É–¥–∞–ª–æ—Å—å –æ–ø–µ—Ä–∞—Ç–∏–≤–Ω–æ –ø–æ—Ç—É—à–∏—Ç—å, —Ç–∞–∫ —á—Ç–æ –≤ —Ä–µ–∑—É–ª—å—Ç–∞—Ç–µ –ø–æ–∂–∞—Ä–∞ –Ω–∏–∫—Ç–æ –Ω–µ –ø–æ—Å—Ç—Ä–∞–¥–∞–ª. –ü–æ–¥–∂–∏–≥–∞—Ç–µ–ª—è –∏—â–µ—Ç –ø–æ–ª–∏—Ü–∏—è.

–†–∞–Ω–µ–µ –∑–∞ –ø–æ–ø—ã—Ç–∫—É –ø–æ–¥–∂–µ—á—å –≤–æ–µ–Ω–∫–æ–º–∞—Ç –≤ –ø–æ–¥–º–æ—Å–∫–æ–≤–Ω–æ–º –ü–æ–¥–æ–ª—å—Å–∫–µ –∑–∞–¥–µ—Ä–∂–∞–ª–∏ –ø–æ–∂–∏–ª—É—é —á–µ—Ç—É. –°—Ä–µ–¥–∏ –±–µ–ª–∞ –¥–Ω—è 70-–ª–µ—Ç–Ω–∏–π –º—É–∂—á–∏–Ω–∞ —Å –∫–∞–Ω–∏—Å—Ç—Ä–æ–π –æ–±–ª–∏–ª –∫—Ä—ã–ª—å—Ü–æ –≤–æ–µ–Ω–∫–æ–º–∞—Ç–∞ –±–µ–Ω–∑–∏–Ω–æ–º –∏ –ø–æ–¥–∂–æ–≥. –ï–≥–æ –∂–µ–Ω–∞ —Å–Ω–∏–º–∞–ª–∞ –≤—Å—ë –Ω–∞ –≤–∏–¥–µ–æ.

–ó–∞–¥–æ–Ω–∞—Ç–∏—Ç—å —á–µ—Ä–µ–∑ –±–æ—Ç–∞ | Patreon | Boosty | –ü—Ä–µ–¥–ª–æ–∂–∏—Ç—å –Ω–æ–≤–æ—Å—Ç—å",2023-01-02 11:31:08+00:00,
"–î—É–±–∞–π –æ—Ç–º–µ–Ω–∏–ª 30% –Ω–∞–ª–æ–≥ –Ω–∞ –ø—Ä–æ–¥–∞–∂—É –∞–ª–∫–æ–≥–æ–ª—è –∏ –ø–ª–∞—Ç—É –∑–∞ –ø–æ–ª—É—á–µ–Ω–∏–µ –ª–∏—Ü–µ–Ω–∑–∏–∏ –Ω–∞ –µ–≥–æ —É–ø–æ—Ç—Ä–µ–±–ª–µ–Ω–∏–µ

–í–ª–∞—Å—Ç–∏ –æ—Ç–∫–∞–∑—ã–≤–∞—é—Ç—Å—è –Ω–∞–∑—ã–≤–∞—Ç—å –æ—Ä–≥–∞–Ω, –∫–æ—Ç–æ—Ä—ã–π –ø—Ä–∏–Ω—è–ª –ø–æ—Å—Ç–∞–Ω–æ–≤–ª–µ–Ω–∏–µ, –∏ –æ—Ç–≤–µ—á–∞—Ç—å –Ω–∞ –∑–∞–ø—Ä–æ—Å—ã –°–ú–ò. –≠–∫—Å–ø–µ—Ä—Ç—ã —Å—á–∏—Ç–∞—é—Ç, —á—Ç–æ –æ—Å–ª–∞–±–ª–µ–Ω–∏–µ –∫–æ–Ω—Ç—Ä–æ–ª—è —Å–≤—è–∑–∞–Ω–æ —Å –∂–µ–ª–∞–Ω–∏–µ–º —Å—Ç—Ä–∞–Ω—ã —Å—Ç–∞—Ç—å –±–æ–ª–µ–µ –ø—Ä–∏–≤–ª–µ–∫–∞—Ç–µ–ª—å–Ω–æ–π –¥–ª—è —Ç—É—Ä–∏—Å—Ç–æ–≤.

–°–æ–æ–±—â–∞–µ—Ç—Å—è, —á—Ç–æ ¬´–æ—Å–ª–∞–±–ª–µ–Ω–∏–µ –ø—Ä–∞–≤–∏–ª –≤ –æ—Ç–Ω–æ—à–µ–Ω–∏–∏ –∞–ª–∫–æ–≥–æ–ª—è¬ª –≤ —Ä–µ–≥–∏–æ–Ω–µ –ø—Ä–æ–∏—Å—Ö–æ–¥–∏—Ç —É–∂–µ ¬´–≥–æ–¥–∞–º–∏¬ª. –ù–∞–ø—Ä–∏–º–µ—Ä, —Ç–∞–∫–∏–µ –Ω–∞–ø–∏—Ç–∫–∏ –º–æ–∂–Ω–æ –∫—É–ø–∏—Ç—å –¥–∞–∂–µ –≤ –¥–Ω–µ–≤–Ω–æ–µ –≤—Ä–µ–º—è –≤ –†–∞–º–∞–¥–∞–Ω –∏–ª–∏ –∑–∞–∫–∞–∑–∞—Ç—å –Ω–∞ –¥–æ–º. –ü–æ—Å–ª–µ–¥–Ω—é—é –º–µ—Ä—É –≤–≤–µ–ª–∏ –≤ —Å–≤—è–∑–∏ —Å –ø–∞–Ω–¥–µ–º–∏–µ–π COVID-19.

–†–∞–Ω–µ–µ –≤–ª–∞—Å—Ç–∏ –ö–∞—Ç–∞—Ä–∞ –æ–±–µ—â–∞–ª–∏ –ª–µ–≥–∞–ª–∏–∑–æ–≤–∞—Ç—å –ø—Ä–æ–¥–∞–∂—É –∞–ª–∫–æ–≥–æ–ª—è –Ω–∞ —Å—Ç–∞–¥–∏–æ–Ω–∞—Ö –≤–æ –≤—Ä–µ–º—è –ß–ú-2022, –Ω–æ –ø–µ—Ä–µ–¥ —Å–∞–º—ã–º –Ω–∞—á–∞–ª–æ–º —á–µ–º–ø–∏–æ–Ω–∞—Ç–∞ –æ—Ç–∫–∞–∑–∞–ª–∏—Å—å –æ—Ç —Å–≤–æ–µ–≥–æ —Ä–µ—à–µ–Ω–∏—è, –≤—ã–∑–≤–∞–≤ –≥—Ä–æ–º–∫–∏–π —Å–∫–∞–Ω–¥–∞–ª –∏ –ø—Ä–∏–Ω–µ—Å—è –∫–æ–º–ø–∞–Ω–∏–∏ Budweiser –æ–≥—Ä–æ–º–Ω—ã–µ —É–±—ã—Ç–∫–∏.

–ó–∞–¥–æ–Ω–∞—Ç–∏—Ç—å —á–µ—Ä–µ–∑ –±–æ—Ç–∞ | Patreon | Boosty | –ü—Ä–µ–¥–ª–æ–∂–∏—Ç—å –Ω–æ–≤–æ—Å—Ç—å",2023-01-02 11:00:27+00:00,
"–ë—Ä–∞–∑–∏–ª–∏—è –ø—Ä–æ—â–∞–µ—Ç—Å—è —Å –ü–µ–ª–µ

–¢–µ–ª–æ –ª–µ–≥–µ–Ω–¥–∞—Ä–Ω–æ–≥–æ —Ñ—É—Ç–±–æ–ª–∏—Å—Ç–∞ –ø—Ä–∏–≤–µ–∑–ª–∏ –Ω–∞ —Å—Ç–∞–¥–∏–æ–Ω –µ–≥–æ —Ä–æ–¥–Ω–æ–≥–æ –∫–ª—É–±–∞ ¬´–°–∞–Ω—Ç–æ—Å¬ª –≤ —Å–æ–ø—Ä–æ–≤–æ–∂–¥–µ–Ω–∏–∏ –∫–æ—Ä—Ç–µ–∂–∞. –ì—Ä–æ–± —É—Å—Ç–∞–Ω–æ–≤–∏–ª–∏ –≤ —Ü–µ–Ω—Ç—Ä–µ –ø–æ–ª—è. –ü–æ–ø—Ä–æ—â–∞—Ç—å—Å—è —Å —Ç—Ä—ë—Ö–∫—Ä–∞—Ç–Ω—ã–º –æ–±–ª–∞–¥–∞—Ç–µ–ª–µ–º –ö—É–±–∫–∞ –º–∏—Ä–∞ —Å–º–æ–≥—É—Ç –≤—Å–µ –∂–µ–ª–∞—é—â–∏–µ ‚Äî —Ñ–∞–Ω–∞—Ç–æ–≤ –ø–æ–¥–ø—É—Å—Ç—è—Ç –Ω–∞ —Ä–∞—Å—Å—Ç–æ—è–Ω–∏–µ –ø—Ä–∏–º–µ—Ä–Ω–æ –≤ –ø—è—Ç—å –º–µ—Ç—Ä–æ–≤.

–¶–µ—Ä–µ–º–æ–Ω–∏—è –ø—Ä–æ–¥–ª–∏—Ç—Å—è —Å—É—Ç–∫–∏. –ü–æ—Å–ª–µ —ç—Ç–æ–≥–æ —Ç–µ–ª–æ –ü–µ–ª–µ –ø—Ä–æ–≤–µ–∑—É—Ç –ø–æ –≥–æ—Ä–æ–¥—É, –≤ —Ç–æ–º —á–∏—Å–ª–µ –º–∏–º–æ –¥–æ–º–∞ –µ–≥–æ —Å—Ç–æ–ª–µ—Ç–Ω–µ–π –º–∞—Ç–µ—Ä–∏, –∫–æ—Ç–æ—Ä–∞—è –≤—Å—ë –µ—â—ë –∂–∏–≤–∞. –ï–¥–∏–Ω—Å—Ç–≤–µ–Ω–Ω–æ–≥–æ —Ç—Ä—ë—Ö–∫—Ä–∞—Ç–Ω–æ–≥–æ —á–µ–º–ø–∏–æ–Ω–∞ –º–∏—Ä–∞ –ø–æ—Ö–æ—Ä–æ–Ω—è—Ç –≤ –Ω–µ–∫—Ä–æ–ø–æ–ª–µ ¬´–≠–∫—É–º–µ–Ω–∏–∫–∞¬ª.

–ó–∞–¥–æ–Ω–∞—Ç–∏—Ç—å —á–µ—Ä–µ–∑ –±–æ—Ç–∞ | Patreon | Boosty | –ü—Ä–µ–¥–ª–æ–∂–∏—Ç—å –Ω–æ–≤–æ—Å—Ç—å",2023-01-02 10:34:13+00:00,
"–®–æ—Ç–ª–∞–Ω–¥—Å–∫–∞—è –ø–æ–ª–∏—Ü–∏—è –ø—Ä–µ–¥–ª–æ–∂–∏–ª–∞ –ª–µ—á–∏—Ç—å –∏ –ø–æ–¥–¥–µ—Ä–∂–∏–≤–∞—Ç—å –ø–µ–¥–æ—Ñ–∏–ª–æ–≤ –∏ –Ω–∞–∑–≤–∞–ª–∞ –∏—Ö ¬´–ª—é–¥—å–º–∏, –∏—Å–ø—ã—Ç—ã–≤–∞—é—â–∏–º–∏ –≤–ª–µ—á–µ–Ω–∏–µ –∫ –Ω–µ—Å–æ–≤–µ—Ä—à–µ–Ω–Ω–æ–ª–µ—Ç–Ω–∏–º¬ª

–ü—Ä–µ–¥—Å—Ç–∞–≤–∏—Ç–µ–ª—å —à–æ—Ç–ª–∞–Ω–¥—Å–∫–∏—Ö –∫–æ–Ω—Å–µ—Ä–≤–∞—Ç–æ—Ä–æ–≤ –∑–∞—è–≤–∏–ª, —á—Ç–æ –±–æ–ª—å—à–∏–Ω—Å—Ç–≤–æ –º–µ—Å—Ç–Ω—ã—Ö –∂–∏—Ç–µ–ª–µ–π —Å–æ—á–ª–∏ —Ç–µ—Ä–º–∏–Ω ¬´–≥–ª—É–±–æ–∫–æ —Ç—Ä–µ–≤–æ–∂–∞—â–∏–º –∏ –Ω–µ–ø—Ä–∞–≤–∏–ª—å–Ω—ã–º¬ª.

–ó–∞–Ω–∏–º–∞—é—â–∏–µ—Å—è –ø—Ä–æ–±–ª–∞–º–∞–º–∏ –¥–µ—Ç–µ–π –æ—Ä–≥–∞–Ω–∏–∑–∞—Ü–∏–∏ —Ç–∞–∫–∂–µ –±—ã–ª–∏ —à–æ–∫–∏—Ä–æ–≤–∞–Ω—ã –ø–æ–ø—ã—Ç–∫–∞–º–∏ –ø–µ—Ä–µ–∏–º–µ–Ω–æ–≤–∞—Ç—å –ø–µ–¥–æ—Ñ–∏–ª–æ–≤ –≤ ¬´–ª—é–¥–µ–π —Å –≤–ª–µ—á–µ–Ω–∏–µ–º –∫ –Ω–µ—Å–æ–≤–µ—Ä—à–µ–Ω–Ω–æ–ª–µ—Ç–Ω–∏–º¬ª (Minor-Attracted People, MAP). –í –ø–æ–ª–∏—Ü–∏–∏ –®–æ—Ç–ª–∞–Ω–¥–∏–∏ —É–∂–µ –ø–æ–¥—á–µ—Ä–∫–Ω—É–ª–∏, —á—Ç–æ –Ω–µ –∏—Å–ø–æ–ª—å–∑—É—é—Ç –ø–æ–¥–æ–±–Ω—ã–π —Ç–µ—Ä–º–∏–Ω –ø–æ –æ—Ç–Ω–æ—à–µ–Ω–∏—é –∫ –ø–µ–¥–æ—Ñ–∏–ª–∞–º –≤ —Ä–∞–±–æ—Ç–µ. –¢–µ—Ä–º–∏–Ω –≤–∑—è–ª–∏ –∏–∑ –æ—Ç—á—ë—Ç–∞, –æ—Ç–Ω–æ—Å—è—â–µ–≥–æ—Å—è –∫ –ø—Ä–æ–µ–∫—Ç—É Horizon Project EU. –ó–∞—è–≤–ª—è–µ—Ç—Å—è, —á—Ç–æ –º–µ—Å—Ç–Ω—ã–µ –æ—Ä–≥–∞–Ω—ã ¬´—É—Å–ø–µ—à–Ω–æ –ø—Ä–æ–ª–æ–±–±–∏—Ä–æ–≤–∞–ª–∏ –æ—Ç–∫–∞–∑ –æ—Ç —Ç–µ—Ä–º–∏–Ω–∞ MAP¬ª –µ—â—ë –≤ —Å–µ–Ω—Ç—è–±—Ä–µ.

–†–∞–Ω–µ–µ –≤—ã—è—Å–Ω–∏–ª–æ—Å—å, —á—Ç–æ –±—Ä–∏—Ç–∞–Ω—Å–∫–∏–µ –ø–µ–¥–æ—Ñ–∏–ª—ã —É—Å–ø–µ—à–Ω–æ –ø–æ–ª—å–∑—É—é—Ç—Å—è –∑–∞–∫–æ–Ω–æ–º, –∫–æ—Ç–æ—Ä—ã–π –∑–∞—â–∏—â–∞–µ—Ç —Ç—Ä–∞–Ω—Å–≥–µ–Ω–¥–µ—Ä–æ–≤. –ü–æ—Å–ª–µ –æ—Ç–±—ã–≤–∞–Ω–∏—è —Ç—é—Ä–µ–º–Ω–æ–≥–æ —Å—Ä–æ–∫–∞ –æ–Ω–∏ –º–µ–Ω—è—é—Ç –ø–æ–ª –∏ –ø–æ–ª—É—á–∞—é—Ç –≤–æ–∑–º–æ–∂–Ω–æ—Å—Ç—å —Å–Ω–æ–≤–∞ —Ä–∞–±–æ—Ç–∞—Ç—å —Å –¥–µ—Ç—å–º–∏, —Ç–∞–∫ –∫–∞–∫ –∑–∞–∫–æ–Ω –ø–æ–∑–≤–æ–ª—è–µ—Ç –Ω–µ –∏–Ω—Ñ–æ—Ä–º–∏—Ä–æ–≤–∞—Ç—å —Ä–∞–±–æ—Ç–æ–¥–∞—Ç–µ–ª—è –æ —Å–≤–æ–µ–π ¬´–ø—Ä–æ—à–ª–æ–π –ª–∏—á–Ω–æ—Å—Ç–∏¬ª.

–ó–∞–¥–æ–Ω–∞—Ç–∏—Ç—å —á–µ—Ä–µ–∑ –±–æ—Ç–∞ | Patreon | Boosty | –ü—Ä–µ–¥–ª–æ–∂–∏—Ç—å –Ω–æ–≤–æ—Å—Ç—å",2023-01-02 09:58:07+00:00,
"–í –†–æ—Å—Ç–æ–≤—Å–∫–æ–π –æ–±–ª–∞—Å—Ç–∏ —Ä–∞–∑—ã—Å–∫–∏–≤–∞—é—Ç —à–µ—Å—Ç–µ—Ä—ã—Ö –∑–∞–∫–ª—é—á—ë–Ω–Ω—ã—Ö, —Å–±–µ–∂–∞–≤—à–∏—Ö –∏–∑ —É—á–µ–±–Ω–æ–≥–æ —Ü–µ–Ω—Ç—Ä–∞ –ß–í–ö ¬´–í–∞–≥–Ω–µ—Ä¬ª –≤ –õ–ù–†

–®–µ—Å—Ç–µ—Ä–æ –≤–æ–µ–Ω–Ω—ã—Ö –ø–æ–∫–∏–Ω—É–ª–∏ —Ü–µ–Ω—Ç—Ä –≤ –ö—Ä–∞—Å–Ω–æ–¥–æ–Ω—Å–∫–æ–º —Ä–∞–π–æ–Ω–µ –õ—É–≥–∞–Ω—Å–∫–æ–π –æ–±–ª–∞—Å—Ç–∏ –º–µ–∂–¥—É 21 –∏ 22 –¥–µ–∫–∞–±—Ä—è 2022 –≥–æ–¥–∞. –°–æ–æ–±—â–∞–µ—Ç—Å—è, —á—Ç–æ ¬´—Å—Ä–µ–¥–∏ –Ω–∏—Ö —Ç—Ä–∏ –≥—Ä–∞–∂–¥–∞–Ω–∏–Ω–∞ –£–∑–±–µ–∫–∏—Å—Ç–∞–Ω–∞ –∏ –ø–æ –æ–¥–Ω–æ–º—É ‚Äî –∏–∑ –†–æ—Å—Å–∏–∏, –ë–µ–ª–∞—Ä—É—Å–∏ –∏ –ö–∏—Ä–≥–∏–∑–∏–∏¬ª.

–°—á–∏—Ç–∞–µ—Ç—Å—è, —á—Ç–æ —Å–µ–π—á–∞—Å —Å–±–µ–∂–∞–≤—à–∏–µ –º–æ–≥—É—Ç –Ω–∞—Ö–æ–¥–∏—Ç—å—Å—è –Ω–∞ —Ç–µ—Ä—Ä–∏—Ç–æ—Ä–∏–∏ –†–æ—Å—Ç–æ–≤—Å–∫–æ–π –æ–±–ª–∞—Å—Ç–∏. –ú–µ—Å—Ç–Ω—ã—Ö –∂–∏—Ç–µ–ª–µ–π –ø—Ä–æ—Å—è—Ç ¬´—Å–æ–±–ª—é–¥–∞—Ç—å –º–µ—Ä—ã –ª–∏—á–Ω–æ–π –±–µ–∑–æ–ø–∞—Å–Ω–æ—Å—Ç–∏¬ª –∏ —Å–æ–æ–±—â–∏—Ç—å –æ ¬´–≤–∞–≥–Ω–µ—Ä–æ–≤—Ü–∞—Ö¬ª –ø–æ –Ω–æ–º–µ—Ä—É 112.

–ö–∞–∫ –∏ –∫–∞–¥—ã—Ä–æ–≤—Ü—ã, –ø—Ä–∏–≥–æ–∂–∏–Ω—Å–∫–∏–µ –ø–æ–¥–æ–ø–µ—á–Ω—ã–µ –≤ –∫–æ–Ω—Ü–µ –∫–æ–Ω—Ü–æ–≤ —Å–ª–æ–∂–∏–ª–∏ –¥–≤–∞–∂–¥—ã –¥–≤–∞ –∏ –ø–æ–Ω—è–ª–∏, —á—Ç–æ –Ω–∞ –≥—Ä–∞–∂–¥–∞–Ω–∫–µ —Å–æ–≤–µ—Ä—à–∞—Ç—å –ø–æ–¥–≤–∏–≥–∏ –≥–æ—Ä–∞–∑–¥–æ –ø—Ä–∏—è—Ç–Ω–µ–µ –∏ –±–µ–∑–æ–ø–∞—Å–Ω–µ–µ, —á–µ–º –≤ –æ–∫–æ–ø–µ.

–ó–∞–¥–æ–Ω–∞—Ç–∏—Ç—å —á–µ—Ä–µ–∑ –±–æ—Ç–∞ | Patreon | Boosty | –ü—Ä–µ–¥–ª–æ–∂–∏—Ç—å –Ω–æ–≤–æ—Å—Ç—å",2023-01-02 09:32:07+00:00,
"–ì–ª–∞–≤–∞ NASA –æ–±–≤–∏–Ω–∏–ª –ö–∏—Ç–∞–π –≤ –ø–ª–∞–Ω–∞—Ö –∑–∞—Ö–≤–∞—Ç–∏—Ç—å —Ä–µ—Å—É—Ä—Å–Ω—ã–µ —Ç–µ—Ä—Ä–∏—Ç–æ—Ä–∏–∏ –õ—É–Ω—ã –∏ –Ω–µ –ø—É—Å—Ç–∏—Ç—å —Ç—É–¥–∞ –°–®–ê

–ë–∏–ª–ª –ù–µ–ª—å—Å–æ–Ω –∑–∞—è–≤–∏–ª –æ–± —É–≥—Ä–æ–∑–µ –∑–∞—Ö–≤–∞—Ç–∞ –õ—É–Ω—ã —Å–æ —Å—Ç–æ—Ä–æ–Ω—ã –ö–∏—Ç–∞—è ¬´–ø–æ–¥ –≤–∏–¥–æ–º –Ω–∞—É—á–Ω—ã—Ö –∏—Å—Å–ª–µ–¥–æ–≤–∞–Ω–∏–π¬ª. –í –∫–æ—Å–º–∏—á–µ—Å–∫–æ–º –∞–≥–µ–Ω—Ç—Å—Ç–≤–µ –æ–ø–∞—Å–∞—é—Ç—Å—è, —á—Ç–æ –∏—Ö –ø—Ä–æ–≥—Ä–∞–º–º–∞ –ø–æ –æ–±–µ—Å–ø–µ—á–µ–Ω–∏—é ¬´–ø–æ—Å—Ç–æ—è–Ω–Ω–æ–≥–æ –ø—Ä–∏—Å—É—Ç—Å—Ç–≤–∏—è¬ª –Ω–∞ —Å–ø—É—Ç–Ω–∏–∫–µ –ó–µ–º–ª–∏ –±—É–¥–µ—Ç –æ—Ç—Å—Ç–∞–≤–∞—Ç—å –æ—Ç –∫–∏—Ç–∞–π—Å–∫–æ–π, –∞ –∫–∏—Ç–∞–π—Ü—ã –≤ –∏—Ç–æ–≥–µ –ø–æ—Ç—Ä–µ–±—É—é—Ç –æ—Ç –∞–º–µ—Ä–∏–∫–∞–Ω—Ü–µ–≤ ¬´–¥–µ—Ä–∂–∞—Ç—å—Å—è –ø–æ–¥–∞–ª—å—à–µ¬ª –æ—Ç –±–æ–≥–∞—Ç—ã—Ö —Ä–µ—Å—É—Ä—Å–∞–º–∏ —Ä–∞–π–æ–Ω–æ–≤.

–û–¥–∏–Ω –∏–∑ –±—ã–≤—à–∏—Ö –∫–æ–º–∞–Ω–¥–∏—Ä–æ–≤ –ú–ö–° –æ—Ç–º–µ—Ç–∏–ª, —á—Ç–æ —Ç–µ–∫—É—â–∞—è –∫–æ—Å–º–∏—á–µ—Å–∫–∞—è –≥–æ–Ω–∫–∞ –ø—Ä–µ–¥—Å—Ç–∞–≤–ª—è–µ—Ç —Å–æ–±–æ–π —Å–∫–æ—Ä–µ–µ –ø–æ–ª–∏—Ç–∏—á–µ—Å–∫–æ–µ —Å–æ—Ä–µ–≤–Ω–æ–≤–∞–Ω–∏–µ. –¢–µ–º –Ω–µ –º–µ–Ω–µ–µ, –æ–Ω —Ç–∞–∫–∂–µ –ø–æ–¥—á–µ—Ä–∫–Ω—É–ª, —á—Ç–æ –≤—ã—Å–∞–¥–∫–∞ –∫–æ—Å–º–æ–Ω–∞–≤—Ç–æ–≤ –ö–ù–† –Ω–∞ –õ—É–Ω–µ –º–æ–∂–µ—Ç –Ω–µ—Å—Ç–∏ –∏ ¬´–ø—Ä–∞–∫—Ç–∏—á–µ—Å–∫–∏–µ —É–≥—Ä–æ–∑—ã¬ª.

–§–∞–Ω—Ç–∞—Å—Ç—ã: –Ω–∞ –õ—É–Ω–µ —Ç–∞–π–Ω–æ –∂–∏–≤—É—Ç –Ω–∞—Ü–∏—Å—Ç—ã. –†–µ–∞–ª—å–Ω–æ—Å—Ç—å: –õ—É–Ω—É –≤—ã–¥–∞—é—Ç –ø–æ –∫–∞—Ä—Ç–æ—á–∫–∞–º –∫–æ–º–º—É–Ω–∏—Å—Ç—ã.

–ó–∞–¥–æ–Ω–∞—Ç–∏—Ç—å —á–µ—Ä–µ–∑ –±–æ—Ç–∞ | Patreon | Boosty | –ü—Ä–µ–¥–ª–æ–∂–∏—Ç—å –Ω–æ–≤–æ—Å—Ç—å",2023-01-02 08:55:07+00:00,
"–í –Ω–æ–≤–æ–≥–æ–¥–Ω—é—é –Ω–æ—á—å –í–°–£ —É–¥–∞—Ä–∏–ª–∏ –ø–æ –±–∞–∑–µ –≤—Ä–µ–º–µ–Ω–Ω–æ–≥–æ —Ä–∞–∑–º–µ—â–µ–Ω–∏—è —Ä–æ—Å—Å–∏–π—Å–∫–∏—Ö –º–æ–±–∏–ª–∏–∑–æ–≤–∞–Ω–Ω—ã—Ö –≤ –ú–∞–∫–µ–µ–≤–∫–µ

–°–æ–ª–¥–∞—Ç—ã –±—ã–ª–∏ —Ä–∞–∑–º–µ—â–µ–Ω—ã –≤ –∑–¥–∞–Ω–∏–∏ –ø—Ä–æ—Ñ—Ç–µ—Ö—É—á–∏–ª–∏—â–∞ ‚Ññ19 –Ω–∞ –ö—Ä–µ–º–ª—ë–≤—Å–∫–æ–π —É–ª–∏—Ü–µ. –†–æ—Å—Å–∏–π—Å–∫–∏–µ –∏—Å—Ç–æ—á–Ω–∏–∫–∏ —Å–æ–æ–±—â–∞—é—Ç, —á—Ç–æ —É–¥–∞—Ä –ø–æ –æ–±—ä–µ–∫—Ç—É –Ω–∞–Ω–µ—Å–ª–∏ –≤—ã—Å–æ–∫–æ—Ç–æ—á–Ω–æ–π —Ä–∞–∫–µ—Ç–æ–π –∏–∑ –∫–æ–º–ø–ª–µ–∫—Å–∞ HIMARS.

–ö–∏–µ–≤—Å–∫–∏–µ –≤–ª–∞—Å—Ç–∏ —É—Ç–≤–µ—Ä–∂–¥–∞—é—Ç, —á—Ç–æ –≤ —Ä–µ–∑—É–ª—å—Ç–∞—Ç–µ —É–¥–∞—Ä–∞ –ø–æ–≥–∏–±–ª–∏ 400 –º–æ–±–∏–ª–∏–∑–æ–≤–∞–Ω–Ω—ã—Ö, –µ—â—ë –æ–∫–æ–ª–æ 300 –ø–æ–ª—É—á–∏–ª–∏ —Ä–∞–Ω–µ–Ω–∏—è.

–û —Å–æ—Ç–Ω—è—Ö –ø–æ–≥–∏–±—à–∏—Ö –ø–∏—à—É—Ç –∏ –ø—Ä–æ–∫—Ä–µ–º–ª–µ–≤—Å–∫–∏–µ Telegram-–∫–∞–Ω–∞–ª—ã. –¢–∞–∫, ¬´–¶–∞—Ä—å–≥—Ä–∞–¥¬ª —Å–æ–æ–±—â–∏–ª, —á—Ç–æ –≤ –º–µ—Å—Ç–Ω—ã—Ö —á–∞—Ç–∞—Ö —á–∏—Å–ª–æ –ø–æ–≥–∏–±—à–∏—Ö –æ—Ü–µ–Ω–∏–≤–∞—é—Ç ¬´—Å–æ—Ç–Ω—è–º–∏ —á–µ–ª–æ–≤–µ–∫¬ª. –ö–∞–Ω–∞–ª ¬´–û–ø–µ—Ä–∞—Ç–∏–≤–Ω—ã–µ —Å–≤–æ–¥–∫–∏¬ª –∑–∞—è–≤–∏–ª –æ 500 –ø–æ–≥–∏–±—à–∏—Ö. –í–æ–µ–Ω–Ω—ã–π –±–ª–æ–≥–µ—Ä –ë–æ—Ä–∏—Å –†–æ–∂–∏–Ω —Å–æ–æ–±—â–∏–ª –≤–µ—á–µ—Ä–æ–º 1 —è–Ω–≤–∞—Ä—è, —á—Ç–æ ¬´–∑–∞–≤–∞–ª—ã –µ—â–µ —Ä–∞–∑–±–∏—Ä–∞—é—Ç¬ª.

–í –ú–∏–Ω–æ–±–æ—Ä–æ–Ω—ã –†–æ—Å—Å–∏–∏ –∏–Ω—Ñ–æ—Ä–º–∞—Ü–∏—é –ø–æ–∫–∞ –Ω–µ –∫–æ–º–º–µ–Ω—Ç–∏—Ä–æ–≤–∞–ª–∏.

–ó–∞–¥–æ–Ω–∞—Ç–∏—Ç—å —á–µ—Ä–µ–∑ –±–æ—Ç–∞ | Patreon | Boosty | –ü—Ä–µ–¥–ª–æ–∂–∏—Ç—å –Ω–æ–≤–æ—Å—Ç—å",2023-01-02 08:37:09+00:00,
"–î–∂–µ—Ä–µ–º–∏ –†–µ–Ω–Ω–µ—Ä –ø–æ–ø–∞–ª –≤ –±–æ–ª—å–Ω–∏—Ü—É –≤ –∫—Ä–∏—Ç–∏—á–µ—Å–∫–æ–º —Å–æ—Å—Ç–æ—è–Ω–∏–∏

–ê–º–µ—Ä–∏–∫–∞–Ω—Å–∫–∏–π –∞–∫—Ç–µ—Ä, –∏–∑–≤–µ—Å—Ç–Ω—ã–π –ø–æ —Ä–æ–ª–∏ –°–æ–∫–æ–ª–∏–Ω–æ–≥–æ –≥–ª–∞–∑–∞, –±—ã–ª –≥–æ—Å–ø–∏—Ç–∞–ª–∏–∑–∏—Ä–æ–≤–∞–Ω –∏–∑-–∑–∞ —Ç—Ä–∞–≤–º—ã, –ø–æ–ª—É—á–µ–Ω–Ω–æ–π –ø—Ä–∏ —É–±–æ—Ä–∫–µ —Å–Ω–µ–≥–∞. –û–Ω –ø–æ–ø–∞–ª –≤ –î–¢–ü –Ω–∞ —Å–Ω–µ–≥–æ—É–±–æ—Ä–æ—á–Ω–æ–π –º–∞—à–∏–Ω–µ. –ü–æ —Å–ª–æ–≤–∞–º –ø—Ä–µ–¥—Å—Ç–∞–≤–∏—Ç–µ–ª—è –∞–∫—Ç–µ—Ä–∞, –æ–Ω –Ω–∞—Ö–æ–¥–∏—Ç—Å—è –≤ –±–æ–ª—å–Ω–∏—Ü–µ –≤ ¬´–∫—Ä–∏—Ç–∏—á–µ—Å–∫–æ–º, –Ω–æ —Å—Ç–∞–±–∏–ª—å–Ω–æ–º —Å–æ—Å—Ç–æ—è–Ω–∏–∏¬ª.

–ó–∞–¥–æ–Ω–∞—Ç–∏—Ç—å —á–µ—Ä–µ–∑ –±–æ—Ç–∞ | Patreon | Boosty | –ü—Ä–µ–¥–ª–æ–∂–∏—Ç—å –Ω–æ–≤–æ—Å—Ç—å",2023-01-02 08:28:07+00:00,
"–ñ–∏—Ç–µ–ª–∏ –í–æ—Ä–æ–Ω–µ–∂–∞ —Å–æ–æ–±—â–∏–ª–∏ –æ –≥—Ä–æ–º–∫–æ–º –≤–∑—Ä—ã–≤–µ –≤ –Ω–æ—á—å –Ω–∞ 2 —è–Ω–≤–∞—Ä—è

–û–Ω –ø—Ä–æ–≥—Ä–µ–º–µ–ª –Ω–∞ –æ–∫—Ä–∞–∏–Ω–µ –≥–æ—Ä–æ–¥–∞, –≤ —Ä–∞–π–æ–Ω–µ –≤–æ–µ–Ω–Ω–æ–≥–æ –∞—ç—Ä–æ–¥—Ä–æ–º–∞ ¬´–ë–∞–ª—Ç–∏–º–æ—Ä¬ª. –ü—Ä–∞–≤–∏—Ç–µ–ª—å—Å—Ç–≤–æ –æ–±–ª–∞—Å—Ç–∏ —É—Ç–≤–µ—Ä–∂–¥–∞–µ—Ç, —á—Ç–æ —ç—Ç–æ —Å–±–∏–ª–∏ —É–∫—Ä–∞–∏–Ω—Å–∫–∏–π –¥—Ä–æ–Ω:

¬´–°–µ–≥–æ–¥–Ω—è –Ω–æ—á—å—é –Ω–∞ –ø–æ–¥–ª–µ—Ç–µ –∫ –í–æ—Ä–æ–Ω–µ–∂—É –±—ã–ª –æ–±–Ω–∞—Ä—É–∂–µ–Ω –∏ —Å–±–∏—Ç —Å—Ä–µ–¥—Å—Ç–≤–∞–º–∏ –ü–í–û –º–∞–ª–æ–≥–∞–±–∞—Ä–∏—Ç–Ω—ã–π —Ä–∞–∑–≤–µ–¥—ã–≤–∞—Ç–µ–ª—å–Ω—ã–π –±–µ—Å–ø–∏–ª–æ—Ç–Ω—ã–π –ª–µ—Ç–∞—Ç–µ–ª—å–Ω—ã–π –∞–ø–ø–∞—Ä–∞—Ç, –∑–∞–ø—É—â–µ–Ω–Ω—ã–π —Å —Ç–µ—Ä—Ä–∏—Ç–æ—Ä–∏–∏ –£–∫—Ä–∞–∏–Ω—ã. –ñ–µ—Ä—Ç–≤ –∏ —Ä–∞–∑—Ä—É—à–µ–Ω–∏–π –Ω–∞ –∑–µ–º–ª–µ –Ω–µ—Ç, —Å–∏—Ç—É–∞—Ü–∏—è –ø–æ–¥ –∫–æ–Ω—Ç—Ä–æ–ª–µ–º¬ª.

–í–æ—Ä–æ–Ω–µ–∂ –Ω–µ –∑—Ä—è –ø—É–≥–∞–ª–∏ –≤—Å–µ —ç—Ç–∏ –≥–æ–¥—ã, –æ–Ω –±—ã–ª –≥–æ—Ç–æ–≤ –∫ —É–¥–∞—Ä—É.

–ó–∞–¥–æ–Ω–∞—Ç–∏—Ç—å —á–µ—Ä–µ–∑ –±–æ—Ç–∞ | Patreon | Boosty | –ü—Ä–µ–¥–ª–æ–∂–∏—Ç—å –Ω–æ–≤–æ—Å—Ç—å",2023-01-02 08:08:09+00:00,
"–í–æ –§—Ä–∞–Ω—Ü–∏–∏ –ø—Ä–µ–∑–µ—Ä–≤–∞—Ç–∏–≤—ã –¥–ª—è –ª—é–¥–µ–π –¥–æ 25 –ª–µ—Ç —Å–¥–µ–ª–∞–ª–∏ –±–µ—Å–ø–ª–∞—Ç–Ω—ã–º–∏

–ö–∞–∂–¥—ã–π –º–æ–ª–æ–¥–æ–π —á–µ–ª–æ–≤–µ–∫ –∏–ª–∏ –¥–µ–≤—É—à–∫–∞ –¥–æ 26 –ª–µ—Ç —Å–º–æ–≥—É—Ç –ø–æ–ª—É—á–∞—Ç—å –ø–æ –∫–æ—Ä–æ–±–∫–µ –ø—Ä–µ–∑–µ—Ä–≤–∞—Ç–∏–≤–æ–≤ –≤ –¥–µ–Ω—å. –¢–µ, –∫–æ–º—É —É–∂–µ –∏—Å–ø–æ–ª–Ω–∏–ª–æ—Å—å 18, –¥–æ–ª–∂–Ω—ã –±—É–¥—É—Ç –ø—Ä–µ–¥—ä—è–≤–∏—Ç—å –ø–æ–ª–∏—Å (carte vitale). –ù–µ—Å–æ–≤–µ—Ä—à–µ–Ω–Ω–æ–ª–µ—Ç–Ω–∏–º –±—É–¥–µ—Ç –¥–æ—Å—Ç–∞—Ç–æ—á–Ω–æ —É–∫–∞–∑–∞—Ç—å –¥–∞—Ç—É —Ä–æ–∂–¥–µ–Ω–∏—è.

–ú–∏–Ω–∏–º–∞–ª—å–Ω–æ–≥–æ –≤–æ–∑—Ä–∞—Å—Ç–∞ –¥–ª—è –ø–æ–ª—É—á–µ–Ω–∏—è –∫–æ–Ω—Ç—Ä–∞—Ü–µ–ø—Ç–∏–≤–æ–≤ –Ω–µ—Ç: —Ñ–∞—Ä–º–∞—Ü–µ–≤—Ç –±—É–¥–µ—Ç —É—Å—Ç–∞–Ω–∞–≤–ª–∏–≤–∞—Ç—å —Ç–∞–∫–æ–≤–æ–π —Å–∞–º–æ—Å—Ç–æ—è—Ç–µ–ª—å–Ω–æ. –ú–µ—Ä—É –≤–≤–æ–¥—è—Ç –≤ —Ä–∞–º–∫–∞—Ö –±–æ—Ä—å–±—ã —Å –ó–ü–ü–ü, –∞ —Ç–∞–∫–∂–µ —Å–æ–∫—Ä–∞—â–µ–Ω–∏—è —á–∏—Å–ª–∞ –í–ò–ß-–∏–Ω—Ñ–∏—Ü–∏—Ä—É–µ–º—ã—Ö. –ü–æ–ª—É—á–∏—Ç—å –∫–æ–Ω—Ç—Ä–∞—Ü–µ–ø—Ç–∏–≤—ã –º–æ–∂–Ω–æ –±—É–¥–µ—Ç –≤ –∞–ø—Ç–µ–∫–∞—Ö.

–ó–∞–¥–æ–Ω–∞—Ç–∏—Ç—å —á–µ—Ä–µ–∑ –±–æ—Ç–∞ | Patreon | Boosty | –ü—Ä–µ–¥–ª–æ–∂–∏—Ç—å –Ω–æ–≤–æ—Å—Ç—å",2023-01-02 07:54:06+00:00,
"–ß–∏—Å–ª–æ —Ä–æ—Å—Å–∏—è–Ω —Å –∑–∞–ø—Ä–µ—Ç–æ–º –Ω–∞ –≤—ã–µ–∑–¥ –∑–∞ —Ä—É–±–µ–∂ –∏–∑-–∑–∞ –¥–æ–ª–≥–æ–≤ –¥–æ—Å—Ç–∏–≥–ª–æ —Ä–µ–∫–æ—Ä–¥–Ω—ã—Ö 8 –º–∏–ª–ª–∏–æ–Ω–æ–≤

–í –ø—Ä–µ—Å—Å-—Å–ª—É–∂–±–µ –§–°–°–ü —Å–æ–æ–±—â–∏–ª–∏, —á—Ç–æ ¬´–≤ –Ω–∞—Å—Ç–æ—è—â–µ–µ –≤—Ä–µ–º—è –ø–æ—Å—Ç–∞–Ω–æ–≤–ª–µ–Ω–∏—è –æ –≤—Ä–µ–º–µ–Ω–Ω–æ–º –æ–≥—Ä–∞–Ω–∏—á–µ–Ω–∏–∏ –¥–æ–ª–∂–Ω–∏–∫–æ–≤ –≤ –ø—Ä–∞–≤–µ –≤—ã–µ–∑–¥–∞ –∏–∑ –†–æ—Å—Å–∏–π—Å–∫–æ–π –§–µ–¥–µ—Ä–∞—Ü–∏–∏ –¥–µ–π—Å—Ç–≤—É—é—Ç –≤ —Ä–∞–º–∫–∞—Ö 8 –º–∏–ª–ª–∏–æ–Ω–æ–≤ –∏—Å–ø–æ–ª–Ω–∏—Ç–µ–ª—å–Ω—ã—Ö –ø—Ä–æ–∏–∑–≤–æ–¥—Å—Ç–≤¬ª. –í –ø—Ä–æ—à–ª–æ–º –≥–æ–¥—É –∏—Ö –∫–æ–ª–∏—á–µ—Å—Ç–≤–æ —Å–æ—Å—Ç–∞–≤–ª—è–ª–æ 5,5 –º–∏–ª–ª–∏–æ–Ω–æ–≤.

–û–≥—Ä–∞–Ω–∏—á–µ–Ω–∏—è –Ω–∞ –≤—ã–µ–∑–¥ –ø–æ—è–≤–∏–ª–∏—Å—å –≤ 2008 –≥–æ–¥—É. –ò—Ö –≤–≤–µ–ª–∏ –ø—Ä–∏ –ø–æ–º–æ—â–∏ N 229-–§–ó ¬´–û–± –∏—Å–ø–æ–ª–Ω–∏—Ç–µ–ª—å–Ω–æ–º –ø—Ä–æ–∏–∑–≤–æ–¥—Å—Ç–≤–µ¬ª. –û–Ω –ø–æ–∑–≤–æ–ª—è–µ—Ç –ø—Ä–∏—Å—Ç–∞–≤–∞–º –≤—ã–ø—É—Å–∫–∞—Ç—å –ø–æ—Å—Ç–∞–Ω–æ–≤–ª–µ–Ω–∏—è –æ –∑–∞–ø—Ä–µ—Ç–µ –Ω–∞ –≤—ã–µ–∑–¥, –µ—Å–ª–∏ —Ä–æ—Å—Å–∏—è–Ω–∏–Ω –Ω–µ –æ–ø–ª–∞—Ç–∏–ª –∑–∞–¥–æ–ª–∂–µ–Ω–Ω–æ—Å—Ç–∏ ¬´–±–µ–∑ —É–≤–∞–∂–∏—Ç–µ–ª—å–Ω—ã—Ö –ø—Ä–∏—á–∏–Ω¬ª.

–ü–æ—Å–ª–µ –Ω–∞—á–∞–ª–∞ ¬´—á–∞—Å—Ç–∏—á–Ω–æ–π¬ª –º–æ–±–∏–ª–∏–∑–∞—Ü–∏–∏ –§–ù–° –æ–±—ä—è–≤–∏–ª–∞ –æ —Ç–æ–º, —á—Ç–æ –ø—Ä–∏–∑—ã–≤ –Ω–∞ —Å–ª—É–∂–±—É –Ω–µ –æ—Å–≤–æ–±–æ–∂–¥–∞–µ—Ç –æ—Ç —É–ø–ª–∞—Ç—ã –Ω–∞–ª–æ–≥–æ–≤ –∏ –ø–æ–¥–∞—á–∏ –æ—Ç—á–µ—Ç–Ω–æ—Å—Ç–∏. –í—Å–∫–æ—Ä–µ —Ä–æ–¥—Å—Ç–≤–µ–Ω–Ω–∏–∫–∏ –æ—Ç–ø—Ä–∞–≤–∏–≤—à–∏—Ö—Å—è –Ω–∞ —Ñ—Ä–æ–Ω—Ç –º—É–∂—á–∏–Ω –Ω–∞—á–∞–ª–∏ –∂–∞–ª–æ–≤–∞—Ç—å—Å—è, —á—Ç–æ –∏–º –Ω–µ –ø—Ä–µ–¥–æ—Å—Ç–∞–≤–ª—è—é—Ç –∫—Ä–µ–¥–∏—Ç–Ω—ã—Ö –∫–∞–Ω–∏–∫—É–ª. –ù–æ –∑–∞—Ç–æ —Å–µ–º—å–∏ –º–æ–±–∏–ª–∏–∑–æ–≤–∞–Ω–Ω—ã—Ö –≤ –ø–æ–ª–Ω–æ–º –æ–±—ä—ë–º–µ –ø–æ–ª—É—á–∞—é—Ç —Å–ª–∞–¥–æ—Å—Ç–∏ –∏ –ø–æ–ª–æ—Ç–µ–Ω—Ü–∞.

–ó–∞–¥–æ–Ω–∞—Ç–∏—Ç—å —á–µ—Ä–µ–∑ –±–æ—Ç–∞ | Patreon | Boosty | –ü—Ä–µ–¥–ª–æ–∂–∏—Ç—å –Ω–æ–≤–æ—Å—Ç—å",2023-01-02 07:20:07+00:00,
"–ö —á–µ–º—É –ø—Ä–∏–≤–µ–ª–æ –∑–∞–º–∞–ª—á–∏–≤–∞–Ω–∏–µ —Ç–µ–æ—Ä–∏–∏ –æ –ª–∞–±–æ—Ä–∞—Ç–æ—Ä–Ω–æ–π —É—Ç–µ—á–∫–µ –∫–æ—Ä–æ–Ω–∞–≤–∏—Ä—É—Å–∞

–° —Å–∞–º–æ–≥–æ –Ω–∞—á–∞–ª–∞ —ç–ø–∏–¥–µ–º–∏–∏ –∫–∏—Ç–∞–π—Å–∫–æ–≥–æ –∫–æ—Ä–æ–Ω–∞–≤–∏—Ä—É—Å–∞ —Å—É—â–µ—Å—Ç–≤–æ–≤–∞–ª–∏ –ø–æ–¥–æ–∑—Ä–µ–Ω–∏—è –æ –µ–≥–æ –ª–∞–±–æ—Ä–∞—Ç–æ–Ω–æ–º –ø—Ä–æ–∏—Å—Ö–æ–∂–¥–µ–Ω–∏–∏. –¢–µ–º –Ω–µ –º–µ–Ω–µ–µ, –ª–∏–±–µ—Ä–∞–ª—å–Ω—ã–µ —É—á—ë–Ω—ã–µ –∑–∞–º–∞–ª—á–∏–≤–∞–ª–∏ –Ω–µ—É–¥–æ–±–Ω—É—é –ø—Ä–∞–≤–¥—É. 

–ß—Ç–æ –ø—Ä–æ–∏—Å—Ö–æ–¥–∏—Ç, –∫–æ–≥–¥–∞ –∏—Å—Å–ª–µ–¥–æ–≤–∞—Ç–µ–ª–∏ —Å—á–∏—Ç–∞—é—Ç —Å–≤–æ–∏–º –¥–æ–ª–≥–æ–º –ø—Ä–æ–¥–≤–∏–≥–∞—Ç—å –æ–ø—Ä–µ–¥–µ–ª—ë–Ω–Ω—ã–µ —Ü–µ–ª–∏ –¥–∞–∂–µ –≤ —É—â–µ—Ä–± –∑–¥–æ—Ä–æ–≤—å—é –ª—é–¥–µ–π ‚Äì —á–∏—Ç–∞–π—Ç–µ –≤ –ø–µ—Ä–µ–≤–æ–¥–µ –î–∂—É–ª–∏–µ—Ç –°—ç–º—é—ç–ª—å.

–ó–∞–¥–æ–Ω–∞—Ç–∏—Ç—å —á–µ—Ä–µ–∑ –±–æ—Ç–∞ | Patreon | Boosty | –ü—Ä–µ–¥–ª–æ–∂–∏—Ç—å –Ω–æ–≤–æ—Å—Ç—å",2023-01-01 12:14:31+00:00,
"‚òÉÔ∏è –õ—É—á—à–∏–µ –Ω–æ–≤–æ–≥–æ–¥–Ω–∏–µ —Å–∞–ª—é—Ç—ã –º–∏—Ä–∞üéÑ

–ú–∞–≥–∏—è –ù–æ–≤–æ–≥–æ –≥–æ–¥–∞ –æ–∫—É—Ç–∞–ª–∞ –∑–µ–º–Ω–æ–π —à–∞—Ä, –æ–±—ä–µ–¥–∏–Ω–∏–≤ –ª—é–¥–µ–π! –ü—Ä–∏—Å—ã–ª–∞–π—Ç–µ –≤ –∫–æ–º–º–µ–Ω—Ç—ã —Å–≤–æ–π, —Å–∞–º—ã–π –ª—É—á—à–∏–π –≤ –º–∏—Ä–µ —Å–∞–ª—é—Ç, —Å–æ–±–µ—Ä—ë–º –∏—Ö –≤—Å–µ! ü•≥

–ó–∞–¥–æ–Ω–∞—Ç–∏—Ç—å —á–µ—Ä–µ–∑ –±–æ—Ç–∞ | Patreon | Boosty | –ü—Ä–µ–¥–ª–æ–∂–∏—Ç—å –Ω–æ–≤–æ—Å—Ç—å",2023-01-01 07:05:43+00:00,
"üá∫üá¶ –£–∫—Ä–∞–∏–Ω—Ü—ã –ø—Ä–æ–≤–µ–ª–∏ –Ω–æ–≤–æ–≥–æ–¥–Ω—é—é –Ω–æ—á—å –≤ —É–∫—Ä—ã—Ç–∏—è—Ö –∏–∑-–∑–∞ –Ω–æ–≤–æ–π –∞—Ç–∞–∫–∏ –í–° –†–§

–ü–æ —Å–æ–æ–±—â–µ–Ω–∏—è–º –≤–ª–∞—Å—Ç–µ–π –£–∫—Ä–∞–∏–Ω—ã –í–° –†–§ –ø–æ–¥–≤–µ—Ä–≥–ª–∏ —Ç–µ—Ä—Ä–∏—Ç–æ—Ä–∏—é —Å—Ç—Ä–∞–Ω—ã –æ—á–µ—Ä–µ–¥–Ω–æ–π –º–∞—Å—Å–∏—Ä–æ–≤–∞–Ω–Ω–æ–π –±–æ–º–±–µ–∂–∫–µ –≤ –Ω–æ–≤–æ–≥–æ–¥–Ω—é—é –Ω–æ—á—å. –í–º–µ—Å—Ç–æ –ø—Ä–∞–∑–¥–Ω–æ–≤–∞–Ω–∏—è –ù–æ–≤–æ–≥–æ –≥–æ–¥–∞ –ø–æ–ª–æ–≤–∏–Ω—É –Ω–æ—á–∏ —É–∫—Ä–∞–∏–Ω—Ü–∞–º –ø—Ä–∏—à–ª–æ—Å—å –ø—Ä–æ—Å–∏–¥–µ—Ç—å –≤ –±–æ–º–±–æ—É–±–µ–∂–∏—â–∞—Ö. 

–¢–æ–ª—å–∫–æ –Ω–∞–¥ –ö–∏–µ–≤–æ–º –ü–í–û —É–¥–∞–ª–æ—Å—å —Å–±–∏—Ç—å 32 –ª–µ—Ç—è—â–∏—Ö —Ü–µ–ª–∏, –∞ –æ–±–ª–æ–º–∫–∞–º–∏  —Ä–∞–∫–µ—Ç—ã –±—ã–ª –ø–æ–≤—Ä–µ–∂–¥–µ–Ω –≥—Ä–∞–∂–¥–∞–Ω—Å–∫–∏–π –∞–≤—Ç–æ–º–æ–±–∏–ª—å. –•–µ—Ä—Å–æ–Ω –≤ —Ä–µ–∑—É–ª—å—Ç–∞—Ç–µ –æ–±—Å—Ç—Ä–µ–ª–∞ –≤–æ–≤—Å–µ –æ—Å—Ç–∞–ª—Å—è –±–µ–∑ —ç–ª–µ–∫—Ç—Ä–∏—á–µ—Å—Ç–≤–∞ ‚Äî –æ–¥–Ω–∞ –∏–∑ —Ä–∞–∫–µ—Ç –ø–æ–ø–∞–ª–∞ –≤ –æ–±—ä–µ–∫—Ç —ç–Ω–µ—Ä–≥–µ—Ç–∏—á–µ—Å–∫–æ–π –∏–Ω—Ñ—Ä–∞—Å—Ç—Ä—É–∫—Ç—É—Ä—ã. 

–ó–∞–¥–æ–Ω–∞—Ç–∏—Ç—å —á–µ—Ä–µ–∑ –±–æ—Ç–∞ | Patreon | Boosty | –ü—Ä–µ–¥–ª–æ–∂–∏—Ç—å –Ω–æ–≤–æ—Å—Ç—å",2023-01-01 05:35:34+00:00,
"–ù–æ–≤–æ–≥–æ–¥–Ω—è—è –Ω–æ—á—å –≤ —Ü–µ–Ω—Ç—Ä–µ –ú–æ—Å–∫–≤—ã: –∑–∞–¥–µ—Ä–∂–∞–Ω–∏—è, —Ç–æ–ª–ø—ã –ø–æ–ª–∏—Ü–µ–π—Å–∫–∏—Ö –∏ –∞–≤—Ç–æ–∑–∞–∫–∏

–ú–æ—Å–∫–æ–≤—Å–∫–∞—è –º—ç—Ä–∏—è –∏ —Å—Ç–æ–ª–∏—á–Ω–∞—è –ø–æ–ª–∏—Ü–∏—è –ø–æ–º–æ–≥–ª–∏ –º–æ—Å–∫–≤–∏—á–∞–º –∏ –≥–æ—Å—Ç—è–º —Å—Ç–æ–ª–∏—Ü—ã —Å –Ω–æ–≤–æ–≥–æ–¥–Ω–∏–º –Ω–∞—Å—Ç—Ä–æ–µ–Ω–∏–µ–º. 

–î–ª—è —Ç–µ—Ö, –∫—Ç–æ –Ω–µ –∑–∞—Ö–æ—Ç–µ–ª –ø—Ä–∞–∑–¥–Ω–æ–≤–∞—Ç—å –Ω–æ–≤—ã–π –≥–æ–¥ –ø—Ä–∞–≤–∏–ª—å–Ω–æ –∏ –≤—ã–±—Ä–∞—Ç—å –¥—Ä—É–≥–∏–µ –º–∞—Ä—à—Ä—É—Ç—ã –ø—Ä–æ–≥—É–ª–∫–∏, —É –≤–ª–∞—Å—Ç–µ–π –ø—Ä–∏–ø–∞—Å–µ–Ω–æ –æ—Å–æ–±–æ–µ —Ä–∞–∑–≤–ª–µ—á–µ–Ω–∏–µ ‚Äî —Ç—Ä–∞–º–±–æ–≤–∞–Ω–∏–µ –Ω–∞ —Å–≤–µ–∂–µ—É–ª–æ–∂–µ–Ω–æ–π —Å–æ–±—è–Ω–∏–Ω—Å–∫–æ–π –ø–ª–∏—Ç–∫–µ –∏ –ø–æ–≥—Ä—É–∑–∫–∞ –≤ —Ç–µ–ø–ª—ã–π –∞–≤—Ç–æ–∑–∞–∫. 

–ó–∞–¥–æ–Ω–∞—Ç–∏—Ç—å —á–µ—Ä–µ–∑ –±–æ—Ç–∞ | Patreon | Boosty | –ü—Ä–µ–¥–ª–æ–∂–∏—Ç—å –Ω–æ–≤–æ—Å—Ç—å",2023-01-01 03:23:38+00:00,
"–ß—Ç–æ —Å–ª—É—á–∏–ª–æ—Å—å 31 –¥–µ–∫–∞–±—Ä—è, –≤ 311-–π –¥–µ–Ω—å –≤–æ–π–Ω—ã, —Å–∞–º–æ–µ –≤–∞–∂–Ω–æ–µ:

‚Äî –í–° –†–§ –æ–±—Å—Ç—Ä–µ–ª—è–ª–∏ –£–∫—Ä–∞–∏–Ω—É, –∑–∞–ø—É—â–µ–Ω–æ –±–æ–ª–µ–µ 20 —Ä–∞–∫–µ—Ç, –º–∏–Ω–∏–º—É–º —á–µ—Ç–≤–µ—Ä–æ —Ä–∞–Ω–µ–Ω—ã

‚Äî –ù–∞ –ö—Ä–∞—Å–Ω–æ–π –ø–ª–æ—â–∞–¥–∏ –º—É–∂—á–∏–Ω–∞ –ø–æ–ø—ã—Ç–∞–ª—Å—è –ø–æ–¥–∂–µ—á—å –µ–ª–∫—É ‚Äî ¬´–ò–∑–≤–µ—Å—Ç–∏—è¬ª

‚Äî –ò—Ç–∞–ª—å—è–Ω—Å–∫–∏–π —Ç–µ–∞—Ç—Ä –æ—Ç–º–µ–Ω–∏–ª –≤—ã—Å—Ç—É–ø–ª–µ–Ω–∏–µ —Ç–∞–Ω—Ü–æ—Ä–∞-–ø—É—Ç–∏–Ω–∏—Å—Ç–∞ –°–µ—Ä–≥–µ—è –ü–æ–ª—É–Ω–∏–Ω–∞

‚Äî –£–º–µ—Ä –ø–∞–ø–∞ —Ä–∏–º—Å–∫–∏–π –Ω–∞ –ø–æ–∫–æ–µ –ë–µ–Ω–µ–¥–∏–∫—Ç XVI

‚Äî –ñ–∏—Ç–µ–ª—è–º –ë–µ–ª–≥–æ—Ä–æ–¥–∞ –≤ –Ω–æ–≤–æ–≥–æ–¥–Ω—é—é –Ω–æ—á—å –Ω–∞ –≥–æ—Ä–æ–¥—Å–∫–æ–π –ø–ª–æ—â–∞–¥–∏ —Ä–∞–∑–¥–∞–ª–∏ –∫–∞—Ä—Ç—ã —É–∫—Ä—ã—Ç–∏–π

‚Äî –ü—É—Ç–∏–Ω –≤—ã—Å—Ç—É–ø–∏–ª —Å –ù–æ–≤–æ–≥–æ–¥–Ω–∏–º –æ–±—Ä–∞—â–µ–Ω–∏–µ–º –Ω–∞ —Ñ–æ–Ω–µ –≤–æ–µ–Ω–Ω—ã—Ö

‚Äî –ò—Ç–æ–≥–∏ –≥–æ–¥–∞ –æ—Ç —Å–º–º—â–∏–∫–æ–≤ SVTV

üçæ –ù–æ–≤–æ–≥–æ–¥–Ω–µ–µ –ø–æ–∑–¥—Ä–∞–≤–ª–µ–Ω–∏–µ –∏–∑–¥–∞—Ç–µ–ª—è SVTV –ú–∏—Ö–∞–∏–ª–∞ –°–≤–µ—Ç–æ–≤–∞

üéâ–î–æ–ª–≥–æ–∂–¥–∞–Ω–Ω—ã–π –∫–æ–ª–ª–∞–± SVTV –∏ RedShield VPN! 
–û–ø–ª–∞—Ç–∏ –ø–æ–¥–ø–∏—Å–∫—É –Ω–∞ SVTV –∏ –ø–æ–ª—É—á–∏ –ø—Ä–æ–º–æ–∫–æ–¥ ‚Äî –¥–æ 2 –ª–µ—Ç –±–µ—Å–ø–ª–∞—Ç–Ω–æ–≥–æ VPN!

üéÅ–§–∏—Ä–º–µ–Ω–Ω—ã–π —Å—Ç–∏–∫–µ—Ä–ø–∞–∫ SVTV! –ü–æ–∑–¥—Ä–∞–≤–ª—è–µ–º —Å –ù–æ–≤—ã–º –≥–æ–¥–æ–º, –±—É–¥—å—Ç–µ —Å—á–∞—Å—Ç–ª–∏–≤—ã ^_^",2022-12-31 23:00:50+00:00,
"üéÑ–ü–∞–≤–µ–ª –î—É—Ä–æ–≤ –æ–ø—É–±–ª–∏–∫–æ–≤–∞–ª –ø–æ–∑–¥—Ä–∞–≤–ª–µ–Ω–∏–µ —Å –ù–æ–≤—ã–º –≥–æ–¥–æ–º. –û–Ω –ø–æ–∂–µ–ª–∞–ª —Å–æ—Å—Ç–æ—è–Ω–∏—è –ø–æ—Ç–æ–∫–∞ –∏ –Ω–∞–ø–æ–ª–Ω–µ–Ω–Ω–æ—Å—Ç–∏ –≤ 2023 –≥–æ–¥—É.

–ú—ã –ø—Ä–∏—Å–æ–µ–¥–∏–Ω—è–µ–º—Å—è –∫ –ø–æ–∑–¥—Ä–∞–≤–ª–µ–Ω–∏—é –ü–∞–≤–ª–∞ –∏ –ø—Ä–µ–¥–ª–∞–≥–∞–µ–º –µ–º—É –≤ —á–µ—Å—Ç—å –Ω–æ–≤–æ–≥–æ –≥–æ–¥–∞ –æ–±–µ—Å–ø–µ—á–∏—Ç—å –ø–æ—Ç–æ–∫ –≤ –∫—Ä–∏–ø—Ç–æ–∫–æ—à–µ–ª—å–∫–∏ SVTV News. –ü–æ —ç—Ç–æ–º—É —Å–ª—É—á–∞—é —É –Ω–∞—Å –¥–∞–∂–µ –æ—Ç–∫—Ä—ã—Ç TON! –ù–æ –¥–ª—è –≤–µ—Ä–Ω–æ—Å—Ç–∏ ‚Äî –ª—É—á—à–µ –ø–æ –ø–æ—Ç–æ–∫—É –Ω–∞ –∫–∞–∂–¥—ã–π –∫–æ—à–µ–ª—ë–∫.

BTC 1EahjiPKXyAFRbTC9HYL67TMQjZZgfFw9g
LTC LTwfHhGa7bQfXhPY7hn7Y1ajhcGMrpcD2N
BCH qzk27dg92j6hfftx7hfa6jyyy60ylsutdg2hgz28na
DASH XtqFqLi8VJV7eJ1s98MLbNmSNdZ81vbNVt
ETH 0√ó19330e83c2059Ad5B67b8431dd6ba4BD848dec67
TON EQCWz0h6Q63UdJFcMUnwrgLM8D6cYOutxISn4NGDnqyrQUq8
ZEC t1WuCvNNDsRNWaR4rrRjFia2N7SfpPoQYsu
XMR 48ruTzXESqg6dBesQpHvJXHeAYVobsDhKa8m4CMgvtBdHTa3mWCFgD7WXpwMXt8TbBSLaN8J1PWtbZNu8WzSxvTiDGMpu8X
USDT TR–°-20 TWC5gDfeWpEiNDx6MbtQiK7HYv3n23aLDh—Å",2022-12-31 22:01:18+00:00,
"üéÑ‚òÉÔ∏è–° –ù–æ–≤—ã–º –ì–æ–¥–æ–º, –¥–æ—Ä–æ–≥–∏–µ —á–∏—Ç–∞—Ç–µ–ª–∏!

2022 –≥–æ–¥ –ø–æ–¥–µ–ª–∏–ª –†–æ—Å—Å–∏—é –Ω–∞ ¬´–¥–æ¬ª –∏ ¬´–ø–æ—Å–ª–µ¬ª. –ù–∞ —Ç–µ—Ö –∫—Ç–æ –æ—Å—Ç–∞–ª—Å—è, –∏ —Ç–µ—Ö –∫—Ç–æ —É–µ—Ö–∞–ª. –ù–∞ —Ç–µ—Ö –∫—Ç–æ –ª—é–±–∏—Ç –†–æ—Å—Å–∏—é, –∏ —Ç–µ—Ö –∫—Ç–æ –ª—é–±–∏—Ç –≥–æ—Å—É–¥–∞—Ä—Å—Ç–≤–æ. –ù–∞ —Å–≤–æ–∏—Ö –∏ —á—É–∂–∏—Ö.

–ù–∞—Å —Ä–∞–∑–º–µ—Ç–∞–ª–æ –ø–æ —Å–≤–µ—Ç—É. –ù–æ –≥–¥–µ –±—ã –º—ã –Ω–∏ –±—ã–ª–∏, –†–æ—Å—Å–∏—è –æ—Å—Ç–∞—ë—Ç—Å—è —Å –Ω–∞–º–∏. –í 2022 –≥–æ–¥—É –º—ã –ª–∏—à–∏–ª–∏—Å—å –¥–æ–º–∞. –ù–æ –º—ã –Ω–µ –ø–æ—Ç–µ—Ä—è–ª–∏ –†–æ—Å—Å–∏—é, –ø–æ—Ç–æ–º—É —á—Ç–æ –†–æ—Å—Å–∏—è –Ω–µ –≤ –ö—Ä–µ–º–ª–µ, –∞ –≤ –∫–∞–∂–¥–æ–º –∏–∑ –Ω–∞—Å.

–í –∫–æ–º–º–µ–Ω—Ç–∞—Ä–∏—è—Ö –ø–æ–¥ —ç—Ç–∏–º –ø–æ—Å—Ç–æ–º —É –Ω–∞—Å –¥–ª—è –≤–∞—Å –Ω–µ–±–æ–ª—å—à–æ–π –ø–æ–¥–∞—Ä–æ–∫: —Ñ–∏—Ä–º–µ–Ω–Ω—ã–π —Å—Ç–∏–∫–µ—Ä–ø–∞–∫ SVTV.

–ü–æ–∑–¥—Ä–∞–≤–∏—Ç—å –∫–æ–º–∞–Ω–¥—É SVTV —Å –ù–æ–≤—ã–º –≥–æ–¥–æ–º –º–æ–∂–Ω–æ –¥–æ–Ω–∞—Ç–æ–º –∏–ª–∏ —Ä–µ–ø–æ—Å—Ç–æ–º. –ü–æ–º–æ–≥–∏—Ç–µ –Ω–∞–º –ø—Ä–æ–±–∏—Ç—å 65000 –ø–æ–¥–ø–∏—Å—á–∏–∫–æ–≤! –ú—ã –æ–±–µ—â–∞–µ–º –±—ã—Ç—å —Å –≤–∞–º–∏ —á–µ—Å—Ç–Ω—ã–º–∏ –∏ –æ–ø—Ä–∞–≤–¥–∞—Ç—å –æ–∂–∏–¥–∞–Ω–∏—è.

–°–ø–∞—Å–∏–±–æ –∑–∞ –≤–∞—à—É –ø–æ–¥–¥–µ—Ä–∂–∫—É. –ë—É–¥—å—Ç–µ —Å—á–∞—Å—Ç–ª–∏–≤—ã –∏ —Å –ù–æ–≤—ã–º –ì–æ–¥–æ–º! ‚ò∫Ô∏è

BTC 1EahjiPKXyAFRbTC9HYL67TMQjZZgfFw9g
LTC LTwfHhGa7bQfXhPY7hn7Y1ajhcGMrpcD2N
BCH qzk27dg92j6hfftx7hfa6jyyy60ylsutdg2hgz28na
DASH XtqFqLi8VJV7eJ1s98MLbNmSNdZ81vbNVt
ETH 0√ó19330e83c2059Ad5B67b8431dd6ba4BD848dec67
TON EQCWz0h6Q63UdJFcMUnwrgLM8D6cYOutxISn4NGDnqyrQUq8
ZEC t1WuCvNNDsRNWaR4rrRjFia2N7SfpPoQYsu
XMR 48ruTzXESqg6dBesQpHvJXHeAYVobsDhKa8m4CMgvtBdHTa3mWCFgD7WXpwMXt8TbBSLaN8J1PWtbZNu8WzSxvTiDGMpu8X
USDT TR–°-20 TWC5gDfeWpEiNDx6MbtQiK7HYv3n23aLDh",2022-12-31 21:01:35+00:00,
"üéÅ –ù–æ–≤–æ–≥–æ–¥–Ω–∏–π –ø–æ–¥–∞—Ä–æ–∫ –æ—Ç SVTV! 

–£ –Ω–∞—Å –¥–ª—è –≤–∞—Å –Ω–µ–±–æ–ª—å—à–æ–π –ø–æ–¥–∞—Ä–æ–∫: —Ñ–∏—Ä–º–µ–Ω–Ω—ã–π —Å—Ç–∏–∫–µ—Ä–ø–∞–∫ SVTV. –¢–µ–ø–µ—Ä—å –≤—ã —Å–º–æ–∂–µ—Ç–µ –ø—Ä–µ–¥—ä—è–≤–∏—Ç—å —Ä–µ–¥–∞–∫—Ç–æ—Ä—É –∏ –æ—Ç–ø—Ä–∞–≤–∏—Ç—å –µ–º—É –≥—Ä–æ–∑–Ω–æ–≥–æ –ú–∏—Ö–∞–∏–ª–∞ –°–≤–µ—Ç–æ–≤–∞. –ï—Å—Ç—å —à–∞–Ω—Å, —á—Ç–æ –°–ú–ú—â–∏–∫ –∏—Å–ø—É–≥–∞–µ—Ç—Å—è –∏ –∏—Å–ø—Ä–∞–≤–∏—Ç –ø–æ—Å—Ç.

–ê –µ—â—ë –ª—É—á—à–µ ‚Äî –æ—Ç–ø—Ä–∞–≤–ª—è–π—Ç–µ —Å—Ç–∏–∫–µ—Ä—ã –≤ –ª–∏–±–µ—Ä–∞–ª—å–Ω—ã–µ –ø–∞–±–ª–∏–∫–∏. –ü–æ—Ç–æ–º—É —á—Ç–æ —Å–∞–º–æ —Å—É—â–µ—Å—Ç–≤–æ–≤–∞–Ω–∏–µ –ú–∏—Ö–∞–∏–ª–∞ –≤ —ç—Ç–∏—Ö –∫—Ä—É–≥–∞—Ö —Å—á–∏—Ç–∞–µ—Ç—Å—è –æ—Å–∫–æ—Ä–±–∏—Ç–µ–ª—å–Ω—ã–º!

–° –ø—Ä–∞–∑–¥–Ω–∏–∫–æ–º! ‚ù§Ô∏è

–ó–∞–¥–æ–Ω–∞—Ç–∏—Ç—å —á–µ—Ä–µ–∑ –±–æ—Ç–∞ | Patreon | Boosty | –ü—Ä–µ–¥–ª–æ–∂–∏—Ç—å –Ω–æ–≤–æ—Å—Ç—å",2022-12-31 20:00:24+00:00,
"–ó–∞–∂–¥–∞–ª–∏—Å—å 00:00, —á—Ç–æ–±—ã –æ—Ç–∫—Ä—ã—Ç—å —à–∞–º–ø–∞–Ω—Å–∫–æ–µ? –¶–µ–ª—ã–π —á–∞—Å —É–¥–∞–ª—è–ª–∏ —Å —Ç–µ–ª–µ—Ñ–æ–Ω–∞ –æ—Ç–∫—Ä—ã—Ç–∫–∏ –∏–∑ –í–æ—Ç—Å–∞–ø–∞? –°–≤–∞—Ä–∏–ª–∏ –º–æ—Ä–∫–æ–≤—å –≤ –æ–¥–Ω–æ–π –∫–∞—Å—Ç—Ä—é–ª–µ —Å —è–π—Ü–∞–º–∏ –∏ –≤–∞—Å –æ–±–æ—Ä–∂–∞–ª–∏ –¥—Ä—É–∑—å—è?

–ù–µ –ø–µ—Ä–µ–∂–∏–≤–∞–π—Ç–µ, –Ω–∞—à–∞ —Ä–µ–¥–∞–∫—Ü–∏—è –∑–Ω–∞–µ—Ç –∫–∞–∫ –≤–∞—Å —Ä–∞–∑–≤–ª–µ—á—å. –ú—ã –ø–æ–¥–≥–æ—Ç–æ–≤–∏–ª–∏ –±–∏–Ω–≥–æ –ø–ª–∞—Ç–∏–Ω–æ–≤–æ–≥–æ SVTV! 

–ü—Ä–∏–∑–Ω–∞–≤–∞–π—Ç–µ—Å—å, –±—ã–ª–æ?

–ó–∞–¥–æ–Ω–∞—Ç–∏—Ç—å —á–µ—Ä–µ–∑ –±–æ—Ç–∞ | Patreon | Boosty | –ü—Ä–µ–¥–ª–æ–∂–∏—Ç—å –Ω–æ–≤–æ—Å—Ç—å",2022-12-31 19:02:43+00:00,
"–ü–æ–∑–¥—Ä–∞–≤–ª–µ–Ω–∏–µ —Å –ù–æ–≤—ã–º –ì–æ–¥–æ–º –æ—Ç –ú–∏—Ö–∞–∏–ª–∞ –°–≤–µ—Ç–æ–≤–∞

–Ø –∂–µ–ª–∞—é, —á—Ç–æ–±—ã –Ω–æ–≤—ã–π 2023 –≥–æ–¥ –±—ã–ª –∫ –≤–∞–º –Ω–µ —Ç–∞–∫ –∂–µ—Å—Ç–æ–∫, –∫–∞–∫ –±—ã–ª 2022. –ê –≤—ã ‚Äî –Ω–µ –æ–∂–µ—Å—Ç–æ—á–∏–ª–∏—Å—å –∏ –Ω–µ —Å—Ç–∞–ª–∏ —Ä–∞–≤–Ω–æ–¥—É—à–Ω—ã–º–∏. –í –º–∏—Ä–µ –ø—Ä–æ–∏—Å—Ö–æ–¥–∏—Ç –¥–æ—Å—Ç–∞—Ç–æ—á–Ω–æ –∑–ª–∞. –ê –≤—ã –¥–æ–ª–≥–æ –¥–µ—Ä–∂–∞–ª–∏—Å—å –∏ –Ω–µ –Ω—É–∂–Ω–æ –ø–æ–¥–¥–∞–≤–∞—Ç—å—Å—è –µ–º—É —Å–µ–π—á–∞—Å. 

–í 2022 –≥–æ–¥—É –º—ã –Ω–µ —Å—É–º–µ–ª–∏ —Å–ø–∞—Å—Ç–∏ –†–æ—Å—Å–∏—é. –ù–æ –¥–∞–∂–µ —Å–∞–º—ã–µ —Å—Ç—Ä–∞—à–Ω—ã–µ —Å–æ–±—ã—Ç–∏—è —Å–ª—É–∂–∞—Ç –Ω–∞—á–∞–ª–æ–º —á–µ–≥–æ-—Ç–æ —Å–≤–µ—Ç–ª–æ–≥–æ –∏ –Ω–æ–≤–æ–≥–æ. –Ø –∂–µ–ª–∞—é –≤–∞–º –Ω–∞–π—Ç–∏ —ç—Ç–æ—Ç —Å–≤–µ—Ç –≤ —Å–µ–±–µ –∏ –Ω–µ –∑–∞–±—ã–≤–∞—Ç—å –∂–∏—Ç—å –∏ –±—ã—Ç—å —Å—á–∞—Å—Ç–ª–∏–≤—ã–º–∏. –° –ù–æ–≤—ã–º –ì–æ–¥–æ–º!

https://youtu.be/kQYBEs1bGA0

–ó–∞–¥–æ–Ω–∞—Ç–∏—Ç—å —á–µ—Ä–µ–∑ –±–æ—Ç–∞ | Patreon | Boosty | –ü—Ä–µ–¥–ª–æ–∂–∏—Ç—å –Ω–æ–≤–æ—Å—Ç—å",2022-12-31 17:06:53+00:00,
"–ò—Ç–æ–≥–∏ –≥–æ–¥–∞ –æ—Ç –°–ú–ú –æ—Ç–¥–µ–ª–∞ SVTV

–¶–µ–ª—ã–π –≥–æ–¥ –º—ã –æ—Å–≤–µ—â–∞–ª–∏ –¥–ª—è –≤–∞—Å —Å–º–µ—à–Ω—ã–µ –∏ –Ω–µ –æ—á–µ–Ω—å —Å–æ–±—ã—Ç–∏—è, —Å—Ç–∞—Ä–∞–ª–∏—Å—å –ø–∏—Å–∞—Ç—å —Å–º–µ—à–Ω—ã–µ –∏ –æ—Å—Ç—Ä–æ—É–º–Ω—ã–µ —à—É—Ç–∫–∏. –ù–µ –≤—Å–µ–≥–¥–∞ –ø–æ–ª—É—á–∞–ª–æ—Å—å, –Ω–æ –º—ã –æ—á–µ–Ω—å —Å—Ç–∞—Ä–∞–ª–∏—Å—å. ü•∫ 

–ó–∞ –∫–∞–ª–µ–Ω–¥–∞—Ä–Ω—ã–π –≥–æ–¥ –º—ã 25 —Ä–∞–∑ –ø–æ—à—É—Ç–∏–ª–∏ –ø—Ä–æ –≥–µ–π-–∏–Ω—Å—Ç—Ä—É–∫—Ç–æ—Ä–æ–≤ –ù–ê–¢–û, 39 —Ä–∞–∑ –≤—Å–ø–æ–º–∏–Ω–∞–ª–∏ –ø—Ä–æ –¢–∏–∫–¢–æ–∫ –≤–æ–π—Å–∫–∞ –†–∞–º–∑–∞–Ω–∞ –ö–∞–¥—ã—Ä–æ–≤–∞ –∏ 51 —Ä–∞–∑ –ø—Ä–∏–≤–æ–¥–∏–ª–∏ —Ü–∏—Ç–∞—Ç—ã —Å –≤—ã—Å—Ç—É–ø–ª–µ–Ω–∏–π –ü—É—Ç–∏–Ω–∞. –ö—Ä–æ–º–µ —Ç–æ–≥–æ, –º—ã —Ü–µ–ª—ã—Ö 90 —Ä–∞–∑ –æ–±–æ–∑—Ä–µ–≤–∞–ª–∏ —Ç–∏—Ä–∞–¥—ã –Ω–∞—à–µ–≥–æ –ª—é–±–∏–º–æ–≥–æ —â–∏—Ç–ø–æ—Å—Ç–µ—Ä–∞ –î–º–∏—Ç—Ä–∏—è –ú–µ–¥–≤–µ–¥–µ–≤–∞ –∏ 19 —Ä–∞–∑ –ø—ã—Ç–∞–ª–∏—Å—å –≤—ã—è—Å–Ω–∏—Ç—å, —á—Ç–æ –∂–µ –≤—Å—ë-—Ç–∞–∫–∏ —Ç–∞–∫–æ–µ –∂–µ–Ω—â–∏–Ω–∞.

–ù–∞—à–µ –ø—Å–∏—Ö–∏—á–µ—Å–∫–æ–µ –∑–¥–æ—Ä–æ–≤—å–µ –æ—Ç —ç—Ç–æ–≥–æ —Å–∏–ª—å–Ω–æ –ø–æ—à–∞—Ç–Ω—É–ª–æ—Å—å, –Ω–æ –¥–∞–∂–µ –≤ –Ω–æ–≤—ã–π –≥–æ–¥ –º—ã –ø—Ä–æ–¥–æ–ª–∂–∞–µ–º –≥–æ—Ç–æ–≤–∏—Ç—å –¥–ª—è –≤–∞—Å –∫–æ–Ω—Ç–µ–Ω—Ç. –í—ã –≤—Å–µ–≥–¥–∞ –º–æ–∂–µ—Ç–µ –ø–æ–º–æ—á—å –°–ú–ú—â–∏–∫–∞–º —Ä—É–±–ª–µ–º –∏ –∑–∞–¥–æ–Ω–∞—Ç–∏—Ç—å –∏–º –Ω–∞ —Ä–æ–º–∞—à–∫–æ–≤—ã–π —á–∞–π. –î–ª—è —ç—Ç–æ–≥–æ —É –Ω–∞—Å —Å—É—â–µ—Å—Ç–≤—É–µ—Ç —Å–ø–µ—Ü–∏–∞–ª—å–Ω—ã–π –±–æ—Ç.",2022-12-31 15:36:53+00:00,
"–ú–∏–Ω–æ–±–æ—Ä–æ–Ω—ã —Å–æ–æ–±—â–∏–ª–æ –æ –≤–æ–∑–≤—Ä–∞—â–µ–Ω–∏–∏ –∏–∑ —É–∫—Ä–∞–∏–Ω—Å–∫–æ–≥–æ –ø–ª–µ–Ω–∞ 82 –≤–æ–µ–Ω–Ω—ã—Ö

–í–µ–¥–æ–º—Å—Ç–≤–æ –∑–∞—è–≤–ª—è–µ—Ç, —á—Ç–æ –ø–µ—Ä–µ–≥–æ–≤–æ—Ä—ã –æ–± –æ–±–º–µ–Ω–µ —Å–æ—Å—Ç–æ—è–ª–∏—Å—å 31 –¥–µ–∫–∞–±—Ä—è. –í —Ä–µ–∑—É–ª—å—Ç–∞—Ç–µ –†–æ—Å—Å–∏–∏ —É–¥–∞–ª–æ—Å—å –≤–µ—Ä–Ω—É—Ç—å 82 –≤–æ–µ–Ω–Ω–æ—Å–ª—É–∂–∞—â–∏—Ö, –Ω–∞—Ö–æ–¥–∏–≤—à–∏—Ö—Å—è –≤ –ø–ª–µ–Ω—É.

–í —Å–æ–æ–±—â–µ–Ω–∏–∏ –≤–µ–¥–æ–º—Å—Ç–≤–∞ –æ—Ç–º–µ—á–∞–µ—Ç—Å—è, —á—Ç–æ –≤ –ø–ª–µ–Ω—É –∏–º ¬´–≥—Ä–æ–∑–∏–ª–∞ —Å–º–µ—Ä—Ç–µ–ª—å–Ω–∞—è –æ–ø–∞—Å–Ω–æ—Å—Ç—å¬ª.

–ó–∞–¥–æ–Ω–∞—Ç–∏—Ç—å —á–µ—Ä–µ–∑ –±–æ—Ç–∞ | Patreon | Boosty | –ü—Ä–µ–¥–ª–æ–∂–∏—Ç—å –Ω–æ–≤–æ—Å—Ç—å",2022-12-31 14:20:09+00:00,
"–í –Ω–æ–≤–æ–≥–æ–¥–Ω–µ–º –æ–±—Ä–∞—â–µ–Ω–∏–∏ –ü—É—Ç–∏–Ω–∞ –æ–±–Ω–∞—Ä—É–∂–∏–ª–∏ –∂–µ–Ω—â–∏–Ω—É, –ø–æ—Ö–æ–∂—É—é –Ω–∞ —É—á–∞—Å—Ç–Ω–∏—Ü—É ¬´–º–∞—Å—Å–æ–≤–∫–∏¬ª –ø—Ä–µ–¥—ã–¥—É—â–∏—Ö –º–µ—Ä–æ–ø—Ä–∏—è—Ç–∏–π —Å —É—á–∞—Å—Ç–∏–µ–º –ø—Ä–µ–∑–∏–¥–µ–Ω—Ç–∞

–ù–∞ –≤–∏–¥–µ–æ 2022 –≥–æ–¥–∞ –∂–µ–Ω—â–∏–Ω–∞ —Å—Ç–æ–∏—Ç —Å—Ä–∞–∑—É –∑–∞ –ü—É—Ç–∏–Ω—ã–º. –í —Å–µ–Ω—Ç—è–±—Ä–µ 2016 –≥–æ–¥–∞ –ø–æ—Ö–æ–∂—É—é –Ω–∞ –Ω–µ—ë –±–ª–æ–Ω–¥–∏–Ω–∫—É —Å—Ñ–æ—Ç–æ–≥—Ä–∞—Ñ–∏—Ä–æ–≤–∞–ª–∏ –Ω–∞ –≤—Å—Ç—Ä–µ—á–µ –ü—É—Ç–∏–Ω–∞ —Å —Ä—ã–±–∞–∫–∞–º–∏ –Ω–∞ –æ–∑–µ—Ä–µ –≤ –ù–æ–≤–≥–æ—Ä–æ–¥—Å–∫–æ–π –æ–±–ª–∞—Å—Ç–∏. –ê –≤ —è–Ω–≤–∞—Ä–µ 2017-–≥–æ —ç—Ç–∏—Ö –∂–µ –ª—é–¥–µ–π –∑–∞–º–µ—Ç–∏–ª–∏ –Ω–∞ —Ä–æ–∂–¥–µ—Å—Ç–≤–µ–Ω—Å–∫–æ–π —Å–ª—É–∂–±–µ –≤ –Ω–æ–≤–≥–æ—Ä–æ–¥—Å–∫–æ–º –º–æ–Ω–∞—Å—Ç—ã—Ä–µ.

–ó–∞–¥–æ–Ω–∞—Ç–∏—Ç—å —á–µ—Ä–µ–∑ –±–æ—Ç–∞ | Patreon | Boosty | –ü—Ä–µ–¥–ª–æ–∂–∏—Ç—å –Ω–æ–≤–æ—Å—Ç—å",2022-12-31 14:00:31+00:00,
"–ü–æ—Å–ª–µ–¥—Å—Ç–≤–∏—è –Ω–æ–≤–æ–≥–æ–¥–Ω–µ–≥–æ –æ–±—Å—Ç—Ä–µ–ª–∞ –£–∫—Ä–∞–∏–Ω—ã –í–° –†–§

–§–æ—Ç–æ –∏ –≤–∏–¥–µ–æ —Ä–∞–∑—Ä—É—à–µ–Ω–∏–π –≤ –ü–µ—á–µ—Ä—Å–∫–æ–º —Ä–∞–π–æ–Ω–µ –ö–∏–µ–≤–∞ –æ–ø—É–±–ª–∏–∫–æ–≤–∞–ª –∑–∞–º–≥–ª–∞–≤—ã –æ—Ñ–∏—Å–∞ –ø—Ä–µ–∑–∏–¥–µ–Ω—Ç–∞ –£–∫—Ä–∞–∏–Ω—ã –ö–∏—Ä–∏–ª–ª –¢–∏–º–æ—à–µ–Ω–∫–æ.

–ú—ç—Ä –ö–ª–∏—á–∫–æ —Å–æ–æ–±—â–∏–ª –æ–± –æ–¥–Ω–æ–º –ø–æ–≥–∏–±—à–µ–º –∏ —Å–µ–º–∏ –ø–æ—Å—Ç—Ä–∞–¥–∞–≤—à–∏—Ö –≤ —Ä–µ–∑—É–ª—å—Ç–∞—Ç–µ –æ–±—Å—Ç—Ä–µ–ª–∞ –°–æ–ª–æ–º–µ–Ω—Å–∫–æ–≥–æ —Ä–∞–π–æ–Ω–∞ –≥–æ—Ä–æ–¥–∞.

–ö—Ä–æ–º–µ —Ç–æ–≥–æ, –≤ –ù–∏–∫–æ–ª–∞–µ–≤–µ –ø–æ—Å–ª–µ –æ–±—Å—Ç—Ä–µ–ª–æ–≤ –¥–≤–æ–µ —Ä–∞–Ω–µ–Ω—ã—Ö, –æ–¥–∏–Ω –∏–∑ –Ω–∏—Ö –≤ —Ç—è–∂—ë–ª–æ–º —Å–æ—Å—Ç–æ—è–Ω–∏–∏. –í –•–º–µ–ª—å–Ω–∏—Ü–∫–æ–º —Ä–∞–Ω–µ–Ω–æ –º–∏–Ω–∏–º—É–º —á–µ—Ç—ã—Ä–µ —á–µ–ª–æ–≤–µ–∫–∞, –ª—é–¥–µ–π –ø—Ä–∏–∑—ã–≤–∞—é—Ç –æ—Å—Ç–∞–≤–∞—Ç—å—Å—è –≤ —É–∫—Ä—ã—Ç–∏—è—Ö.

–ó–∞–¥–æ–Ω–∞—Ç–∏—Ç—å —á–µ—Ä–µ–∑ –±–æ—Ç–∞ | Patreon | Boosty | –ü—Ä–µ–¥–ª–æ–∂–∏—Ç—å –Ω–æ–≤–æ—Å—Ç—å",2022-12-31 13:49:09+00:00,
"1 —è–Ω–≤–∞—Ä—è ¬´–†–æ—Å—Å–∏—è 24¬ª –≤–µ—Å—å –¥–µ–Ω—å –±—É–¥–µ—Ç –ø–æ–∫–∞–∑—ã–≤–∞—Ç—å –ø—Ä–æ–ø–∞–≥–∞–Ω–¥–∏—Å—Ç—Å–∫—É—é –ø–µ—Ä–µ–¥–∞—á—É ¬´–ë–µ—Å–æ–≥–æ–Ω¬ª –ù–∏–∫–∏—Ç—ã –ú–∏—Ö–∞–ª–∫–æ–≤–∞

–ó—Ä–∏—Ç–µ–ª—è–º –¥–∞–¥—É—Ç –ø–µ—Ä–µ–¥–æ—Ö–Ω—É—Ç—å —Ç–æ–ª—å–∫–æ —Ä–µ–¥–∫–∏–µ –≤—ã–ø—É—Å–∫–∏ –Ω–æ–≤–æ—Å—Ç–µ–π.

–ó–∞–¥–æ–Ω–∞—Ç–∏—Ç—å —á–µ—Ä–µ–∑ –±–æ—Ç–∞ | Patreon | Boosty | –ü—Ä–µ–¥–ª–æ–∂–∏—Ç—å –Ω–æ–≤–æ—Å—Ç—å",2022-12-31 13:05:09+00:00,
"–ü–∞—Ä–∞–ª–ª–µ–ª—å–Ω–æ —Å –Ω–æ–≤–æ–≥–æ–¥–Ω–∏–º –æ–±—Ä–∞—â–µ–Ω–∏–µ–º –í–ª–∞–¥–∏–º–∏—Ä–∞ –ü—É—Ç–∏–Ω–∞ –Ω–∞—á–∞–ª–∏—Å—å –Ω–æ–≤—ã–µ –æ–±—Å—Ç—Ä–µ–ª—ã –£–∫—Ä–∞–∏–Ω—ã –í–° –†–§

–ó–∞–ø—É—â–µ–Ω–æ —É–∂–µ –±–æ–ª—å—à–µ 20 —Ä–∞–∫–µ—Ç, –æ–±—Å—Ç—Ä–µ–ª –ø—Ä–æ–¥–æ–ª–∂–∞–µ—Ç—Å—è.

–í –ö–∏–µ–≤–µ –ø—Ä–æ–≥—Ä–µ–º–µ–ª–æ –±–æ–ª–µ–µ 10 –≤–∑—Ä—ã–≤–æ–≤ –≤ —Ç—Ä–µ—Ö —Ä–∞–π–æ–Ω–∞—Ö. –ö–∞–∫ –º–∏–Ω–∏–º—É–º –æ–¥–∏–Ω —á–µ–ª–æ–≤–µ–∫ –ø–æ–≥–∏–±. –í–∑—Ä—ã–≤—ã —Ç–∞–∫–∂–µ —Å–ª—ã—à–∞–ª–∏ –≤ –í–∏–Ω–Ω–∏—Ü–∫–æ–π, –•–∞—Ä—å–∫–æ–≤—Å–∫–æ–π –∏ –ñ–∏—Ç–æ–º–∏—Ä—Å–∫–æ–π –æ–±–ª–∞—Å—Ç—è—Ö, –≤ –•–º–µ–ª—å–Ω–∏—Ü–∫–æ–º —Ä–∞–Ω–µ–Ω—ã –¥–≤–∞ —á–µ–ª–æ–≤–µ–∫–∞.

–í –ö–∏–µ–≤—Å–∫–æ–π, –û–¥–µ—Å—Å–∫–æ–π, –ö–∏—Ä–æ–≤–æ–≥—Ä–∞–¥—Å–∫–æ–π, –ù–∏–∫–æ–ª–∞–µ–≤—Å–∫–æ–π –∏ –î–Ω–µ–ø—Ä–æ–ø–µ—Ç—Ä–æ–≤—Å–∫–æ–π –æ–±–ª–∞—Å—Ç—è—Ö –Ω–∞—á–∞–ª–∏—Å—å —ç–∫—Å—Ç—Ä–µ–Ω–Ω—ã–µ –æ—Ç–∫–ª—é—á–µ–Ω–∏—è —ç–ª–µ–∫—Ç—Ä–∏—á–µ—Å—Ç–≤–∞.",2022-12-31 12:48:35+00:00,
"–í–ª–∞–¥–∏–º–∏—Ä –ü—É—Ç–∏–Ω –≤—ã—Å—Ç—É–ø–∏–ª —Å –Ω–æ–≤–æ–≥–æ–¥–Ω–∏–º –æ–±—Ä–∞—â–µ–Ω–∏–µ–º –Ω–∞ —Ñ–æ–Ω–µ –≤–æ–µ–Ω–Ω—ã—Ö

–û—Å–Ω–æ–≤–Ω—ã–µ —Ç–µ–∑–∏—Å—ã –µ–≥–æ —Ä–µ—á–∏:

‚Äî –ó–∞–ø–∞–¥ –≤—Ä–∞–ª –æ –º–∏—Ä–µ, –∞ –≥–æ—Ç–æ–≤–∏–ª—Å—è –∫ –∞–≥—Ä–µ—Å—Å–∏–∏.

‚Äî –ì–ª–∞–≤–Ω–æ–µ —Å–µ–π—á–∞—Å ‚Äî —Å—É–¥—å–±–∞ –†–æ—Å—Å–∏–∏.

‚Äî –°—É–≤–µ—Ä–µ–Ω–Ω–æ–µ –Ω–µ–∑–∞–≤–∏—Å–∏–º–æ–µ –±—É–¥—É—â–µ–µ –†–æ—Å—Å–∏–∏ –∑–∞–≤–∏—Å–∏—Ç —Ç–æ–ª—å–∫–æ –æ—Ç –≤–æ–ª–∏ —Ä–æ—Å—Å–∏—è–Ω.

‚Äî –†–æ—Å—Å–∏—è —Å—Ä–∞–∂–∞–µ—Ç—Å—è –∑–∞ –∏—Å—Ç–∏–Ω–Ω—É—é –Ω–µ–∑–∞–≤–∏—Å–∏–º–æ—Å—Ç—å, –∑–∞ —Å–≤–æ–∏—Ö –ª—é–¥–µ–π.

‚Äî –†–æ—Å—Å–∏–∏ –±—ã–ª–∞ –æ–±—ä—è–≤–ª–µ–Ω–∞ –Ω–∞—Å—Ç–æ—è—â–∞—è —Å–∞–Ω–∫—Ü–∏–æ–Ω–Ω–∞—è –≤–æ–π–Ω–∞, –µ–µ –∞–≤—Ç–æ—Ä—ã –æ–∂–∏–¥–∞–ª–∏ –ø–æ–ª–Ω–æ–≥–æ —Ä–∞–∑—Ä—É—à–µ–Ω–∏—è —Å—Ç—Ä–∞–Ω—ã, –Ω–æ —ç—Ç–æ–≥–æ –Ω–µ –ø—Ä–æ–∏–∑–æ—à–ª–æ.

‚Äî –†–æ—Å—Å–∏—è–Ω–µ —Å–µ–π—á–∞—Å —Å–∞–º–∏ –æ–±—ä–µ–¥–∏–Ω—è—é—Ç—Å—è, —á—Ç–æ–±—ã –ø–æ–º–æ—á—å –¥—Ä—É–≥–∏–º, –±–µ–∑ –≤—Å—è–∫–∏—Ö —Ñ–æ—Ä–º–∞–ª—å–Ω—ã—Ö —É–∫–∞–∑–∞–Ω–∏–π.

–ó–∞–¥–æ–Ω–∞—Ç–∏—Ç—å —á–µ—Ä–µ–∑ –±–æ—Ç–∞ | Patreon | Boosty | –ü—Ä–µ–¥–ª–æ–∂–∏—Ç—å –Ω–æ–≤–æ—Å—Ç—å",2022-12-31 12:15:08+00:00,
"–ê–ª–µ–∫—Å–µ–π –ù–∞–≤–∞–ª—å–Ω—ã–π –ø–æ–∑–¥—Ä–∞–≤–∏–ª —Ä–æ—Å—Å–∏—è–Ω —Å –ù–æ–≤—ã–º –≥–æ–¥–æ–º

¬´–ú–Ω–µ –≤ –ø–∏—Å—å–º–∞—Ö –Ω–∞–ø—Ä–∏—Å—ã–ª–∞–ª–∏ –∫—É—á—É –µ–ª–æ—á–µ–∫ –∏ –î–µ–¥–æ–≤ –ú–æ—Ä–æ–∑–æ–≤ –Ω–∞ –≤–µ—Ä–µ–≤–æ—á–∫–∞—Ö, —è –∏—Ö —Ä–∞–∑–≤–µ—Å–∏–ª –ø–æ –∫–∞–º–µ—Ä–µ, –æ—á–µ–Ω—å –Ω–æ–≤–æ–≥–æ–¥–Ω–µ –ø–æ–ª—É—á–∏–ª–æ—Å—å. –ß–µ—Ä–µ–∑ —á–∞—Å –Ω–∞ –æ–±—ã—Å–∫–µ –≤—Å–µ –∑–∞–±—Ä–∞–ª–∏, –Ω–æ –Ω–∞—Å—Ç—Ä–æ–µ–Ω–∏–µ –æ—Å—Ç–∞–ª–æ—Å—å¬´, ‚Äî –Ω–∞–ø–∏—Å–∞–ª –æ–Ω.

–ù–∞–≤–∞–ª—å–Ω—ã–π –ø–∏—à–µ—Ç –æ —Ç–æ–º, —á—Ç–æ —É –Ω–µ–≥–æ, –∫–∞–∫ –∏ —É –º–Ω–æ–≥–∏—Ö, –µ—Å—Ç—å –æ—â—É—â–µ–Ω–∏–µ —Ñ–∏–∑–∏—á–µ—Å–∫–æ–π —Å–≤—è–∑–∏ —Å –±–ª–∏–∑–∫–∏–º–∏. ¬´–ò —è —Ö–æ—á—É —Å–∫–∞–∑–∞—Ç—å, —á—Ç–æ –≤ —ç—Ç–æ—Ç –ù–æ–≤—ã–π –≥–æ–¥ —è —Ç–∞–∫–∏—Ö —Å–≤—è–∑–µ–π —á—É–≤—Å—Ç–≤—É—é –æ—á–µ–Ω—å –º–Ω–æ–≥–æ. –î–µ—Å—è—Ç–∫–∏ –∏ —Å–æ—Ç–Ω–∏, —Ç—ã—Å—è—á–∏ –∏ –¥–∞–∂–µ –º–∏–ª–ª–∏–æ–Ω—ã, –Ω–∞–≤–µ—Ä–Ω–æ–µ. –ë–µ–¥–∞, —Å–≤–∞–ª–∏–≤—à–∞—è—Å—è –Ω–∞ —Å—Ç—Ä–∞–Ω—É, —Å–¥–µ–ª–∞–ª–∞ –≤—Å–µ—Ö –Ω–æ—Ä–º–∞–ª—å–Ω—ã—Ö —á–µ—Å—Ç–Ω—ã—Ö –ª—é–¥–µ–π –±–ª–∏–∂–µ –¥—Ä—É–≥ –∫ –¥—Ä—É–≥—É, –∏ –Ω–µ—É–¥–∏–≤–∏—Ç–µ–ª—å–Ω–æ, —á—Ç–æ –º–µ–∂–¥—É –Ω–∞–º–∏ –ø–æ—è–≤–ª—è–µ—Ç—Å—è —Å–≤—è–∑—å¬´, ‚Äî –ø–∏—à–µ—Ç –æ–Ω.

–û–Ω —Ç–∞–∫–∂–µ –ø–æ–±–ª–∞–≥–æ–¥–∞—Ä–∏–ª —Å—Ç–æ—Ä–æ–Ω–Ω–∏–∫–æ–≤ –∑–∞ –ø–æ–¥–¥–µ—Ä–∂–∫—É, –ø–æ–∂–µ–ª–∞–ª –≤—Å–µ–º –æ–∫–∞–∑–∞—Ç—å—Å—è –¥–æ–º–∞ —Å–æ —Å–≤–æ–∏–º–∏ —Å–µ–º—å—è–º–∏ –∏ –Ω–∞—Å—Ç—É–ø–ª–µ–Ω–∏—è –º–∏—Ä–∞.

–ó–∞–¥–æ–Ω–∞—Ç–∏—Ç—å —á–µ—Ä–µ–∑ –±–æ—Ç–∞ | Patreon | Boosty | –ü—Ä–µ–¥–ª–æ–∂–∏—Ç—å –Ω–æ–≤–æ—Å—Ç—å",2022-12-31 12:04:11+00:00,
"–ê–±—Ä–∞–º–æ–≤–∏—á –ø–æ—Ç–µ—Ä—è–ª –±–æ–ª—å—à–µ –¥—Ä—É–≥–∏—Ö —Ä–æ—Å—Å–∏–π—Å–∫–∏—Ö –º–∏–ª–ª–∏–∞—Ä–¥–µ—Ä–æ–≤ –≤ 2022 –≥–æ–¥—É ‚Äî Bloomberg

–ü–æ —Ä–∞—Å—á–µ—Ç–∞–º –∞–≥–µ–Ω—Ç—Å—Ç–≤–∞, —Å–æ—Å—Ç–æ—è–Ω–∏–µ –±—ã–≤—à–µ–≥–æ –≤–ª–∞–¥–µ–ª—å—Ü–∞ –∞–Ω–≥–ª–∏–π—Å–∫–æ–≥–æ —Ñ—É—Ç–±–æ–ª—å–Ω–æ–≥–æ –∫–ª—É–±–∞ ¬´–ß–µ–ª—Å–∏¬ª –∑–∞ –≥–æ–¥ —Å–æ–∫—Ä–∞—Ç–∏–ª–æ—Å—å –±–æ–ª–µ–µ, —á–µ–º –Ω–∞ $10 –º–ª—Ä–¥. –ë–æ–ª—å—à—É—é —á–∞—Å—Ç—å —ç—Ç–∏—Ö –¥–µ–Ω–µ–≥ –ê–±—Ä–∞–º–æ–≤–∏—á –ø–æ—Ç–µ—Ä—è–ª –ø–æ—Å–ª–µ –Ω–∞—á–∞–ª–∞ –≤–æ–π–Ω—ã –≤ –£–∫—Ä–∞–∏–Ω–µ –∏–∑-–∑–∞ —Å–∞–Ω–∫—Ü–∏–∏ –í–µ–ª–∏–∫–æ–±—Ä–∏—Ç–∞–Ω–∏–∏ –∏ –ï–≤—Ä–æ—Å–æ—é–∑–∞.

–ö—Ä–æ–º–µ —Ç–æ–≥–æ, –ö–æ–º–∏—Å—Å–∏—è –ø–æ —Ü–µ–Ω–Ω—ã–º –±—É–º–∞–≥–∞–º –∏ –±–∏—Ä–∂–∞–º –∏ –§–ë–† –°–®–ê –Ω–∞—á–∞–ª–∏ —Ä–∞—Å—Å–ª–µ–¥–æ–≤–∞–Ω–∏–µ –≤ –æ—Ç–Ω–æ—à–µ–Ω–∏–∏ –∫–æ–Ω—Å–∞–ª—Ç–∏–Ω–≥–æ–≤–æ–π —Ñ–∏—Ä–º—ã Concord Management, –∫–æ—Ç–æ—Ä–∞—è –∫–æ–Ω—Ç—Ä–æ–ª–∏—Ä–æ–≤–∞–ª–∞ –∏–Ω–≤–µ—Å—Ç–∏—Ü–∏–∏ –±–∏–∑–Ω–µ—Å–º–µ–Ω–∞ –≤ —Ö–µ–¥–∂-—Ñ–æ–Ω–¥—ã –Ω–∞ $6 –º–ª—Ä–¥. –°–µ–π—á–∞—Å —ç—Ç–∏ –¥–µ–Ω—å–≥–∏ —Ñ–∞–∫—Ç–∏—á–µ—Å–∫–∏ –∑–∞–º–æ—Ä–æ–∂–µ–Ω—ã.

–ó–∞–¥–æ–Ω–∞—Ç–∏—Ç—å —á–µ—Ä–µ–∑ –±–æ—Ç–∞ | Patreon | Boosty | –ü—Ä–µ–¥–ª–æ–∂–∏—Ç—å –Ω–æ–≤–æ—Å—Ç—å",2022-12-31 11:46:08+00:00,
"–í –∞—ç—Ä–æ–ø–æ—Ä—Ç–∞—Ö –ú–æ—Å–∫–≤—ã –æ—Ç–º–µ–Ω–∏–ª–∏ –∏–ª–∏ –∑–∞–¥–µ—Ä–∂–∞–ª–∏ 100 —Ä–µ–π—Å–æ–≤

–ü–æ –º–µ–Ω—å—à–µ–π –º–µ—Ä–µ 27 —Ä–µ–π—Å–∞ –∑–∞–¥–µ—Ä–∂–∞–Ω—ã –∏ 73 –æ—Ç–º–µ–Ω–µ–Ω—ã –≤ –º–æ—Å–∫–æ–≤—Å–∫–∏—Ö –∞—ç—Ä–æ–ø–æ—Ä—Ç–∞—Ö, —Å–ª–µ–¥—É–µ—Ç –∏–∑ –¥–∞–Ω–Ω—ã—Ö —Å–µ—Ä–≤–∏—Å–∞ ¬´–Ø–Ω–¥–µ–∫—Å. –†–∞—Å–ø–∏—Å–∞–Ω–∏–µ¬ª.

–ü–æ —Å–æ—Å—Ç–æ—è–Ω–∏—é –Ω–∞ 14:00 –º—Å–∫, –Ω–∞–∏–±–æ–ª—å—à–µ–µ —á–∏—Å–ª–æ –æ—Ç–º–µ–Ω –∑–∞—Ñ–∏–∫—Å–∏—Ä–æ–≤–∞–Ω–æ –≤ –®–µ—Ä–µ–º–µ—Ç—å–µ–≤–æ ‚Äî 68 —Ä–µ–π—Å–æ–≤. –ï—â–µ 10 –∑–∞–¥–µ—Ä–∂–∏–≤–∞—é—Ç—Å—è. –í –î–æ–º–æ–¥–µ–¥–æ–≤–æ 10 –∑–∞–¥–µ—Ä–∂–∞–Ω–Ω—ã—Ö —Ä–µ–π—Å–æ–≤, –æ—Ç–º–µ–Ω–µ–Ω—ã 2. –í–æ –í–Ω—É–∫–æ–≤–æ –æ—Ç–º–µ–Ω–∏–ª–∏ 3 —Ä–µ–π—Å–∞ –∏ –∑–∞–¥–µ—Ä–∂–∞–ª–∏ –µ—â–µ 7.

–í –ø—Ä–µ—Å—Å-—Å–ª—É–∂–±–µ –∞—ç—Ä–æ–ø–æ—Ä—Ç–∞ –î–æ–º–æ–¥–µ–¥–æ–≤–æ —Å–æ–æ–±—â–∏–ª–∏, —á—Ç–æ –æ–Ω —Ä–∞–±–æ—Ç–∞–µ—Ç —à—Ç–∞—Ç–Ω–æ, –æ—Ç–º–µ–Ω –∏ –∑–∞–¥–µ—Ä–∂–µ–∫ —Ä–µ–π—Å–æ–≤ –∏–∑-–∑–∞ –ø–æ–≥–æ–¥–Ω—ã—Ö —É—Å–ª–æ–≤–∏–π –Ω–µ—Ç. –í–æ –í–Ω—É–∫–æ–≤–æ —Ç–∞–∫–∂–µ –∑–∞—è–≤–∏–ª–∏ –æ —à—Ç–∞—Ç–Ω–æ–º —Ä–µ–∂–∏–º–µ —Ä–∞–±–æ—Ç—ã –∏ —Å–∫–∞–∑–∞–ª–∏, —á—Ç–æ –æ—Ç–º–µ–Ω —Ä–µ–π—Å–æ–≤ –∏–∑-–∑–∞ –º–µ—Ç–µ–æ—É—Å–ª–æ–≤–∏–π –Ω–µ—Ç.

–ó–∞–¥–æ–Ω–∞—Ç–∏—Ç—å —á–µ—Ä–µ–∑ –±–æ—Ç–∞ | Patreon | Boosty | –ü—Ä–µ–¥–ª–æ–∂–∏—Ç—å –Ω–æ–≤–æ—Å—Ç—å",2022-12-31 11:01:09+00:00,
"–ì–æ—Å—É–¥–∞—Ä—Å—Ç–≤–æ –æ—Ç–∫–∞–∑–∞–ª–æ—Å—å –≤—ã–¥–µ–ª—è—Ç—å –≥—Ä–∞–Ω—Ç—ã –Ω–∞ —Ä–æ—Å—Å–∏–π—Å–∫–∏–µ –∞–Ω–∞–ª–æ–≥–∏ TikTok –∏ Instagram ‚Äî –†–ë–ö

–í —Å–ø–∏—Å–æ–∫ –Ω–∞ –≥–æ—Å–ø–æ–¥–¥–µ—Ä–∂–∫—É –ø–æ–ø–∞–ª–∏ –Ω–µ—Å–∫–æ–ª—å–∫–æ –∞–Ω–∞–ª–æ–≥–æ–≤ —Å–µ—Ä–≤–∏—Å–∞ –≤–∏–¥–µ–æ–∫–æ–Ω—Ñ–µ—Ä–µ–Ω—Ü–∏–π Zoom, –ø–æ—á—Ç–æ–≤—ã–π —Å–µ—Ä–≤–∏—Å ¬´–ü–æ—á—Ç–∞ 2.0¬ª –æ—Ç ¬´–†–æ—Å–∞—Ç–æ–º–∞¬ª –∏ —Å–∏—Å—Ç–µ–º–∞ VK Teams. –ü—Ä–∏ —ç—Ç–æ–º –ú–∏–Ω—Ü–∏—Ñ—Ä—ã –∑–∞—è–≤–∏–ª–æ, —á—Ç–æ –≥—Ä–∞–Ω—Ç–æ–≤–∞—è –ø–æ–¥–¥–µ—Ä–∂–∫–∞ ¬´–Ω–µ —è–≤–ª—è–µ—Ç—Å—è –æ–ø—Ç–∏–º–∞–ª—å–Ω–æ–π¬ª –¥–ª—è –Ω–∞–ø—Ä–∞–≤–ª–µ–Ω–∏—è, —Ç–∞–∫ –∫–∞–∫ —ç—Ç–æ —É–∂–µ ¬´–∑—Ä–µ–ª—ã–µ —Å–µ—Ä–≤–∏—Å—ã, –∫–æ—Ç–æ—Ä—ã–µ –Ω–µ —É—Å—Ç—É–ø–∞—é—Ç –∑–∞–ø–∞–¥–Ω—ã–º –∞–Ω–∞–ª–æ–≥–∞–º¬ª. –†–∞–∑—Ä–∞–±–æ—Ç—á–∏–∫–∞–º –ª–∏—à—å –¥–∞–¥—É—Ç –ª—å–≥–æ—Ç–Ω—ã–µ –∫—Ä–µ–¥–∏—Ç—ã.

–†–∞–Ω–µ–µ –ø—Ä–∞–≤–∏—Ç–µ–ª—å—Å—Ç–≤–æ –ø–ª–∞–Ω–∏—Ä–æ–≤–∞–ª–æ –≤—ã–¥–µ–ª–∏—Ç—å –Ω–∞ ¬´—É–±–∏–π—Ü Instagram¬ª —Å–æ—Ç–Ω–∏ –º–∏–ª–ª–∏–æ–Ω–æ–≤ —Ä—É–±–ª–µ–π. –ù–æ –≤–∏–¥–∏–º–æ —Ä–µ—à–∏–ª–æ, —á—Ç–æ –ø—Ä–æ–±–ª–µ–º—É —É–∂–µ —Ä–µ—à–∏–ª –†–æ—Å—Å–≥—Ä–∞–º. –ü–æ–º–Ω–∏—Ç–µ —Ç–∞–∫–æ–π?

–ó–∞–¥–æ–Ω–∞—Ç–∏—Ç—å —á–µ—Ä–µ–∑ –±–æ—Ç–∞ | Patreon | Boosty | –ü—Ä–µ–¥–ª–æ–∂–∏—Ç—å –Ω–æ–≤–æ—Å—Ç—å",2022-12-31 10:36:07+00:00,
"–®–æ–π–≥—É –≤ –Ω–æ–≤–æ–≥–æ–¥–Ω–µ–º –ø–æ–∑–¥—Ä–∞–≤–ª–µ–Ω–∏–∏ –∑–∞—è–≤–∏–ª –æ –Ω–∞–¥–µ–∂–¥–∞—Ö –Ω–∞ ¬´–º–∏—Ä–Ω–æ–µ –±—É–¥—É—â–µ–µ¬ª

–ú–∏–Ω–∏—Å—Ç—Ä –æ–±–æ—Ä–æ–Ω—ã –ø–æ–∑–¥—Ä–∞–≤–∏–ª –≤–æ–µ–Ω–Ω–æ—Å–ª—É–∂–∞—â–∏—Ö —Å –Ω–∞—Å—Ç—É–ø–∞—é—â–∏–º –ù–æ–≤—ã–º –≥–æ–¥–æ–º –≤ –≤–∏–¥–µ–æ–æ–±—Ä–∞—â–µ–Ω–∏–∏. –í –Ω—ë–º –æ–Ω —Å–∫–∞–∑–∞–ª, —á—Ç–æ ¬´–≤ —Å–ª–æ–∂–Ω–æ–π –≤–æ–µ–Ω–Ω–æ-–ø–æ–ª–∏—Ç–∏—á–µ—Å–∫–æ–π –æ–±—Å—Ç–∞–Ω–æ–≤–∫–µ¬ª –Ω–æ–≤–æ–≥–æ–¥–Ω–∏–π –ø—Ä–∞–∑–¥–Ω–∏–∫ ¬´–ø—Ä–∏–æ–±—Ä–µ—Ç–∞–µ—Ç –±–æ–ª–µ–µ –≥–ª—É–±–æ–∫–∏–π —Å–º—ã—Å–ª, —è–≤–ª—è—è—Å—å —Å–∏–º–≤–æ–ª–æ–º –Ω–∞—à–∏—Ö –Ω–∞–¥–µ–∂–¥ –Ω–∞ –º–∏—Ä–Ω–æ–µ –±—É–¥—É—â–µ–µ¬ª.

¬´–ö–æ–≥–¥–∞ –ø—ã—Ç–∞—é—Ç—Å—è –ø–µ—Ä–µ—á–µ—Ä–∫–Ω—É—Ç—å –Ω–∞—à—É —Å–ª–∞–≤–Ω—É—é –∏—Å—Ç–æ—Ä–∏—é –∏ –≤–µ–ª–∏–∫–∏–µ –¥–æ—Å—Ç–∏–∂–µ–Ω–∏—è, —Å–Ω–æ—Å—è—Ç –ø–∞–º—è—Ç–Ω–∏–∫–∏ –ø–æ–±–µ–¥–∏—Ç–µ–ª—è–º —Ñ–∞—à–∏–∑–º–∞ –∏ –≤–æ–∑–≤–æ–¥—è—Ç –Ω–∞ –ø—å–µ–¥–µ—Å—Ç–∞–ª –≤–æ–µ–Ω–Ω—ã—Ö –ø—Ä–µ—Å—Ç—É–ø–Ω–∏–∫–æ–≤, –æ—Ç–º–µ–Ω—è—é—Ç –∏ –æ—Å–∫–≤–µ—Ä–Ω—è—é—Ç –≤—Å—ë —Ä–æ—Å—Å–∏–π—Å–∫–æ–µ. –í —ç—Ç–∏—Ö —É—Å–ª–æ–≤–∏—è—Ö –ø—Ä–µ–¥—Å—Ç–æ—è—â–∏–π –Ω–æ–≤–æ–≥–æ–¥–Ω–∏–π –ø—Ä–∞–∑–¥–Ω–∏–∫ –æ—Å—Ç–∞–µ—Ç—Å—è –Ω–µ —Ç–æ–ª—å–∫–æ –¥–æ–±—Ä–æ–π –Ω–∞—Ä–æ–¥–Ω–æ–π —Ç—Ä–∞–¥–∏—Ü–∏–µ–π, –Ω–æ –∏ –ø—Ä–∏–æ–±—Ä–µ—Ç–∞–µ—Ç –±–æ–ª–µ–µ –≥–ª—É–±–æ–∫–∏–π —Å–º—ã—Å–ª, —è–≤–ª—è—è—Å—å —Å–∏–º–≤–æ–ª–æ–º –Ω–∞—à–∏—Ö –Ω–∞–¥–µ–∂–¥ –Ω–∞ –º–∏—Ä–Ω–æ–µ –±—É–¥—É—â–µ–µ¬ª, ‚Äî —Å–∫–∞–∑–∞–ª –æ–Ω.

–ó–∞–¥–æ–Ω–∞—Ç–∏—Ç—å —á–µ—Ä–µ–∑ –±–æ—Ç–∞ | Patreon | Boosty | –ü—Ä–µ–¥–ª–æ–∂–∏—Ç—å –Ω–æ–≤–æ—Å—Ç—å",2022-12-31 10:17:12+00:00,
"–ñ–∏—Ç–µ–ª—è–º –ë–µ–ª–≥–æ—Ä–æ–¥–∞ –≤ –Ω–æ–≤–æ–≥–æ–¥–Ω—é—é –Ω–æ—á—å –Ω–∞ –≥–æ—Ä–æ–¥—Å–∫–æ–π –ø–ª–æ—â–∞–¥–∏ —Ä–∞–∑–¥–∞–¥—É—Ç –∫–∞—Ä—Ç—ã —É–∫—Ä—ã—Ç–∏–π

–ù–∞ –°–æ–±–æ—Ä–Ω–æ–π –ø–ª–æ—â–∞–¥–∏ –≤ –Ω–æ—á—å –Ω–∞ 1 —è–Ω–≤–∞—Ä—è —Ä–∞–∑–≤–µ—Ä–Ω—É—Ç –æ–ø–µ—Ä–∞—Ç–∏–≤–Ω—ã–π —à—Ç–∞–±. –ü–æ —Å–ª–æ–≤–∞–º –º—ç—Ä–∞ –≥–æ—Ä–æ–¥–∞ –í–∞–ª–µ–Ω—Ç–∏–Ω–∞ –î–µ–º–∏–¥–æ–≤–∞, ¬´—Å–ø–µ—Ü–∏–∞–ª–∏—Å—Ç—ã –±—É–¥—É—Ç –∞–Ω–∞–ª–∏–∑–∏—Ä–æ–≤–∞—Ç—å —Å–∏—Ç—É–∞—Ü–∏—é –∏ –±—ã—Å—Ç—Ä–æ —Ä–µ–∞–≥–∏—Ä–æ–≤–∞—Ç—å –Ω–∞ –≤–æ–∑–º–æ–∂–Ω—ã–µ —É–≥—Ä–æ–∑—ã. –ü–æ –≤—Å–µ–º –Ω–µ—à—Ç–∞—Ç–Ω—ã–º —Å–∏—Ç—É–∞—Ü–∏—è–º –≥–æ—Ä–æ–∂–∞–Ω–µ –±—É–¥—É—Ç –æ–ø–µ—Ä–∞—Ç–∏–≤–Ω–æ –ø—Ä–æ–∏–Ω—Ñ–æ—Ä–º–∏—Ä–æ–≤–∞–Ω—ã¬ª.

–í–ª–∞—Å—Ç–∏ —É–∂–µ –ø—Ä–æ–¥—É–º–∞–ª–∏ —Å—Ö–µ–º—É –¥–ª—è —ç–≤–∞–∫—É–∞—Ü–∏–∏ –ª—é–¥–µ–π —Å –ø–ª–æ—â–∞–¥–∏ –≤ —Å–ª—É—á–∞–µ ¬´—É–≥—Ä–æ–∑—ã¬ª. –í—Å–µ–º, –∫—Ç–æ –ø—Ä–∏–¥–µ—Ç –Ω–∞ –ø—Ä–∞–∑–¥–Ω–∏–∫, —Ä–∞–∑–¥–∞–¥—É—Ç —Ñ–ª–∞–µ—Ä—ã —Å –∫–∞—Ä—Ç–æ–π —É–∫—Ä—ã—Ç–∏–π.

–ö–∞–∫–æ–µ –º–∏—Ä–Ω–æ–µ –Ω–µ–±–æ –Ω–∞–¥ –≥–æ–ª–æ–≤–æ–π –Ω–∞ –ù–æ–≤—ã–π –≥–æ–¥? –ù–µ –ø–æ–ª–æ–∂–µ–Ω–æ!

–ó–∞–¥–æ–Ω–∞—Ç–∏—Ç—å —á–µ—Ä–µ–∑ –±–æ—Ç–∞ | Patreon | Boosty | –ü—Ä–µ–¥–ª–æ–∂–∏—Ç—å –Ω–æ–≤–æ—Å—Ç—å",2022-12-31 10:04:10+00:00,
"–£–º–µ—Ä –ø–∞–ø–∞ —Ä–∏–º—Å–∫–∏–π –Ω–∞ –ø–æ–∫–æ–µ –ë–µ–Ω–µ–¥–∏–∫—Ç XVI üòî

–ê–ø–æ—Å—Ç–æ–ª—å—Å–∫–∏–π –ø—Ä–µ—Å—Ç–æ–ª –æ–Ω –∑–∞–Ω–∏–º–∞–ª —Å 2005-–≥–æ –ø–æ 2013 –≥–æ–¥—ã.",2022-12-31 09:40:10+00:00,
"–ö—Ä–µ–º–ª—å —Å–æ–≤–µ—Ç—É–µ—Ç –ø—Ä–æ–ø–∞–≥–∞–Ω–¥–∏—Å—Ç–∞–º –ø—Ä–∏ –ø–æ–¥–≤–µ–¥–µ–Ω–∏–∏ –∏—Ç–æ–≥–æ–≤ –≥–æ–¥–∞ —Ö–≤–∞–ª–∏—Ç—å —É–≤–µ–ª–∏—á–µ–Ω–∏–µ –ø–ª–æ—â–∞–¥–∏ –†–æ—Å—Å–∏–∏ –∏ —Ä–µ–π—Ç–∏–Ω–≥–∏ –ü—É—Ç–∏–Ω–∞ ‚Äî ¬´–ú–µ–¥—É–∑–∞¬ª

–ê–¥–º–∏–Ω–∏—Å—Ç—Ä–∞—Ü–∏—è –ø—Ä–µ–∑–∏–¥–µ–Ω—Ç–∞ –†–æ—Å—Å–∏–∏ –ø–æ–¥–≥–æ—Ç–æ–≤–∏–ª–∞ –º–µ—Ç–æ–¥–∏—á–∫—É –¥–ª—è –≥–æ—Å—É–¥–∞—Ä—Å—Ç–≤–µ–Ω–Ω—ã—Ö –∏ –ø—Ä–æ–≤–ª–∞—Å—Ç–Ω—ã—Ö –°–ú–ò –æ —Ç–æ–º, –∫–∞–∫ –ø—Ä–∞–≤–∏–ª—å–Ω–æ –ø–æ–¥–≤–æ–¥–∏—Ç—å –∏—Ç–æ–≥–∏ 2022 –≥–æ–¥–∞. –ú–µ—Ç–æ–¥–∏—á–∫–∞ —Ä–∞–∑–¥–µ–ª–µ–Ω–∞ –Ω–∞ —á–µ—Ç—ã—Ä–µ —Ä–∞–∑–¥–µ–ª–∞: ¬´–ì–ª–∞–≤–Ω–æ–µ¬ª, ¬´–£—Å–∏–ª–µ–Ω–∏–µ –†–æ—Å—Å–∏–∏¬ª, ¬´–°–í–û¬ª –∏ ¬´–ù–æ–≤—ã–π –º–∏—Ä–æ–ø–æ—Ä—è–¥–æ–∫¬ª.

–ö—Ä–µ–º–ª—å –ø—Ä–∏–∑—ã–≤–∞–µ—Ç –ø—Ä–æ–ø–∞–≥–∞–Ω–¥–∏—Å—Ç–æ–≤ –ø–æ–¥—á—ë—Ä–∫–∏–≤–∞—Ç—å –ø—Ä–∞–≤–∏–ª—å–Ω–æ—Å—Ç—å —Ä–µ—à–µ–Ω–∏—è –≤—Ç–æ—Ä–≥–Ω—É—Ç—å—Å—è –≤ –£–∫—Ä–∞–∏–Ω—É, –≤–µ–¥—å –æ–Ω–æ –ø—Ä–µ–¥–æ—Ç–≤—Ä–∞—Ç–∏–ª–æ ¬´–≥–æ—Ç–æ–≤—è—â–µ–µ—Å—è –Ω–∞–ø–∞–¥–µ–Ω–∏–µ –£–∫—Ä–∞–∏–Ω—ã –∏ –ù–ê–¢–û –Ω–∞ —Ç–µ—Ä—Ä–∏—Ç–æ—Ä–∏—é –†–æ—Å—Å–∏–∏¬ª. –í–ª–∞—Å—Ç–∏ —É—Ç–≤–µ—Ä–∂–¥–∞—é—Ç, —á—Ç–æ –ó–∞–ø–∞–¥ —Å 2014 –≥–æ–¥–∞ –≥–æ—Ç–æ–≤–∏–ª—Å—è ¬´—Ä–∞–∑–¥–µ–ª–∏—Ç—å –∏ –ø–æ–∫–æ—Ä–∏—Ç—å —Ä—É—Å—Å–∫–∏–π –Ω–∞—Ä–æ–¥¬ª.

–ß–∏–Ω–æ–≤–Ω–∏–∫–∏ –ê–ü –ø–æ–ª–µ–Ω–∏–ª–∏—Å—å –ø—Ä–∏–¥—É–º—ã–≤–∞—Ç—å –Ω–æ–≤—ã–µ —Å–º—ã—Å–ª—ã —Ö–∞–æ—Ç–∏—á–Ω–æ–º—É –ø–æ–≤–µ–¥–µ–Ω–∏—é —Å–≤–æ–µ–≥–æ –Ω–∞—á–∞–ª—å–Ω–∏–∫–∞, –ø–æ—ç—Ç–æ–º—É –ø—Ä–æ—Å—Ç–æ –ø—Ä–µ–≤—Ä–∞—Ç–∏–ª–∏ —Ç–µ–∫—Å—Ç –ø–µ—Å–Ω–∏ ¬´–í–ª–∞–¥–∏–º–∏—Ä –ü—É—Ç–∏–Ω ‚Äî –º–æ–ª–æ–¥–µ—Ü, –ø–æ–ª–∏—Ç–∏–∫, –ª–∏–¥–µ—Ä –∏ –±–æ—Ä–µ—Ü!¬ª –≤ PR-—Å—Ç—Ä–∞—Ç–µ–≥–∏—é.

–ó–∞–¥–æ–Ω–∞—Ç–∏—Ç—å —á–µ—Ä–µ–∑ –±–æ—Ç–∞ | Patreon | Boosty | –ü—Ä–µ–¥–ª–æ–∂–∏—Ç—å –Ω–æ–≤–æ—Å—Ç—å",2022-12-31 09:16:08+00:00,
"–ì–ª–∞–≤–∞ –õ–ù–† –õ–µ–æ–Ω–∏–¥ –ü–∞—Å–µ—á–Ω–∏–∫ –∑–∞—è–≤–∏–ª, —á—Ç–æ –Ω–∞—Ö–æ–¥—è—â–∏–µ—Å—è –ø–æ–¥ —É–ø—Ä–∞–≤–ª–µ–Ω–∏–µ–º –≥–æ—Å—É–¥–∞—Ä—Å—Ç–≤–∞ —à–∞—Ö—Ç—ã –≤ –õ–ù–† –ø–æ–∫–∞ –Ω–µ—Ä–µ–Ω—Ç–∞–±–µ–ª—å–Ω—ã. –ü–æ –µ–≥–æ —Å–ª–æ–≤–∞–º, –µ—Å–ª–∏ —Å–∏—Ç—É–∞—Ü–∏—è –Ω–µ –∏–∑–º–µ–Ω–∏—Ç—Å—è, —à–∞—Ö—Ç—ã –º–æ–≥—É—Ç –ø—Ä–∏–≤–∞—Ç–∏–∑–∏—Ä–æ–≤–∞—Ç—å. 

–ß–ó–•?! –ü–∞—Å–µ—á–Ω–∏–∫ ‚Äî –ª–∏–±–µ—Ä—Ç–∞—Ä–∏–∞–Ω–µ—Ü? ü§Ø",2022-12-31 08:30:42+00:00,
"–í –ö–æ–º—Å–æ–º–æ–ª—å—Å–∫–µ-–Ω–∞-–ê–º—É—Ä–µ —Å–∏–ª–æ–≤–∏–∫–∏ –∑–∞–¥–µ—Ä–∂–∞–ª–∏ –∞–∫—Ç–∏–≤–∏—Å—Ç–∫—É –∑–∞ –ø–∏–∫–µ—Ç —Å –ø–ª–∞–∫–∞—Ç–æ–º ¬´–ú–∏—Ä¬ª

–ù–∞–¥–µ–∂–¥–∞ –§–∏–ª–∏–º–æ–Ω–æ–≤–∞ –ø—Ä–æ–≤–æ–¥–∏–ª–∞ –æ–¥–∏–Ω–æ—á–Ω—ã–π –ø–∏–∫–µ—Ç –Ω–∞ –ø–ª–æ—â–∞–¥–∏ –õ–µ–Ω–∏–Ω–∞. –ï—ë –¥–æ—Å—Ç–∞–≤–∏–ª–∏ –≤ –û–í–î, —Ç–∞–º –æ–Ω–∞ –Ω–∞–ø–∏—Å–∞–ª–∞ –æ–±—ä—è—Å–Ω–∏—Ç–µ–ª—å–Ω—É—é –∏ –ø–æ–ª—É—á–∏–ª–∞ –∏–∑–≤–µ—â–µ–Ω–∏–µ –æ –Ω–µ–æ–±—Ö–æ–¥–∏–º–æ—Å—Ç–∏ —è–≤–∏—Ç—å—Å—è –Ω–∞ —Å–æ—Å—Ç–∞–≤–ª–µ–Ω–∏–µ –∞–¥–º–∏–Ω–∏—Å—Ç—Ä–∞—Ç–∏–≤–Ω–æ–≥–æ –ø—Ä–æ—Ç–æ–∫–æ–ª–∞ –ø–æ —Å—Ç–∞—Ç—å–µ –æ ¬´–¥–∏—Å–∫—Ä–µ–¥–∏—Ç–∞—Ü–∏–∏ –í–° –†–§¬ª.

–ù–∏ –º–∏—Ä–∞, –Ω–∏ –≤–æ–π–Ω—ã, –≤—Å—ë —Å–ø–ª–æ—à–Ω–∞—è —Å–ø–µ—Ü–æ–ø–µ—Ä–∞—Ü–∏—è.

–ó–∞–¥–æ–Ω–∞—Ç–∏—Ç—å —á–µ—Ä–µ–∑ –±–æ—Ç–∞ | Patreon | Boosty | –ü—Ä–µ–¥–ª–æ–∂–∏—Ç—å –Ω–æ–≤–æ—Å—Ç—å",2022-12-31 08:07:09+00:00,
"–ê–¥–≤–æ–∫–∞—Ç –≠–¥–≤–∞—Ä–¥–∞ –ë–∏–ª–∞ –∏ –∏–∑–±–∏—Ç–æ–≥–æ –ö–æ–∫–æ—Ä–∏–Ω—ã–º –∏ –ú–∞–º–∞–µ–≤—ã–º —á–∏–Ω–æ–≤–Ω–∏–∫–∞ –ú–∏–Ω–ø—Ä–æ–º—Ç–æ—Ä–≥–∞ –ø–æ–º–µ—â–µ–Ω –≤ –°–ò–ó–û. –ù–∞—Ö–æ–¥—è—Å—å –ø–æ–¥ —Å–ª–µ–¥—Å—Ç–≤–∏–µ–º –∑–∞ –¥—Ä–∞–∫—É, –æ–Ω —É—Å—Ç—Ä–æ–∏–ª –µ—â–µ –æ–¥–∏–Ω –¥–µ–±–æ—à

–ì–µ–Ω–Ω–∞–¥–∏—è –£–¥—É–Ω—è–Ω–∞ –æ–±–≤–∏–Ω—è—é—Ç –≤ —É–º—ã—à–ª–µ–Ω–Ω–æ–º –ø—Ä–∏—á–∏–Ω–µ–Ω–∏–∏ –ª–µ–≥–∫–æ–≥–æ –≤—Ä–µ–¥–∞ –∑–¥–æ—Ä–æ–≤—å—é, –Ω–µ–∑–∞–∫–æ–Ω–Ω–æ–º –ø—Ä–æ–Ω–∏–∫–Ω–æ–≤–µ–Ω–∏–∏ –≤ –∂–∏–ª–∏—â–µ, —Å–æ–≤–µ—Ä—à–µ–Ω–Ω–æ–º –ø—Ä–æ—Ç–∏–≤ –≤–æ–ª–∏ –ø—Ä–æ–∂–∏–≤–∞—é—â–µ–≥–æ –≤ –Ω–µ–º –ª–∏—Ü–∞ –∏ —Ö—É–ª–∏–≥–∞–Ω—Å—Ç–≤–µ. –£–∂–µ –Ω–∞—Ö–æ–¥—è—Å—å –ø–æ–¥ –∑–∞–ø—Ä–µ—Ç–æ–º –æ–ø—Ä–µ–¥–µ–ª–µ–Ω–Ω—ã—Ö –¥–µ–π—Å—Ç–≤–∏–π, 23 –Ω–æ—è–±—Ä—è –ø—å—è–Ω—ã–π –∞–¥–≤–æ–∫–∞—Ç –≤–æ—Ä–≤–∞–ª—Å—è –æ—Ç–µ–ª—å ¬´–õ–æ—Ç—Ç–µ-–ü–ª–∞–∑–∞¬ª, –≤—ã–±–∏–ª –¥–≤–µ—Ä—å –≤ –æ–¥–∏–Ω –∏–∑ –Ω–æ–º–µ—Ä–æ–≤, –≥–¥–µ –∏–∑–±–∏–ª —Å–≤–æ—é –±—ã–≤—à—É—é –î–∞—Ä—å—é –ì–ª—É—à–∞–∫–æ–≤—É –∏ –µ–µ –Ω–µ–Ω–∞–∑–≤–∞–Ω–Ω–æ–≥–æ —Å–ø—É—Ç–Ω–∏–∫–∞.

–ì–æ–¥ –Ω–∞–∑–∞–¥ –£–¥—É–Ω—è–Ω —Ç–æ–∂–µ –ø–æ–¥—Ä–∞–ª—Å—è —Å –ø–æ—Å–µ—Ç–∏—Ç–µ–ª—è–º–∏ –≤ —Ä–µ—Å—Ç–æ—Ä–∞–Ω–µ La Maree –∏ –¥–∞–∂–µ —É–≥—Ä–æ–∂–∞–ª –∏–º –ø–∏—Å—Ç–æ–ª–µ—Ç–æ–º.

–ê –≤—ã —Ç–æ—á–Ω–æ –∞–¥–≤–æ–∫–∞—Ç?

–ó–∞–¥–æ–Ω–∞—Ç–∏—Ç—å —á–µ—Ä–µ–∑ –±–æ—Ç–∞ | Patreon | Boosty | –ü—Ä–µ–¥–ª–æ–∂–∏—Ç—å –Ω–æ–≤–æ—Å—Ç—å",2022-12-31 07:52:07+00:00,
"–ù–∞ –ö—Ä–∞—Å–Ω–æ–π –ø–ª–æ—â–∞–¥–∏ –º—É–∂—á–∏–Ω–∞ –ø–æ–ø—ã—Ç–∞–ª—Å—è –ø–æ–¥–∂–µ—á—å –µ–ª–∫—É ‚Äî ¬´–ò–∑–≤–µ—Å—Ç–∏—è¬ª

–ü–æ –¥–∞–Ω–Ω—ã–º –∏–∑–¥–∞–Ω–∏—è, –º—É–∂—á–∏–Ω–∞, –∫–æ—Ç–æ—Ä–æ–≥–æ –∑–æ–≤—É—Ç –î–º–∏—Ç—Ä–∏–π –ú., –ø–æ–¥–æ—à–µ–ª –∫ –¥–µ—Ä–µ–≤—É —Å –∫–∞–Ω–∏—Å—Ç—Ä–æ–π –±–µ–Ω–∑–∏–Ω–∞ –∏ –ø–æ–ø—ã—Ç–∞–ª—Å—è –ø–æ–¥–∂–µ—á—å –µ–≥–æ, –Ω–æ –µ–≥–æ —Å—Ä–∞–∑—É –∑–∞–º–µ—Ç–∏–ª–∏ –∏ –∑–∞–¥–µ—Ä–∂–∞–ª–∏. –ú–µ—Å—Ç–æ –ø—Ä–æ–∏—Å—à–µ—Å—Ç–≤–∏—è –æ—Ü–µ–ø–∏–ª–∏.

–ü–æ –¥–∞–Ω–Ω—ã–º ¬´–Ø–Ω–¥–µ–∫—Å.–ö–∞—Ä—Ç¬ª, –Ω–æ–≤–æ–≥–æ–¥–Ω—è—è –µ–ª–∫–∞ –Ω–∞ –ö—Ä–∞—Å–Ω–æ–π –ø–ª–æ—â–∞–¥–∏ —É—Å—Ç–∞–Ω–æ–≤–ª–µ–Ω–∞ —Ä—è–¥–æ–º —Å –ì–£–ú–æ–º, –µ—â–µ –æ–¥–Ω–∞ —Å—Ç–æ–∏—Ç –Ω–∞ –ú–∞–Ω–µ–∂–Ω–æ–π –ø–ª–æ—â–∞–¥–∏, –∞ –µ—â–µ –æ–¥–Ω–∞ ‚Äî –≤ –ö—Ä–µ–º–ª–µ.

–ó–∞–¥–æ–Ω–∞—Ç–∏—Ç—å —á–µ—Ä–µ–∑ –±–æ—Ç–∞ | Patreon | Boosty | –ü—Ä–µ–¥–ª–æ–∂–∏—Ç—å –Ω–æ–≤–æ—Å—Ç—å",2022-12-31 07:21:08+00:00,
"üáªüá™–•—É–∞–Ω –ì—É–∞–π–¥–æ —Å–º–µ—â–µ–Ω —Å –ø–æ—Å—Ç–∞ –≤—Ä–µ–º–µ–Ω–Ω–æ–≥–æ –ø—Ä–µ–∑–∏–¥–µ–Ω—Ç–∞ –í–µ–Ω–µ—Å—É—ç–ª—ã

30 –¥–µ–∫–∞–±—Ä—è –ù–∞—Ü–∏–æ–Ω–∞–ª—å–Ω–∞—è –∞—Å—Å–∞–º–±–ª–µ—è –ø—Ä–æ–≥–æ–ª–æ—Å–æ–≤–∞–ª–∞ –∑–∞ —Å–º–µ—â–µ–Ω–∏–µ –•—É–∞–Ω–∞ –ì—É–∞–π–¥–æ –∏ —Ä–æ—Å–ø—É—Å–∫ –µ–≥–æ –ø—Ä–∞–≤–∏—Ç–µ–ª—å—Å—Ç–≤–∞. –õ–µ–≥–∏—Ç–∏–º–Ω–æ—Å—Ç—å –ì—É–∞–π–¥–æ —Å 2019 –≥–æ–¥–∞ –ø—Ä–∏–∑–Ω–∞–ª–æ 50 –≥–æ—Å—É–¥–∞—Ä—Å—Ç–≤, –≤ —Ç–æ–º —á–∏—Å–ª–µ –°–®–ê, –§—Ä–∞–Ω—Ü–∏—è, –ì–µ—Ä–º–∞–Ω–∏—è, –ë–µ–ª—å–≥–∏—è –∏ –í–µ–ª–∏–∫–æ–±—Ä–∏—Ç–∞–Ω–∏—è. –ù–æ —Ñ–∞–∫—Ç–∏—á–µ—Å–∫–æ–≥–æ –¥–≤–æ–µ–≤–ª–∞—Å—Ç–∏—è –≤ –í–µ–Ω–µ—Å—É—ç–ª–µ –Ω–µ —Å–ª—É—á–∏–ª–æ—Å—å. 

–ü—Ä–∏–∑–Ω–∞–Ω–∏–µ –ø—Ä–∞–≤–∏—Ç–µ–ª—å—Å—Ç–≤–∞ –°–®–ê –∏ –º–µ–∂–¥—É–Ω–∞—Ä–æ–¥–Ω–æ–≥–æ —Å–æ–æ–±—â–µ—Å—Ç–≤–∞ –æ–∫–∞–∑–∞–ª–æ—Å—å –Ω–µ —Ç–∞–∫–∏–º –∑–Ω–∞—á–∏–º—ã–º –∞—Ä–≥—É–º–µ–Ω—Ç–æ–º, –∫–∞–∫ –ø—Ä–∏–∑–Ω–∞–Ω–∏–µ –æ—Ç –ß–í–ö ¬´–í–∞–≥–Ω–µ—Ä¬ª –∏ –º–µ—Å—Ç–Ω—ã—Ö –±–∞–Ω–¥–∏—Ç–æ–≤.

–ó–∞–¥–æ–Ω–∞—Ç–∏—Ç—å —á–µ—Ä–µ–∑ –±–æ—Ç–∞ | Patreon | Boosty | –ü—Ä–µ–¥–ª–æ–∂–∏—Ç—å –Ω–æ–≤–æ—Å—Ç—å",2022-12-31 06:30:52+00:00,
"–ö–∞–¥—ã—Ä–æ–≤—Ü—ã –¥–æ–º–æ–≥–∞–ª–∏—Å—å –∫ –¥–µ–≤—É—à–∫–µ –≤ –°–∏–º—Ñ–µ—Ä–æ–ø–æ–ª–µ –∏ —Ç–æ–ª–ø–æ–π –∏–∑–±–∏–ª–∏ –µ—ë –ø–∞—Ä–Ω—è ‚Äî –≤–∏–¥–µ–æ

–ü–æ—è–≤–∏–ª–∏—Å—å –∫–∞–¥—Ä—ã –Ω–∞–ø–∞–¥–µ–Ω–∏—è —É –∫–ª—É–±–∞ ¬´–ú–æ–Ω—Ä–æ¬ª. –ù–∞ –Ω–∏—Ö –≤–∏–¥–Ω–æ, –∫–∞–∫ –∫–∞–¥—ã—Ä–æ–≤–µ—Ü –ø–æ—Ç—Ä–æ–≥–∞–ª –∑–∞ —è–≥–æ–¥–∏—Ü—ã –¥–µ–≤—É—à–∫—É. –ï—ë —Å–ø—É—Ç–Ω–∏–∫ –ø–æ–ø—ã—Ç–∞–ª—Å—è –æ–±—ä—è—Å–Ω–∏—Ç—å, —á—Ç–æ –≤ –°–∏–º—Ñ–µ—Ä–æ–ø–æ–ª–µ —Ç–∞–∫ –Ω–µ –ø—Ä–∏–Ω—è—Ç–æ ‚Äî –≤ –æ—Ç–≤–µ—Ç –µ–≥–æ —É–¥–∞—Ä–∞–º–∏ –ø–æ–≤–∞–ª–∏–ª–∏ –Ω–∞ –∑–µ–º–ª—é —Ç–µ–ª–æ—Ö—Ä–∞–Ω–∏—Ç–µ–ª–∏ –æ–±–∏–¥—á–∏–∫–∞, –∞ —Å–∞–º –æ–±–∏–¥—á–∏–∫ –ø–æ–ø—ã—Ç–∞–ª—Å—è –¥–æ–±–∏—Ç—å –ª–µ–∂–∞—á–µ–≥–æ –Ω–æ–≥–∞–º–∏ –ø–æ –≥–æ–ª–æ–≤–µ. 

–ó–∞—á–∏–Ω—â–∏–∫–æ–º –∫–æ–Ω—Ñ–ª–∏–∫—Ç–∞ –æ–∫–∞–∑–∞–ª—Å—è –•–∞—Å–∞–Ω –ò–±—Ä–∞–≥–∏–º–æ–≤ ‚Äî –ø—Ä–µ–¥—Å—Ç–∞–≤–∏—Ç–µ–ª—å –ö–∞–¥—ã—Ä–æ–≤–∞ –≤ –•–µ—Ä—Å–æ–Ω—Å–∫–æ–π –∏ –ó–∞–ø–æ—Ä–æ–∂—Å–∫–æ–π –æ–±–ª–∞—Å—Ç—è—Ö. –° –Ω–∏–º –±—ã–ª–∏ –∑–∞–¥–µ—Ä–∂–∞–Ω–∞ –æ—Ö—Ä–∞–Ω–∞: –ê—Ä—Ç—É—Ä –ê–±–¥—É–ª–∞–µ–≤, –°—É–ª–∞–º–±–µ–∫ –¢–∞–¥—É—à–∞–µ–≤, –ú–∞–≥–æ–º–µ–¥ –¢–æ–≤—Å—É–ª—Ç–∞–Ω–æ–≤ –∏ –®–∞–º–∏–ª—å –ê–∑–∏–∑–æ–≤.

–ß–µ–π –ö—Ä—ã–º, –≥–æ–≤–æ—Ä–∏—Ç–µ?

–ó–∞–¥–æ–Ω–∞—Ç–∏—Ç—å —á–µ—Ä–µ–∑ –±–æ—Ç–∞ | Patreon | Boosty | –ü—Ä–µ–¥–ª–æ–∂–∏—Ç—å –Ω–æ–≤–æ—Å—Ç—å",2022-12-31 05:47:20+00:00,
"üá∫üá∏–ì–ª–∞–≤–∞ –æ–±–∞–Ω–∫—Ä–æ—Ç–∏–≤—à–µ–π—Å—è FTX —Ö–æ–¥–∏–ª –≤ –ë–µ–ª—ã–π –î–æ–º –≤–ø–ª–æ—Ç—å –¥–æ 8 —Å–µ–Ω—Ç—è–±—Ä—è

–í –∂—É—Ä–Ω–∞–ª–µ –ø–æ—Å–µ—Ç–∏—Ç–µ–ª–µ–π –æ–±–Ω–∞—Ä—É–∂–∏–ª–∏ 4 –≤–∏–∑–∏—Ç–∞ –°—ç–º–∞ –ë—ç–Ω–∫–º–∞–Ω–∞-–§—Ä–∏–¥–∞ –∑–∞ 2022 –≥–æ–¥. –û–Ω —Å–≤–æ–±–æ–¥–Ω–æ –≤—Ö–æ–¥–∏–ª –≤ –∞–¥–º–∏–Ω–∏—Å—Ç—Ä–∞—Ü–∏—é ¬´—Ä–µ—à–∞—Ç—å –≤–æ–ø—Ä–æ—Å—ã¬ª —Å –≤—ã—Å–æ–∫–æ–ø–æ—Å—Ç–∞–≤–ª–µ–Ω–Ω—ã–º–∏ —á–∏–Ω–æ–≤–Ω–∏–∫–∞–º–∏ –ë–∞–π–¥–µ–Ω–∞. –ù–∞ –≤—Å—Ç—Ä–µ—á–∞—Ö –º–æ—à–µ–Ω–Ω–∏–∫ –¥–∞–≤–∞–ª —Å–æ–≤–µ—Ç—ã –ø–æ —Ä–µ–≥—É–ª–∏—Ä–æ–≤–∞–Ω–∏—é –∫—Ä–∏–ø—Ç–æ–≤–∞–ª—é—Ç –≤ –°–®–ê.

–ù–µ —É–¥–∏–≤–∏—Ç–µ–ª—å–Ω–æ, —á—Ç–æ –°—ç–º —Å—Ä–∞–∑—É –ø–æ –ø—Ä–∏–ª—ë—Ç—É –≤ –°–®–ê –≤—ã—à–µ–ª –∏–∑ —Ç—é—Ä—å–º—ã –ø–æ–¥ —á–µ—Å—Ç–Ω–æ–µ —Å–ª–æ–≤–æ. –°–µ–π—á–∞—Å –æ–Ω –ø—É—Ç–µ—à–µ—Å—Ç–≤—É–µ—Ç –ø–æ —Å—Ç—Ä–∞–Ω–µ –ø–µ—Ä–≤—ã–º –∫–ª–∞—Å—Å–æ–º –∏ –∂–∏–≤—ë—Ç –≤ –æ—Å–æ–±–Ω—è–∫–µ —Ä–æ–¥–∏—Ç–µ–ª–µ–π –∑–∞ $4 –º–ª–Ω.

–ó–∞–¥–æ–Ω–∞—Ç–∏—Ç—å —á–µ—Ä–µ–∑ –±–æ—Ç–∞ | Patreon | Boosty | –ü—Ä–µ–¥–ª–æ–∂–∏—Ç—å –Ω–æ–≤–æ—Å—Ç—å",2022-12-31 04:48:39+00:00,
"üá∫üá∏ –£—Ä–æ–∫–∏ –º–µ–Ω—Ç–∞–ª—å–Ω–æ–π –≥–∏–º–Ω–∞—Å—Ç–∏–∫–∏ –æ—Ç –ª–∏–±–µ—Ä–∞–ª–æ–≤: –ø–æ—á–µ–º—É –º–∏—Ç–∏–Ω–≥ 6 —è–Ω–≤–∞—Ä—è —è–∫–æ–±—ã –ø—Ä–∏–≤—ë–ª –∫ –≤—Å–ø—ã—à–∫–µ –∫–æ–≤–∏–¥–∞ ‚Äî –∞ –ø–æ–≥—Ä–æ–º—ã BLM –Ω–µ—Ç 

–í 2020 –≥–æ–¥—É –∫—Ä—É–ø–Ω–µ–π—à–∏–µ –°–ú–ò –≤–Ω—É—à–∞–ª–∏ –∞–º–µ—Ä–∏–∫–∞–Ω—Ü–∞–º, —á—Ç–æ –∫–æ—Ä–æ–Ω–∞–≤–∏—Ä—É—Å –Ω–µ —Ä–∞—Å–ø—Ä–æ—Å—Ç—Ä–∞–Ω—è–µ—Ç—Å—è –º–µ–∂–¥—É –ø–æ–≥—Ä–æ–º—â–∏–∫–∞–º–∏ BLM. –ë–æ–ª–µ–∑–Ω—å –ø—Ä–æ—è–≤–∏–ª–∞ –ø–æ–ª–∏—Ç–∏—á–µ—Å–∫—É—é –≥—Ä–∞–º–æ—Ç–Ω–æ—Å—Ç—å, –æ–Ω–∞ –Ω–µ –ø–µ—Ä–µ–¥–∞–≤–∞–ª–∞—Å—å –º–µ–∂–¥—É —Å–æ—Ç–Ω—è–º–∏ —Ç—ã—Å—è—á –ø–æ–≥—Ä–æ–º—â–∏–∫–æ–≤, –≤—ã–∂–∏–≥–∞—é—â–∏—Ö –≥–æ—Ä–æ–¥–∞. 

–ù–æ —Å—Ç–æ–∏–ª–æ –Ω–µ—Å–∫–æ–ª—å–∫–∏–º —Å–æ—Ç–Ω—è–º —Å—Ç–æ—Ä–æ–Ω–Ω–∏–∫–æ–≤ –¢—Ä–∞–º–ø–∞ –ø—Ä–æ–≤–µ—Å—Ç–∏ –º–∏—Ä–Ω—ã–π –º–∏—Ç–∏–Ω–≥ —É –ö–∞–ø–∏—Ç–æ–ª–∏—è ‚Äî –æ–Ω–∏ —Å—Ä–∞–∑—É –∑–∞—Ä–∞–∑–∏–ª–∏ –≤—Å–µ—Ö —á–∏–Ω–æ–≤–Ω–∏–∫–æ–≤ –≤ –í–∞—à–∏–Ω–≥—Ç–æ–Ω–µ –∏ 38 –ø–æ–ª–∏—Ü–µ–π—Å–∫–∏—Ö. –ú–∏—Ç–∏–Ω–≥ –ø–æ—Å–ª–µ —ç—Ç–æ–≥–æ —Å—Ä–∞–≤–Ω–∏–≤–∞–ª–∏ —Å –•–æ–ª–æ–∫–æ—Å—Ç–æ–º, –ü—ë—Ä–ª –•–∞—Ä–±–æ—Ä–æ–º –∏ 11 —Å–µ–Ω—Ç—è–±—Ä—è.

–ó–∞–¥–æ–Ω–∞—Ç–∏—Ç—å —á–µ—Ä–µ–∑ –±–æ—Ç–∞ | Patreon | Boosty | –ü—Ä–µ–¥–ª–æ–∂–∏—Ç—å –Ω–æ–≤–æ—Å—Ç—å",2022-12-31 03:35:03+00:00,
"üá∫üá∏ –ë–µ–ª—ã–µ –ª–∏–±–µ—Ä–∞–ª–∫–∏ –æ—Ç–ø—É–≥–Ω—É–ª–∏ –æ—Å—Ç–∞–ª—å–Ω—ã—Ö –∂–µ–Ω—â–∏–Ω –æ—Ç –∏–¥–µ–π —Ñ–µ–º–∏–Ω–∏–∑–º–∞

–û–ø—Ä–æ—Å—ã –ø–æ–∫–∞–∑—ã–≤–∞—é—Ç, —á—Ç–æ –∞–º–µ—Ä–∏–∫–∞–Ω—Å–∫–∏–µ –∂–µ–Ω—â–∏–Ω—ã –≤—Å—ë —Ä–µ–∂–µ –≥–æ—Ç–æ–≤—ã –Ω–∞–∑—ã–≤–∞—Ç—å —Å–µ–±—è —Ñ–µ–º–∏–Ω–∏—Å—Ç–∫–∞–º–∏ –∏–∑-–∑–∞ —Ç–æ–∫—Å–∏—á–Ω–æ–≥–æ –ø–æ–≤–µ–¥–µ–Ω–∏—è —Ñ–µ–º–∏–Ω–∏—Å—Ç–æ–∫.

–ï–¥–∏–Ω—Å—Ç–≤–µ–Ω–Ω—ã–µ, —É –∫–æ–≥–æ –Ω–µ —É–≥–∞—Å —ç–Ω—Ç—É–∑–∏–∞–∑–º –∫ —Ñ–µ–º–∏–Ω–∏–∑–º—É ‚Äî –±–µ–ª—ã–µ –ª–∏–±–µ—Ä–∞–ª—å–Ω—ã–µ –∂–µ–Ω—â–∏–Ω—ã.

–ó–∞–¥–æ–Ω–∞—Ç–∏—Ç—å —á–µ—Ä–µ–∑ –±–æ—Ç–∞ | Patreon | Boosty | –ü—Ä–µ–¥–ª–æ–∂–∏—Ç—å –Ω–æ–≤–æ—Å—Ç—å",2022-12-31 01:31:06+00:00,
"üáÆüáπ –ò—Ç–∞–ª—å—è–Ω—Å–∫–∏–π —Ç–µ–∞—Ç—Ä –æ—Ç–º–µ–Ω–∏–ª –≤—ã—Å—Ç—É–ø–ª–µ–Ω–∏–µ —Ç–∞–Ω—Ü–æ—Ä–∞-–ø—É—Ç–∏–Ω–∏—Å—Ç–∞ –°–µ—Ä–≥–µ—è –ü–æ–ª—É–Ω–∏–Ω–∞

–ú–∏–ª–∞–Ω—Å–∫–∏–π —Ç–µ–∞—Ç—Ä ¬´–ê—Ä—á–∏–º–±–æ–ª—å–¥–∏¬ª –æ—Ç–º–µ–Ω–∏–ª –±–∞–ª–µ—Ç ¬´–†–∞—Å–ø—É—Ç–∏–Ω ‚Äî —Ç–∞–Ω—Ü–µ–≤–∞–ª—å–Ω–∞—è –¥—Ä–∞–º–∞¬ª, –≥–ª–∞–≤–Ω—É—é —Ä–æ–ª—å –≤ –∫–æ—Ç–æ—Ä–æ–º –∏—Å–ø–æ–ª–Ω—è–µ—Ç –°–µ—Ä–≥–µ–π –ü–æ–ª—É–Ω–∏–Ω. 

–¢–µ–∞—Ç—Ä –ø–æ–∂–∞–ª–æ–≤–∞–ª—Å—è –Ω–∞ –¥–∞–≤–ª–µ–Ω–∏–µ –æ–±—â–µ—Å—Ç–≤–µ–Ω–Ω–æ—Å—Ç–∏ –∏ –∑–∞—è–≤–∏–ª, —á—Ç–æ —Ä–µ—à–µ–Ω–∏–µ –Ω–∏–∫–∞–∫ –Ω–µ —Å–≤—è–∑–∞–Ω–æ —Å –æ—Ç–º–µ–Ω–æ–π —Ä—É—Å—Å–∫–æ–π –∫—É–ª—å—Ç—É—Ä—ã. –ü—Ä–æ—Å—Ç–æ –≤—ã—Å—Ç—É–ø–ª–µ–Ω–∏–µ —Ä–æ—Å—Å–∏—è–Ω –∏–¥–µ—Ç –≤—Ä–∞–∑—Ä–µ–∑ —Å —Ü–µ–Ω–Ω–æ—Å—Ç—è–º–∏ —Ç–µ–∞—Ç—Ä–∞. 

–ü–æ–ª—É–Ω–∏–Ω –º–Ω–æ–≥–∏–µ –≥–æ–¥—ã –æ—Ç–∫—Ä—ã—Ç–æ –ø–æ–¥–¥–µ—Ä–∂–∏–≤–∞–µ—Ç –í–ª–∞–¥–∏–º–∏—Ä–∞ –ü—É—Ç–∏–Ω–∞ –∏ –¥–∞–∂–µ –Ω–∞–±–∏–ª —Ç—Ä–∏ –µ–≥–æ –ø–æ—Ä—Ç—Ä–µ—Ç–∞ —É —Å–µ–±—è –Ω–∞ –≥—Ä—É–¥–∏. –¢–µ–ø–µ—Ä—å –∫—É–º–∏—Ä –ø–æ—Å—Ç–∞–≤–∏–ª –°–µ—Ä–≥–µ—è –≤ –Ω–µ–ø—Ä–æ—Å—Ç—É—é —Å–∏—Ç—É–∞—Ü–∏—é: –µ–º—É –∑–∞–ø—Ä–µ—â–∞—é—Ç –≤—ã—Å—Ç—É–ø–∞—Ç—å –∏ –≤ –†–æ—Å—Å–∏–∏ –∏ –∑–∞ —Ä—É–±–µ–∂–æ–º. 

–ó–∞–¥–æ–Ω–∞—Ç–∏—Ç—å —á–µ—Ä–µ–∑ –±–æ—Ç–∞ | Patreon | Boosty | –ü—Ä–µ–¥–ª–æ–∂–∏—Ç—å –Ω–æ–≤–æ—Å—Ç—å",2022-12-31 00:04:48+00:00,
"–ß—Ç–æ —Å–ª—É—á–∏–ª–æ—Å—å 30 –¥–µ–∫–∞–±—Ä—è, –≤ 310-–π –¥–µ–Ω—å –≤–æ–π–Ω—ã, —Å–∞–º–æ–µ –≤–∞–∂–Ω–æ–µ:

‚Äî –ü—É—Ç–∏–Ω —Ä–∞–∑—Ä–µ—à–∏–ª –Ω–µ –¥–µ–∫–ª–∞—Ä–∏—Ä–æ–≤–∞—Ç—å –¥–æ—Ö–æ–¥—ã —Å–∏–ª–æ–≤–∏–∫–æ–≤, —É—á–∞—Å—Ç–≤—É—é—â–∏—Ö –≤ –≤–æ–π–Ω–µ, –∏ –Ω–µ –ø—É–±–ª–∏–∫–æ–≤–∞—Ç—å –¥–µ–∫–ª–∞—Ä–∞—Ü–∏–∏ –¥—Ä—É–≥–∏—Ö —á–∏–Ω–æ–≤–Ω–∏–∫–æ–≤

‚Äî –ó–µ–ª–µ–Ω—Å–∫–∏–π —É—Å–∏–ª–∏–≤–∞–µ—Ç —Ä–µ–≥—É–ª–∏—Ä–æ–≤–∞–Ω–∏–µ –°–ú–ò

‚Äî –§–°–ë –æ—Ç—á–∏—Ç–∞–ª–∞—Å—å –æ –∑–∞–¥–µ—Ä–∂–∞–Ω–∏–∏ —É–∫—Ä–∞–∏–Ω—Ü–∞, –∫–æ—Ç–æ—Ä—ã–π –≥–æ—Ç–æ–≤–∏–ª —Ç–µ—Ä–∞–∫—Ç –Ω–∞ –°–µ–≤–µ—Ä–Ω–æ–º –ö–∞–≤–∫–∞–∑–µ –ø–æ ¬´–∑–∞–¥–∞–Ω–∏—é —É–∫—Ä–∞–∏–Ω—Å–∫–∏—Ö —Å–ø–µ—Ü—Å–ª—É–∂–±¬ª

‚Äî –ü–∞—Ä–ª–∞–º–µ–Ω—Ç—ã –î–ù–† –∏ –õ–ù–† –ø—Ä–∏–Ω—è–ª–∏ –Ω–æ–≤—ã–µ –∫–æ–Ω—Å—Ç–∏—Ç—É—Ü–∏–∏ —Ä–µ—Å–ø—É–±–ª–∏–∫

‚Äî –ê—Ä–∫–∞–¥–∏–π –í–æ–ª–æ–∂ —Å–æ–æ–±—â–∏–ª, —á—Ç–æ –ø–æ–∫–∏–¥–∞–µ—Ç ¬´–Ø–Ω–¥–µ–∫—Å¬ª

‚Äî –í –û–º—Å–∫–µ –∑–∞–¥–µ—Ä–∂–∞–Ω –ø–æ–¥–æ–∑—Ä–µ–≤–∞–µ–º—ã–π –≤ –ø–æ–¥–∂–æ–≥–∞—Ö z-–º–æ–±–∏–ª–µ–π ‚Äî Baza

‚Äî –†–æ—Å—Å–∏–π—Å–∫–∏–π –°–ö –æ–±–≤–∏–Ω–∏–ª –í–°–£ –≤ —É–±–∏–π—Å—Ç–≤–µ —Ç—Ä—ë—Ö —Ç—ã—Å—è—á –º–∏—Ä–Ω—ã—Ö –∂–∏—Ç–µ–ª–µ–π –ú–∞—Ä–∏—É–ø–æ–ª—è

‚Äî –õ–∏—è –ê—Ö–µ–¥–∂–∞–∫–æ–≤–∞ –ø–µ—Ä–µ–Ω–µ—Å–ª–∞ —Å–≤–æ–π —Å–ø–µ–∫—Ç–∞–∫–ª—å ¬´–ú–æ–π –¥—Ä—É–≥ –í–µ–Ω–∏–∞–º–∏–Ω¬ª –ø–æ—Å–ª–µ —É–≥—Ä–æ–∑ —á–∏–Ω–æ–≤–Ω–∏–∫–æ–≤

‚Äî –ü–æ–¥ –í–æ–ª–≥–æ–≥—Ä–∞–¥–æ–º –≤ –ø–æ–ª–µ –æ–±–Ω–∞—Ä—É–∂–∏–ª–∏ –æ–±–ª–æ–º–∫–∏ —Ä–∞–∫–µ—Ç

‚Äî –ù–∞ –°–∞—Ö–∞–ª–∏–Ω–µ —Å–±–µ–∂–∞–≤—à–µ–≥–æ –∏–∑ —á–∞—Å—Ç–∏ –≤–æ–µ–Ω–Ω–æ–≥–æ, –∫–æ—Ç–æ—Ä—ã–π –Ω–µ —Ö–æ—Ç–µ–ª –µ—Ö–∞—Ç—å –Ω–∞ –≤–æ–π–Ω—É, –ø—Ä–∏–≥–æ–≤–æ—Ä–∏–ª–∏ –∫ 3 –≥–æ–¥–∞–º –∫–æ–ª–æ–Ω–∏–∏-–ø–æ—Å–µ–ª–µ–Ω–∏—è

‚Äî –í –ú–∏–Ω–æ–±–æ—Ä–æ–Ω—ã –†–§ –ø—Ä–µ–¥–ª–æ–∂–∏–ª–∏ –ª–µ–≥–∞–ª–∏–∑–æ–≤–∞—Ç—å –ø–æ–ª–µ–≤—ã–µ —Ç—é—Ä—å–º—ã –¥–ª—è –≤–æ–µ–Ω–Ω—ã—Ö

‚Äî RT –≤—ã–ø—É—Å—Ç–∏–ª –æ–±—Ä–∞—â–µ–Ω–∏–µ –æ—Ç —Ñ–µ–π–∫–æ–≤–æ–≥–æ –í–ª–∞–¥–∏–º–∏—Ä–∞ –ó–µ–ª–µ–Ω—Å–∫–æ–≥–æ

‚Äî –í —Ç—Ä–µ—Ç—å–µ–º –∫–≤–∞—Ä—Ç–∞–ª–µ 2022 –≥–æ–¥–∞ —Ä–æ—Å—Å–∏—è–Ω–µ –≤—ã–≤–µ–ª–∏ –∑–∞ –≥—Ä–∞–Ω–∏—Ü—É —Ä–µ–∫–æ—Ä–¥–Ω—ã–µ –∑–∞ —á–µ—Ç—ã—Ä–µ –≥–æ–¥–∞ 1,47 —Ç—Ä–∏–ª–ª–∏–æ–Ω–∞ —Ä—É–±–ª–µ–π

‚Äî –ë—ã–≤—à–∏–π –≥–ª–∞–≤–Ω—ã–π —Ä–∞–≤–≤–∏–Ω –ú–æ—Å–∫–≤—ã –ü–∏–Ω—Ö–∞—Å –ì–æ–ª—å–¥—à–º–∏–¥—Ç –ø—Ä–∏–∑–≤–∞–ª —Ä–æ—Å—Å–∏–π—Å–∫–∏—Ö –µ–≤—Ä–µ–µ–≤ —É–µ–∑–∂–∞—Ç—å –∏–∑ —Å—Ç—Ä–∞–Ω—ã

–°–ø–µ—Ü–º–∞—Ç–µ—Ä–∏–∞–ª—ã SVTV:

–ü–µ—Ä–µ–≤–æ–¥: –ö–∞–∫ –°—ç–º –ë—ç–Ω–∫–º–∞–Ω-–§—Ä–∏–¥ –±–µ—Å–ø–ª–∞—Ç–Ω–æ –≤—ã—à–µ–ª –∏–∑ —Ç—é—Ä—å–º—ã ‚Äî —á–∏—Ç–∞–π—Ç–µ –≤ –ø–µ—Ä–µ–≤–æ–¥–µ —Å—Ç–∞—Ç—å–∏ –î–∂–µ–π–º—Å–∞ –ú—ë—Ä—Ñ–∏

–ü–µ—Ä–µ–≤–æ–¥: –ö–∞–∫ —Ç–≤–∏—Ç—Ç–µ—Ä –ø–æ–¥ —Ä—É–∫–æ–≤–æ–¥—Å—Ç–≤–æ–º –≥–æ—Å—É–¥–∞—Ä—Å—Ç–≤–∞ –∏ —Å–ø–µ—Ü—Å–ª—É–∂–± —É–¥–∞–ª—è–ª –ø—Ä–∞–≤–¥–∏–≤—É—é –∏–Ω—Ñ–æ—Ä–º–∞—Ü–∏—é –æ—Ç¬†–≤—Ä–∞—á–µ–π –∏¬†—ç–∫—Å–ø–µ—Ä—Ç–æ–≤ –≤¬†–æ–±–ª–∞—Å—Ç–∏ –æ–±—â–µ—Å—Ç–≤–µ–Ω–Ω–æ–≥–æ –∑–¥—Ä–∞–≤–æ–æ—Ö—Ä–∞–Ω–µ–Ω–∏—è, –∫–æ–≥–¥–∞ –æ–Ω–∞ –Ω–µ¬†—Å–æ–≤–ø–∞–¥–∞–ª–∞ —Å¬†–ø–æ–ª–∏—Ç–∏–∫–æ–π –ø—Ä–∞–≤–∏—Ç–µ–ª—å—Å—Ç–≤–∞ –°–®–ê ‚Äì –≤ –ø–µ—Ä–µ–≤–æ–¥–µ —Å—Ç–∞—Ç—å–∏ –î—ç–≤–∏–¥–∞ –¶–≤–µ–π–≥–∞.

üéâ–î–æ–ª–≥–æ–∂–¥–∞–Ω–Ω—ã–π –∫–æ–ª–ª–∞–± SVTV –∏ RedShield VPN! 
–û–ø–ª–∞—Ç–∏ –ø–æ–¥–ø–∏—Å–∫—É –Ω–∞ SVTV –∏ –ø–æ–ª—É—á–∏ –ø—Ä–æ–º–æ–∫–æ–¥ ‚Äî –¥–æ 2 –ª–µ—Ç –±–µ—Å–ø–ª–∞—Ç–Ω–æ–≥–æ VPN!

ü§ë –•–æ—Ç–∏—Ç–µ –ø–æ–ø—Ä–æ–±–æ–≤–∞—Ç—å —Å–µ–±—è –≤ —Ä–æ–ª–∏ –°–ú–ú—â–∏–∫–∞ SVTV? –ù–∞–ø–∏—à–∏—Ç–µ –ø–æ—Å—Ç ‚Äî –µ—Å–ª–∏ –æ–Ω –Ω–∞–º –ø–æ–Ω—Ä–∞–≤–∏—Ç—Å—è, –º—ã –æ–ø—É–±–ª–∏–∫—É–µ–º –µ–≥–æ –∏ –∑–∞–ø–ª–∞—Ç–∏–º –≤–∞–º –≤–æ–∑–Ω–∞–≥—Ä–∞–∂–¥–µ–Ω–∏–µ!",2022-12-30 21:32:20+00:00,
"–ß—ë—Ä–Ω—ã–π –¥–µ–Ω—å –∫–∞–ª–µ–Ω–¥–∞—Ä—è: 100 –ª–µ—Ç —Å–æ –¥–Ω—è —Å–æ–∑–¥–∞–Ω–∏—è –°–°–°–†

–°—Ç–æ –ª–µ—Ç –Ω–∞–∑–∞–¥ –Ω–∞ —Ç–µ—Ä—Ä–∏—Ç–æ—Ä–∏–∏ –†–æ—Å—Å–∏–∏ –±—ã–ª —É—Å—Ç–∞–Ω–æ–≤–ª–µ–Ω —Ä–µ–∂–∏–º –∫–æ–º–º—É–Ω–∏—Å—Ç–æ–≤. –û–Ω —Ä–∞—Å–∫–∏–Ω—É–ª—Å—è –Ω–∞ 1/6 —á–∞—Å—Ç–∏ —Å—É—à–∏ –∏ –ø–æ—Ä–∞–±–æ—Ç–∏–ª –ø–æ—á—Ç–∏ 300 –º–∏–ª–ª–∏–æ–Ω–æ–≤ —á–µ–ª–æ–≤–µ–∫.

–†–µ–¥–∞–∫—Ü–∏—è –°–í–¢–í –Ω–∞–ø–æ–º–∏–Ω–∞–µ—Ç, —á—Ç–æ –≤–µ–ª–∏—á–∞–π—à–µ–π –≥–µ–æ–ø–æ–ª–∏—Ç–∏—á–µ—Å–∫–æ–π –∫–∞—Ç–∞—Å—Ç—Ä–æ—Ñ–æ–π –•–• –≤–µ–∫–∞ —è–≤–ª—è–µ—Ç—Å—è –Ω–µ –∫—Ä–∞—Ö –°–°–°–†, –∞ –µ–≥–æ —Å–æ–∑–¥–∞–Ω–∏–µ.

–ó–∞–¥–æ–Ω–∞—Ç–∏—Ç—å —á–µ—Ä–µ–∑ –±–æ—Ç–∞ | Patreon | Boosty | –ü—Ä–µ–¥–ª–æ–∂–∏—Ç—å –Ω–æ–≤–æ—Å—Ç—å",2022-12-30 19:30:01+00:00,
"–í –ö—Ä–∞–º–∞—Ç–æ—Ä—Å–∫–µ —Å–Ω–µ—Å–ª–∏ –ø–∞–º—è—Ç–Ω–∏–∫ –ü—É—à–∫–∏–Ω—É

–ü–æ—Å—Ç–∞–º–µ–Ω—Ç ¬´–æ–∫–∫—É–ø–∞–Ω—Ç–∞¬ª –ü—É—à–∫–∏–Ω–∞, –≤–∏–Ω–æ–≤–Ω–æ–≥–æ –≤ –≤–æ–µ–Ω–Ω—ã—Ö –ø—Ä–µ—Å—Ç—É–ø–ª–µ–Ω–∏—è—Ö –Ω–∞ –£–∫—Ä–∞–∏–Ω–µ, –∑–∞–π–º–µ—Ç –º–µ—Å—Ç–Ω—ã–π –≥–µ—Ä–æ–π, –∫–æ—Ç–æ—Ä–æ–≥–æ –≤–ª–∞—Å—Ç–∏ –ø–æ–∫–∞ –Ω–µ –Ω–∞–∑–Ω–∞—á–∏–ª–∏. ¬´–≠—Ç–æ –Ω–µ –±–æ—Ä—å–±–∞ —Å –ø–∞–º—è—Ç–Ω–∏–∫–∞–º–∏, —ç—Ç–æ –±–æ—Ä—å–±–∞ –£–∫—Ä–∞–∏–Ω—ã –∑–∞ –∂–∏–∑–Ω—å¬ª ‚Äî –æ—Ç—á–∏—Ç–∞–ª—Å—è –≤ Facebook –≥–æ—Ä–æ–¥—Å–∫–æ–π –≥–ª–∞–≤–∞ –ê–ª–µ–∫—Å–∞–Ω–¥—Ä –ì–æ–Ω—á–∞—Ä–µ–Ω–∫–æ. 

–í–º–µ—Å—Ç–æ –¥–µ–Ω–∞—Ü–∏—Ñ–∏–∫–∞—Ü–∏–∏ –ü—É—Ç–∏–Ω —É—Å—Ç—Ä–æ–∏–ª –¥–µ—Ä—É—Å–∏—Ñ–∏–∫–∞—Ü–∏—é –£–∫—Ä–∞–∏–Ω—ã –∏ –¥–µ–≥—É–º–∞–Ω–∏–∑–∞—Ü–∏—é –†–æ—Å—Å–∏–∏. –ü–æ—Å—Ç—Ä–∞–¥–∞—é—Ç –Ω–µ —Ç–æ–ª—å–∫–æ –Ω–∞—Ä–æ–¥—ã –æ–±–µ–∏—Ö —Å—Ç—Ä–∞–Ω, –Ω–æ –∏ –ø–∞–º—è—Ç—å –æ–± –æ–±—â–µ–º –ø—Ä–æ—à–ª–æ–º. –ü–æ–∫–∞ —Å –æ–¥–Ω–æ–π —Å—Ç–æ—Ä–æ–Ω—ã –≥—Ä–∞–Ω–∏—Ü—ã –ª–æ–º–∞—é—Ç –ø–∞–º—è—Ç–Ω–∏–∫–∏ –ø–∏—Å–∞—Ç–µ–ª—è–º, —Å –¥—Ä—É–≥–æ–π ‚Äî –≤–æ–∑–≤–æ–¥—è—Ç –ø–∞–º—è—Ç–Ω–∏–∫–∏ –ø–∞–ª–∞—á–∞–º.

–ó–∞–¥–æ–Ω–∞—Ç–∏—Ç—å —á–µ—Ä–µ–∑ –±–æ—Ç–∞ | Patreon | Boosty | –ü—Ä–µ–¥–ª–æ–∂–∏—Ç—å –Ω–æ–≤–æ—Å—Ç—å",2022-12-30 19:12:47+00:00,
"–£–¥–∏–≤–∏—Ç–µ–ª—å–Ω—ã–π —É–º–µ–Ω—å—à–∞—é—â–∏–π—Å—è –∑–∞–ª–æ–≥ –°—ç–º–∞ –ë—ç–Ω–∫–º–∞–Ω–∞-–§—Ä–∏–¥–∞

–û—Å–Ω–æ–≤–∞—Ç–µ–ª—å FTX –∑–∞–∫–ª—é—á–∏–ª –µ—â—ë –æ–¥–Ω—É —É–¥–∏–≤–∏—Ç–µ–ª—å–Ω—É—é —Å–¥–µ–ª–∫—É. –í¬†–ø—Ä–æ—à–ª—ã–π —á–µ—Ç–≤–µ—Ä–≥ –°—ç–º –ë—ç–Ω–∫–º–∞–Ω-–§—Ä–∏–¥ –≤—ã—à–µ–ª –∏–∑¬†—Ñ–µ–¥–µ—Ä–∞–ª—å–Ω–æ–≥–æ —Å—É–¥–∞, –ø–æ¬†—Å—É—Ç–∏, —Å–≤–æ–±–æ–¥–Ω—ã–º —á–µ–ª–æ–≤–µ–∫–æ–º. –ù–æ–≤–æ—Å—Ç–Ω—ã–µ –∏–∑–¥–∞–Ω–∏—è –ø–æ¬†–≤—Å–µ–º—É –º–∏—Ä—É –ø–∏—Å–∞–ª–∏, —á—Ç–æ –ë—ç–Ω–∫–º–∞–Ω-–§—Ä–∏–¥ –≤—ã—à–µ–ª –∏–∑¬†—Ç—é—Ä—å–º—ã –ø–æ–¥ –æ–≥—Ä–æ–º–Ω—ã–π, –±–µ—Å–ø—Ä–µ—Ü–µ–¥–µ–Ω—Ç–Ω—ã–π –∑–∞–ª–æ–≥ ¬´–≤¬†250 –º–∏–ª–ª–∏–æ–Ω–æ–≤ –¥–æ–ª–ª–∞—Ä–æ–≤¬ª. –í¬†—Å—É–¥–µ –ø–æ–º–æ—â–Ω–∏–∫ —Ñ–µ–¥–µ—Ä–∞–ª—å–Ω–æ–≥–æ –ø—Ä–æ–∫—É—Ä–æ—Ä–∞ –°–®–ê –ù–∏–∫–æ–ª–∞—Å –†—É–Ω—Å –æ–ø–∏—Å–∞–ª –µ–≥–æ –∫–∞–∫ ¬´—Å–∞–º—ã–π –∫—Ä—É–ø–Ω—ã–π¬ª –¥–æ—Å—É–¥–µ–±–Ω—ã–π –∑–∞–ª–æ–≥ –≤¬†–∏—Å—Ç–æ—Ä–∏–∏.

–ù–æ, –∫–∞–∫ –æ–∫–∞–∑–∞–ª–æ—Å—å, —ç—Ç–æ—Ç ¬´–∑–∞–ª–æ–≥ –≤¬†250 –º–∏–ª–ª–∏–æ–Ω–æ–≤ –¥–æ–ª–ª–∞—Ä–æ–≤¬ª¬†‚Äî –Ω–∞–º–Ω–æ–≥–æ –º–µ–Ω—å—à–µ, —á–µ–º –∫–∞–∂–µ—Ç—Å—è. –ù–µ–ø—Ä–æ—Å—Ç–∏—Ç–µ–ª—å–Ω–æ –º–µ–Ω—å—à–µ.

–ö–∞–∫ –°—ç–º –ë—ç–Ω–∫–º–∞–Ω-–§—Ä–∏–¥ –±–µ—Å–ø–ª–∞—Ç–Ω–æ –≤—ã—à–µ–ª –∏–∑ —Ç—é—Ä—å–º—ã ‚Äî —á–∏—Ç–∞–π—Ç–µ –≤ –ø–µ—Ä–µ–≤–æ–¥–µ —Å—Ç–∞—Ç—å–∏ –î–∂–µ–π–º—Å–∞ –ú—ë—Ä—Ñ–∏

–ó–∞–¥–æ–Ω–∞—Ç–∏—Ç—å —á–µ—Ä–µ–∑ –±–æ—Ç–∞ | Patreon | Boosty | –ü—Ä–µ–¥–ª–æ–∂–∏—Ç—å –Ω–æ–≤–æ—Å—Ç—å",2022-12-30 19:05:46+00:00,
"–ë—ã–≤—à–∏–π –≥–ª–∞–≤–Ω—ã–π —Ä–∞–≤–≤–∏–Ω –ú–æ—Å–∫–≤—ã –ü–∏–Ω—Ö–∞—Å –ì–æ–ª—å–¥—à–º–∏–¥—Ç –ø—Ä–∏–∑–≤–∞–ª —Ä–æ—Å—Å–∏–π—Å–∫–∏—Ö –µ–≤—Ä–µ–µ–≤ —É–µ–∑–∂–∞—Ç—å –∏–∑ —Å—Ç—Ä–∞–Ω—ã.

–ü–æ –µ–≥–æ —Å–ª–æ–≤–∞–º, –ø–æ—Å–ª–µ —Ç–æ–≥–æ, –∫–∞–∫ —Ä—É—Å—Å–∫–∏–µ –ø–æ—á—É–≤—Å—Ç–≤—É—é—Ç ¬´—Ç—è–≥–æ—Ç—ã –≤–æ–π–Ω—ã¬ª, –ø—Ä–æ–∏–∑–æ–π–¥–µ—Ç –≤—Å–ø–ª–µ—Å–∫ –∞–Ω—Ç–∏—Å–µ–º–∏—Ç–∏–∑–º–∞.

–ó–∞–¥–æ–Ω–∞—Ç–∏—Ç—å —á–µ—Ä–µ–∑ –±–æ—Ç–∞ | Patreon | Boosty | –ü—Ä–µ–¥–ª–æ–∂–∏—Ç—å –Ω–æ–≤–æ—Å—Ç—å",2022-12-30 17:57:08+00:00,
"–í —Ç—Ä–µ—Ç—å–µ–º –∫–≤–∞—Ä—Ç–∞–ª–µ 2022 –≥–æ–¥–∞ —Ä–æ—Å—Å–∏—è–Ω–µ –≤—ã–≤–µ–ª–∏ –∑–∞ –≥—Ä–∞–Ω–∏—Ü—É —Ä–µ–∫–æ—Ä–¥–Ω—ã–µ –∑–∞ —á–µ—Ç—ã—Ä–µ –≥–æ–¥–∞ 1,47 —Ç—Ä–∏–ª–ª–∏–æ–Ω–∞ —Ä—É–±–ª–µ–π

–í—ã–≤–æ–¥ —Å–¥–µ–ª–∞–Ω –Ω–∞ –æ—Å–Ω–æ–≤–∞–Ω–∏–∏ –æ—Ç—á—ë—Ç–∞ –ë–∞–Ω–∫–∞ –†–æ—Å—Å–∏–∏ –ø–æ –æ–ø–µ—Ä–∞—Ü–∏—è–º —Å–µ–∫—Ç–æ—Ä–∞ ¬´–î–æ–º–∞—à–Ω–∏–µ —Ö–æ–∑—è–π—Å—Ç–≤–∞¬ª. –û—Ç–º–µ—á–∞–µ—Ç—Å—è, —á—Ç–æ –∑–∞ –≥–æ–¥ –ø–æ–∫–∞–∑–∞—Ç–µ–ª—å –≤—ã—Ä–æ—Å –±–æ–ª–µ–µ, —á–µ–º –Ω–∞ 2400%.

–ì–ª–∞–≤–∞ —Ä–µ–≥—É–ª—è—Ç–æ—Ä–∞ –≠–ª—å–≤–∏—Ä–∞ –ù–∞–±–∏—É–ª–ª–∏–Ω–∞ –∑–∞—è–≤–∏–ª–∞, —á—Ç–æ –Ω–µ –≤–∏–¥–∏—Ç –Ω–µ–æ–±—Ö–æ–¥–∏–º–æ—Å—Ç–∏ –ø—Ä–∏–Ω–∏–º–∞—Ç—å –∫–∞–∫–∏–µ-–ª–∏–±–æ –º–µ—Ä—ã –≤ —Å–≤—è–∑–∏ —Å –æ—Ç—Ç–æ–∫–æ–º —Å—Ä–µ–¥—Å—Ç–≤ –∑–∞ –≥—Ä–∞–Ω–∏—Ü—É. –û–Ω–∞ –æ—Ç–º–µ—Ç–∏–ª–∞, —á—Ç–æ –¥–ª—è –≤–æ–∑–≤—Ä–∞—Ç–∞ —Ñ–∏–Ω–∞–Ω—Å–æ–≤ –Ω—É–∂–Ω—ã ¬´—É–≤–µ—Ä–µ–Ω–Ω–æ—Å—Ç—å –≤ –º–∞–∫—Ä–æ—ç–∫–æ–Ω–æ–º–∏—á–µ—Å–∫–æ–π —Å—Ç–∞–±–∏–ª—å–Ω–æ—Å—Ç–∏, –≤ —Ü–µ–Ω–æ–≤–æ–π —Å—Ç–∞–±–∏–ª—å–Ω–æ—Å—Ç–∏¬ª. –í –ø—Ä–∞–≤–∏—Ç–µ–ª—å—Å—Ç–≤–µ —É–∂–µ —Ä–∞–±–æ—Ç–∞—é—Ç –Ω–∞–¥ —ç—Ç–∏–º.

–ó–∞–¥–æ–Ω–∞—Ç–∏—Ç—å —á–µ—Ä–µ–∑ –±–æ—Ç–∞ | Patreon | Boosty | –ü—Ä–µ–¥–ª–æ–∂–∏—Ç—å –Ω–æ–≤–æ—Å—Ç—å",2022-12-30 17:09:07+00:00,
"RT –≤—ã–ø—É—Å—Ç–∏–ª –æ–±—Ä–∞—â–µ–Ω–∏–µ –æ—Ç —Ñ–µ–π–∫–æ–≤–æ–≥–æ –í–ª–∞–¥–∏–º–∏—Ä–∞ –ó–µ–ª–µ–Ω—Å–∫–æ–≥–æ

–ü–æ—Å–ª–µ –Ω–µ—É–¥–∞—á–Ω–æ–≥–æ –¥–µ–±—é—Ç–∞ –Ω–∞ –∫–∞–Ω–∞–ª–µ –†–∞–º–∑–∞–Ω–∞ –ö–∞–¥—ã—Ä–æ–≤–∞, –ø–∞—Ä–æ–¥–∏—Å—Ç ¬´–®–æ—É –í–∏–õ¬ª –ú–∞–∫—Å –ö–∞–º–∏–∫–∞–¥–∑–µ –Ω–∞—à—ë–ª —Ä–∞–±–æ—Ç—É —É –≥–ª–∞–≤–Ω–æ–≥–æ —Ä–∞–±–æ—Ç–∞–¥–∞—Ç–µ–ª—è –≤—Å–µ—Ö –æ–±–∏–∂–µ–Ω–Ω—ã—Ö –∏ –æ–±–µ–∑–¥–æ–ª–µ–Ω–Ω—ã—Ö ‚Äî Russia Today.

–ù–∞ –∫–∞–Ω–∞–ª–µ –°–∏–º–æ–Ω—å—è–Ω –æ–Ω —Å–Ω–æ–≤–∞ –ø—Ä–µ–¥—Å—Ç–∞–ª –≤ –æ–±—Ä–∞–∑–µ —É–∫—Ä–∞–∏–Ω—Å–∫–æ–≥–æ –ø—Ä–µ–∑–∏–¥–µ–Ω—Ç–∞ –∏ —Ç—Ä–∞–¥–∏—Ü–∏–æ–Ω–Ω–æ –Ω–∞–≥–æ–≤–æ—Ä–∏–ª –∫—Ä–∏–Ω–∂–∞:

¬´–ì–æ–¥ –¢–∏–≥—Ä–∞ –ø–æ–¥—Ö–æ–¥–∏—Ç –∫ –∫–æ–Ω—Ü—É, –∏—Å—Ç–æ—Ä–∏—è –£–∫—Ä–∞–∏–Ω—ã –∫–∞–∫ –æ—Ç–¥–µ–ª—å–Ω–æ–≥–æ –≥–æ—Å—É–¥–∞—Ä—Å—Ç–≤–∞ ‚Äî —Ç–æ–∂–µ¬ª.

–ö–æ–≥–¥–∞ –Ω–∞—Å—Ç–æ—è—â–∏–π –ø—Ä–µ–∑–∏–¥–µ–Ω—Ç –ø–æ–∫–∞–∑—ã–≤–∞–µ—Ç –ø—Ä–∏–º–µ—Ä –º—É–∂–µ—Å—Ç–≤–∞, –∏–∑–¥–µ–≤–∞—Ç—å—Å—è –æ—Å—Ç–∞—ë—Ç—Å—è –ª–∏—à—å –Ω–∞–¥ —Å–æ–ª–æ–º–µ–Ω–Ω—ã–º —á—É—á–µ–ª–æ–º.

–ó–∞–¥–æ–Ω–∞—Ç–∏—Ç—å —á–µ—Ä–µ–∑ –±–æ—Ç–∞ | Patreon | Boosty | –ü—Ä–µ–¥–ª–æ–∂–∏—Ç—å –Ω–æ–≤–æ—Å—Ç—å",2022-12-30 16:37:09+00:00,
"–í –£–ì–ú–£ –∑–∞—è–≤–∏–ª–∏, —á—Ç–æ –≤ —Ä–æ—Å—Å–∏–π—Å–∫–∏—Ö —à–∫–æ–ª–∞—Ö –±—É–¥—É—Ç –ø—Ä–µ–ø–æ–¥–∞–≤–∞—Ç—å —Ç—é—Ä–∫—Å–∫–∏–µ –∏ –∞—Ñ—Ä–∏–∫–∞–Ω—Å–∫–∏–µ —è–∑—ã–∫–∏ –≤–º–µ—Å—Ç–æ –µ–≤—Ä–æ–ø–µ–π—Å–∫–∏—Ö

–†–µ—à–µ–Ω–∏–µ —è–∫–æ–±—ã —Å–≤—è–∑–∞–Ω–æ —Å ¬´–æ—Ç–∫—Ä–æ–≤–µ–Ω–Ω–æ –Ω–µ–¥—Ä—É–∂–µ—Å—Ç–≤–µ–Ω–Ω–æ–π –µ–≤—Ä–æ–ø–µ–π—Å–∫–æ–π –∏ –∞–º–µ—Ä–∏–∫–∞–Ω—Å–∫–æ–π –ø–æ–ª–∏—Ç–∏–∫–æ–π¬ª. –£—á–µ–Ω–∏–∫–∏, –∫–∞–∫ –∑–∞—è–≤–ª—è—é—Ç –∞–≤—Ç–æ—Ä—ã, –¥–æ–ª–∂–Ω—ã –±—É–¥—É—Ç –≤—ã–±—Ä–∞—Ç—å –º–µ–∂–¥—É –¥–≤—É–º—è —Ç—é—Ä–∫—Å–∫–∏–º–∏ –∏ —Ç—Ä–µ–º—è –∞—Ñ—Ä–∏–∫–∞–Ω—Å–∫–∏–º–∏ —è–∑—ã–∫–∞–º–∏.

–¢–∞–º —Ç–∞–∫–∂–µ —É–∫–∞–∑—ã–≤–∞–µ—Ç—Å—è, —á—Ç–æ ¬´—É—Ä–æ–∫–∏ –±—É–¥—É—Ç –ø—Ä–æ—Ö–æ–¥–∏—Ç—å –ø–æ –≤–∏–¥–µ–æ—Å–≤—è–∑–∏, –∞ –∫–æ–Ω—Ç—Ä–æ–ª—å–Ω—ã–µ –∑–∞–¥–∞–Ω–∏—è —É—á–∞—â–∏–µ—Å—è –±—É–¥—É—Ç –≤—ã–ø–æ–ª–Ω—è—Ç—å –≤ —Ç–µ—Å—Ç–æ–≤–æ–º —Ä–µ–∂–∏–º–µ –Ω–∞ —Å–ø–µ—Ü–∏–∞–ª—å–Ω–æ —Ä–∞–∑—Ä–∞–±–æ—Ç–∞–Ω–Ω—ã—Ö –∏–Ω—Ç–µ—Ä–Ω–µ—Ç-—Ä–µ—Å—É—Ä—Å–∞—Ö¬ª. –í –∫–æ–º–º–µ–Ω—Ç–∞—Ä–∏–∏ –¥–ª—è –°–ú–ò –ø—Ä–µ–¥—Å—Ç–∞–≤–∏—Ç–µ–ª–∏ –£–Ω–∏–≤–µ—Ä—Å–∏—Ç–µ—Ç–∞ –≥–æ—Å—É–¥–∞—Ä—Å—Ç–≤–µ–Ω–Ω–æ–≥–æ –∏ –º—É–Ω–∏—Ü–∏–ø–∞–ª—å–Ω–æ–≥–æ —É–ø—Ä–∞–≤–ª–µ–Ω–∏—è –∑–∞—è–≤–∏–ª–∏, —á—Ç–æ –Ω–µ –∑–Ω–∞—é—Ç, –∫—Ç–æ –æ–ø—É–±–ª–∏–∫–æ–≤–∞–ª –∑–∞–ø–∏—Å—å. –° —Å–∞–π—Ç–∞ –µ—ë —É–¥–∞–ª–∏–ª–∏.

–í—Å–µ —Å–º–µ—è–ª–∏—Å—å, –∫–æ–≥–¥–∞ –í–ª–∞–¥–∏–º–∏—Ä –í–ª–∞–¥–∏–º–∏—Ä–æ–≤–∏—á –≥–æ–≤–æ—Ä–∏–ª –ø—Ä–æ –ø–æ–ª–æ–≤—Ü–µ–≤, —Ç–µ—Ä–∑–∞–≤—à–∏—Ö –†—É—Å—å. –ê —Ç–µ–ø–µ—Ä—å –Ω–µ —Å–º–µ—à–Ω–æ.

–ó–∞–¥–æ–Ω–∞—Ç–∏—Ç—å —á–µ—Ä–µ–∑ –±–æ—Ç–∞ | Patreon | Boosty | –ü—Ä–µ–¥–ª–æ–∂–∏—Ç—å –Ω–æ–≤–æ—Å—Ç—å",2022-12-30 16:21:06+00:00,
"–ò–≤–∞–Ω –°–∞—Ñ—Ä–æ–Ω–æ–≤, –æ—Å—É–∂–¥—ë–Ω–Ω—ã–π –Ω–∞ 22 –≥–æ–¥–∞ –∑–∞ –∂—É—Ä–Ω–∞–ª–∏—Å—Ç–∏–∫—É, –ø–æ–∑–¥—Ä–∞–≤–∏–ª –∫–æ–ª–ª–µ–≥ —Å –ø—Ä–∞–∑–¥–Ω–∏–∫–æ–º

¬´–ú–æ—è –¥–æ—Ä–æ–≥–∞—è —Ä–µ–¥–∞–∫—Ü–∏—è ¬´–™¬ª =)

–°–æ–≤—Å–µ–º —Å–∫–æ—Ä–æ –Ω–∞—Å—Ç—É–ø–∏—Ç –ù–æ–≤—ã–π –≥–æ–¥ ‚Äî —Ö–æ—á–µ—Ç—Å—è –ø–æ–∂–µ–ª–∞—Ç—å –≤–∞–º —É–¥–∞—á–∏, –∫—Ä—É—Ç—ã—Ö –∑–∞–º–µ—Ç–æ–∫ –∏ –∏–Ω—Ç–µ—Ä–µ—Å–Ω—ã—Ö —Å—é–∂–µ—Ç–æ–≤. –Ø –Ω–µ –∑–Ω–∞—é –∫–∞–∫ –≤–∞—Å –æ—Ç–±–ª–∞–≥–æ–¥–∞—Ä–∏—Ç—å –∑–∞ —Ç—É –ø–æ–¥–¥–µ—Ä–∂–∫—É, –∫–æ—Ç–æ—Ä—É—é –≤—ã –º–Ω–µ –æ–∫–∞–∑—ã–≤–∞–ª–∏ —ç—Ç–∏ –≥–æ–¥—ã. –ü–æ–∫–∞ –ø—Ä–æ—Å—Ç–æ –Ω–∞–ø–∏—à—É ¬´–°–ø–∞—Å–∏–±–æ¬ª, –Ω–æ –∑–Ω–∞–π—Ç–µ, —á—Ç–æ –≤ —ç—Ç–æ —Å–ª–æ–≤–æ —è –≤–∫–ª–∞–¥—ã–≤–∞—é –≤—Å–µ, —á—Ç–æ —É –º–µ–Ω—è –µ—Å—Ç—å. –í—ã –æ–≥—Ä–æ–º–Ω—ã–µ –º–æ–ª–æ–¥—Ü—ã. –Ø –≥–æ—Ä–∂—É—Å—å —Ç–µ–º, —á—Ç–æ –º–æ–≥—É –Ω–∞–∑—ã–≤–∞—Ç—å –≤–∞—Å –Ω–µ —Ç–æ–ª—å–∫–æ –∫–æ–ª–ª–µ–≥–∞–º–∏, –Ω–æ –∏ –¥—Ä—É–∑—å—è–º–∏. 

–ü—É—Å—Ç—å –≤—Å–µ –ø–ª–æ—Ö–æ–µ —É–π–¥–µ—Ç –≤ 2022-–º, –∞ –≤—Å–µ —Ö–æ—Ä–æ—à–µ–µ –Ω–∞—Å—Ç—É–ø–∏—Ç –≤ 2023-–º! –° –Ω–∞—Å—Ç—É–ø–∞—é—â–∏–º! =)

–í–∞—à –í–∞–Ω—è –°–∞—Ñ—Ä–æ–Ω–æ–≤¬ª

5 —Å–µ–Ω—Ç—è–±—Ä—è –ú–æ—Å–≥–æ—Ä—Å—É–¥ –ø—Ä–∏–≥–æ–≤–æ—Ä–∏–ª –±—ã–≤—à–µ–≥–æ –∂—É—Ä–Ω–∞–ª–∏—Å—Ç–∞ –∫ 22 –≥–æ–¥–∞–º –∫–æ–ª–æ–Ω–∏–∏ —Å—Ç—Ä–æ–≥–æ–≥–æ —Ä–µ–∂–∏–º–∞ –ø–æ –¥–≤—É–º —ç–ø–∏–∑–æ–¥–∞–º –æ –≥–æ—Å–∏–∑–º–µ–Ω–µ (—Å—Ç. 275 –£–ö –†–§). 

–ü–æ –≤–µ—Ä—Å–∏–∏ —Å–ª–µ–¥—Å—Ç–≤–∏—è, –°–∞—Ñ—Ä–æ–Ω–æ–≤ –ø–µ—Ä–µ–¥–∞–≤–∞–ª –¥–≤—É–º –∏–Ω–æ—Å—Ç—Ä–∞–Ω–Ω—ã–º —Ä–∞–∑–≤–µ–¥–∫–∞–º —Å–µ–∫—Ä–µ—Ç–Ω—É—é –∏–Ω—Ñ–æ—Ä–º–∞—Ü–∏—é –æ —Å–æ—Å—Ç–æ—è–Ω–∏–∏ –í–° –†–§. –†–∞—Å—Å–ª–µ–¥–æ–≤–∞–Ω–∏–µ ¬´–ü—Ä–æ–µ–∫—Ç–∞¬ª –ø–æ–∑–∂–µ –ø–æ–∫–∞–∑–∞–ª–æ, —á—Ç–æ –±–æ–ª—å—à—É—é —á–∞—Å—Ç—å –º–∞—Ç–µ—Ä–∏–∞–ª–æ–≤, –∫–æ—Ç–æ—Ä—ã–µ –°–∞—Ñ—Ä–æ–Ω–æ–≤ —è–∫–æ–±—ã –¥–æ–±—ã–ª –Ω–µ–∑–∞–∫–æ–Ω–Ω–æ, –º–æ–∂–Ω–æ –Ω–∞–π—Ç–∏ –≤ –∏–Ω—Ç–µ—Ä–Ω–µ—Ç–µ.

–ó–∞–¥–æ–Ω–∞—Ç–∏—Ç—å —á–µ—Ä–µ–∑ –±–æ—Ç–∞ | Patreon | Boosty | –ü—Ä–µ–¥–ª–æ–∂–∏—Ç—å –Ω–æ–≤–æ—Å—Ç—å",2022-12-30 15:54:05+00:00,
"–í –ú–∏–Ω–æ–±–æ—Ä–æ–Ω—ã –†–§ –ø—Ä–µ–¥–ª–æ–∂–∏–ª–∏ –ª–µ–≥–∞–ª–∏–∑–æ–≤–∞—Ç—å –ø–æ–ª–µ–≤—ã–µ —Ç—é—Ä—å–º—ã –¥–ª—è –≤–æ–µ–Ω–Ω—ã—Ö

–°–æ–æ—Ç–≤–µ—Ç—Å—Ç–≤—É—é—â–µ–µ —Ä–µ—à–µ–Ω–∏–µ —Å–º–æ–≥—É—Ç –ø—Ä–∏–Ω—è—Ç—å –∫–æ–º–∞–Ω–¥—É—é—â–∏–µ –≤–æ–π—Å–∫. –ü–æ –æ–¥–Ω–æ–º—É –∏–∑ –ø—É–Ω–∫—Ç–æ–≤, —É—Å–ª–æ–≤–∏—è –≤ —Ç–∞–∫–∏—Ö —Ç—é—Ä—å–º–∞—Ö –¥–æ–ª–∂–Ω—ã –±—ã—Ç—å ¬´–Ω–µ —Ö—É–∂–µ¬ª, —á–µ–º —Ç–µ, –≤ –∫–æ—Ç–æ—Ä—ã—Ö —Å–æ–¥–µ—Ä–∂–∞—Ç—Å—è —Ä–µ–≥—É–ª—è—Ä–Ω—ã–µ –≤–æ–π—Å–∫–∞.

–û–≥–æ–≤–∞—Ä–∏–≤–∞–µ—Ç—Å—è, —á—Ç–æ –æ–±–æ—Ä—É–¥–æ–≤–∞—Ç—å –≥–∞—É–ø–≤–∞—Ö—Ç—ã –≤ ¬´–ø–æ–¥–∑–µ–º–µ–ª—å—è—Ö, –ø–æ–¥–≤–∞–ª—å–Ω—ã—Ö –ø–æ–º–µ—â–µ–Ω–∏—è—Ö –±–µ–∑ –æ–∫–æ–Ω –∏ –≤–µ–Ω—Ç–∏–ª—è—Ü–∏–∏, —ë–º–∫–æ—Å—Ç—è—Ö, —è–º–∞—Ö¬ª –∏ –ø–æ–¥–æ–±–Ω—ã—Ö –ø–æ–º–µ—â–µ–Ω–∏—è—Ö –≤—Å—ë –∂–µ —Ä–∞–∑—Ä–µ—à–∞—Ç: –¥–ª—è —ç—Ç–æ–≥–æ –Ω–µ–æ–±—Ö–æ–¥–∏–º–æ –æ–ø—Ä–µ–¥–µ–ª–∏—Ç—å, —á—Ç–æ —Ç–∞–∫–∏–µ —É—Å–ª–æ–≤–∏—è –Ω—É–∂–Ω—ã –¥–ª—è ¬´—Å–æ—Ö—Ä–∞–Ω–µ–Ω–∏—è –∂–∏–∑–Ω–∏ –≤–æ–µ–Ω–Ω–æ—Å–ª—É–∂–∞—â–∏—Ö –ø—Ä–∏ –≤–µ–¥–µ–Ω–∏–∏ –±–æ–µ–≤—ã—Ö –¥–µ–π—Å—Ç–≤–∏–π¬ª. –§–æ—Ä–º–∏—Ä–æ–≤–∞—Ç—å —Ç—é—Ä—å–º—ã –±—É–¥—É—Ç —Å –∏—Å–ø–æ–ª—å–∑–æ–≤–∞–Ω–∏–µ–º –ø–∞–ª–∞—Ç–æ–∫, –∑–µ–º–ª—è–Ω–æ–∫, –Ω–∞–≤–µ—Å–æ–≤, –∫—É–∑–æ–≤–æ–≤, –∞ —Ç–∞–∫–∂–µ ¬´–æ–±—ä–µ–∫—Ç–æ–≤ –∏–Ω—Ñ—Ä–∞—Å—Ç—Ä—É–∫—Ç—É—Ä—ã¬ª.

–î–ù–†–æ–≤—Å–∫–∞—è –ø—Ä–∞–∫—Ç–∏–∫–∞ —Å–∞–∂–∞–Ω–∏—è –Ω–∞ –ø–æ–¥–≤–∞–ª –±—ã–ª–∞ —É—Å–ø–µ—à–Ω–æ –æ–±–∫–∞—Ç–∞–Ω–∞ –∏ –ø—Ä–∏–∑–Ω–∞–Ω–∞ —ç—Ñ—Ñ–µ–∫—Ç–∏–≤–Ω–æ–π, —Ç–∞–∫ —á—Ç–æ –ø–µ—Ä–µ—Ö–æ–¥–∏—Ç –Ω–∞ –Ω–æ–≤—ã–π —É—Ä–æ–≤–µ–Ω—å.

–ó–∞–¥–æ–Ω–∞—Ç–∏—Ç—å —á–µ—Ä–µ–∑ –±–æ—Ç–∞ | Patreon | Boosty | –ü—Ä–µ–¥–ª–æ–∂–∏—Ç—å –Ω–æ–≤–æ—Å—Ç—å",2022-12-30 15:21:08+00:00,
"–ù–∞ –°–∞—Ö–∞–ª–∏–Ω–µ —Å–±–µ–∂–∞–≤—à–µ–≥–æ –∏–∑ —á–∞—Å—Ç–∏ –≤–æ–µ–Ω–Ω–æ–≥–æ, –∫–æ—Ç–æ—Ä—ã–π –Ω–µ —Ö–æ—Ç–µ–ª –µ—Ö–∞—Ç—å –Ω–∞ –≤–æ–π–Ω—É, –ø—Ä–∏–≥–æ–≤–æ—Ä–∏–ª–∏ –∫ 3 –≥–æ–¥–∞–º –∫–æ–ª–æ–Ω–∏–∏-–ø–æ—Å–µ–ª–µ–Ω–∏—è

–ü–æ –≤–µ—Ä—Å–∏–∏ —Å–ª–µ–¥—Å—Ç–≤–∏—è, –≤–æ–µ–Ω–Ω—ã–π –Ω–∞—Ö–æ–¥–∏–ª—Å—è –≤ —Ä–∞–∑–Ω—ã—Ö –Ω–∞—Å–µ–ª—ë–Ω–Ω—ã—Ö –ø—É–Ω–∫—Ç–∞—Ö, –≥–¥–µ ¬´–ø—Ä–∞–∑–¥–Ω–æ –ø—Ä–æ–≤–æ–¥–∏–ª –≤—Ä–µ–º—è –ø–æ —Å–≤–æ–µ–º—É —É—Å–º–æ—Ç—Ä–µ–Ω–∏—é¬ª. –ú—É–∂—á–∏–Ω—É –æ–±–Ω–∞—Ä—É–∂–∏–ª–∏ –≤ –±–æ–ª—å–Ω–∏—Ü–µ: –≤ –ø–æ—Å–ª–µ–¥–Ω–∏–π –¥–µ–Ω—å –ª–µ—Ç–∞ –µ–≥–æ –≥–æ—Å–ø–∏—Ç–∞–ª–∏–∑–∏—Ä–æ–≤–∞–ª–∏ –∏–∑-–∑–∞ ¬´–æ—Å—Ç—Ä–æ–π –∞–ª–∫–æ–≥–æ–ª—å–Ω–æ–π –∏–Ω—Ç–æ–∫—Å–∏–∫–∞—Ü–∏–∏¬ª.

–°–∞–Ω–Ω–∏–∫–æ–≤–∞ –æ–±–≤–∏–Ω–∏–ª–∏ –ø–æ —Å—Ç–∞—Ç—å–µ ¬´–°–∞–º–æ–≤–æ–ª—å–Ω–æ–µ –æ—Å—Ç–∞–≤–ª–µ–Ω–∏–µ —á–∞—Å—Ç–∏ –∏–ª–∏ –º–µ—Å—Ç–∞ —Å–ª—É–∂–±—ã, –∞ —Ä–∞–≤–Ω–æ –Ω–µ—è–≤–∫–∞ –≤ —Å—Ä–æ–∫ –±–µ–∑ —É–≤–∞–∂–∏—Ç–µ–ª—å–Ω—ã—Ö –ø—Ä–∏—á–∏–Ω –Ω–∞ —Å–ª—É–∂–±—É –ø—Ä–æ–¥–æ–ª–∂–∏—Ç–µ–ª—å–Ω–æ—Å—Ç—å—é —Å–≤—ã—à–µ –º–µ—Å—è—Ü–∞¬ª (—á–∞—Å—Ç—å 4 —Å—Ç–∞—Ç—å–∏ 337 –£–ö –†–§) –∏ –ø—Ä–∏–≥–æ–≤–æ—Ä–∏–ª–∏ –∫ 3 –≥–æ–¥–∞–º –ª–∏—à–µ–Ω–∏—è —Å–≤–æ–±–æ–¥—ã.

–ù–µ—Å–∫–æ–ª—å–∫–æ –¥–Ω–µ–π –Ω–∞–∑–∞–¥ –Ω–∞ –ö–∞–º—á–∞—Ç–∫–µ –ø—Ä–∏–≥–æ–≤–æ—Ä–∏–ª–∏ –∫ –≥–æ–¥—É –∏ –≤–æ—Å—å–º–∏ –º–µ—Å—è—Ü–µ–≤ —Ç—é—Ä—å–º—ã –≤–æ–µ–Ω–Ω–æ—Å–ª—É–∂–∞—â–µ–≥–æ, –∫–æ—Ç–æ—Ä—ã–π –æ—Ç–∫–∞–∑–∞–ª—Å—è –æ—Ç–ø—Ä–∞–≤–ª—è—Ç—å—Å—è –≤ –£–∫—Ä–∞–∏–Ω—É.

–ó–∞–¥–æ–Ω–∞—Ç–∏—Ç—å —á–µ—Ä–µ–∑ –±–æ—Ç–∞ | Patreon | Boosty | –ü—Ä–µ–¥–ª–æ–∂–∏—Ç—å –Ω–æ–≤–æ—Å—Ç—å",2022-12-30 14:48:07+00:00,
"–ü–æ–¥ –í–æ–ª–≥–æ–≥—Ä–∞–¥–æ–º –≤ –ø–æ–ª–µ –æ–±–Ω–∞—Ä—É–∂–∏–ª–∏ –æ–±–ª–æ–º–∫–∏ —Ä–∞–∫–µ—Ç

–ó–∞–º–µ—Ç–∏–ª–∏ –∏—Ö —É –ø–æ—Å—ë–ª–∫–∞ –ò–ª—å–º–µ–Ω—Å–∫–∏–π. –í—Å–∫–æ—Ä–µ –∏–Ω—Ñ–æ—Ä–º–∞—Ü–∏—é –ø–æ–¥—Ç–≤–µ—Ä–¥–∏–ª –≥–ª–∞–≤–∞ –ø–æ—Å–µ–ª–µ–Ω–∏—è –í–ª–∞–¥–∏–º–∏—Ä –ü–ª—é—â–µ–Ω–∫–æ. –ü–æ –µ–≥–æ —Å–ª–æ–≤–∞–º, –∂–µ—Ä—Ç–≤ –∏ —Ä–∞–∑—Ä—É—à–µ–Ω–∏—è –≤ –Ω–∞—Å–µ–ª—ë–Ω–Ω–æ–º –ø—É–Ω–∫—Ç–µ –Ω–µ—Ç, –∞ –º–µ—Å—Ç–æ –æ–±–Ω–∞—Ä—É–∂–µ–Ω–∏—è –æ–±–ª–æ–º–∫–æ–≤ –æ–≥–æ—Ä–æ–¥–∏–ª–∏. –ö–æ–≥–¥–∞ –∏–º–µ–Ω–Ω–æ –æ–Ω–∏ —É–ø–∞–ª–∏ –Ω–∞ –ø–æ–ª–µ, –ø–æ–∫–∞ –Ω–µ—è—Å–Ω–æ.

–í —Å–µ—Ä–µ–¥–∏–Ω–µ –¥–µ–∫–∞–±—Ä—è –æ–±–ª–æ–º–∫–∏ —Ä–∞–∫–µ—Ç –Ω–∞—à–ª–∏ –≤ –ï–ª–∞–Ω—Å–∫–æ–º —Ä–∞–π–æ–Ω–µ –í–æ–ª–≥–æ–≥—Ä–∞–¥—Å–∫–æ–π –æ–±–ª–∞—Å—Ç–∏.

–¢–∞–∫ –∏ –Ω–µ –≤–∑—è–≤ –≥–æ—Ä–æ–¥-–≥–µ—Ä–æ–π –ö–∏–µ–≤, –í–ª–∞–¥–∏–º–∏—Ä –ü—É—Ç–∏–Ω –ø—Ä–∏–≤—ë–ª –≤–æ–π–Ω—É –∫ –≥–æ—Ä–æ–¥—É-–≥–µ—Ä–æ—é –í–æ–ª–≥–æ–≥—Ä–∞–¥—É.

–ó–∞–¥–æ–Ω–∞—Ç–∏—Ç—å —á–µ—Ä–µ–∑ –±–æ—Ç–∞ | Patreon | Boosty | –ü—Ä–µ–¥–ª–æ–∂–∏—Ç—å –Ω–æ–≤–æ—Å—Ç—å",2022-12-30 14:25:08+00:00,
"–õ–∏—è –ê—Ö–µ–¥–∂–∞–∫–æ–≤–∞ –ø–µ—Ä–µ–Ω–µ—Å–ª–∞ —Å–≤–æ–π —Å–ø–µ–∫—Ç–∞–∫–ª—å ¬´–ú–æ–π –¥—Ä—É–≥ –í–µ–Ω–∏–∞–º–∏–Ω¬ª –ø–æ—Å–ª–µ —É–≥—Ä–æ–∑ —á–∏–Ω–æ–≤–Ω–∏–∫–æ–≤

–ù–µ—Å–∫–æ–ª—å–∫–æ –¥–Ω–µ–π –Ω–∞–∑–∞–¥ –¥–µ–ø—É—Ç–∞—Ç—ã –ú–æ—Å–≥–æ—Ä–¥—É–º—ã –ö–∏—Ä–∏–ª–ª –©–∏—Ç–æ–≤ –∏ –ê–Ω–¥—Ä–µ–π –ú–µ–¥–≤–µ–¥–µ–≤ –ø—Ä–∏–≥—Ä–æ–∑–∏–ª–∏ 84-–ª–µ—Ç–Ω–µ–π –Ω–∞—Ä–æ–¥–Ω–æ–π –∞—Ä—Ç–∏—Å—Ç–∫–µ –≤–∏–∑–∏—Ç–æ–º –Ω–∞—ë–º–Ω–∏–∫–æ–≤ –∏–∑ ¬´–í–∞–≥–Ω–µ—Ä–∞¬ª –∑–∞ —Å–ª–æ–≤–∞ –æ —Ç–æ–º, —á—Ç–æ —Ç–æ–ª—å–∫–æ —Ä–æ—Å—Å–∏—è–Ω–µ –º–æ–≥—É—Ç –ø–∏—Å–∞—Ç—å –æ—Å–∫–æ—Ä–±–ª–µ–Ω–∏—è –∏ —É–≥—Ä–æ–∑—ã.

–°–µ–≥–æ–¥–Ω—è –Ω–∞ —Å–∞–π—Ç–µ –í—ã–±–æ—Ä–≥—Å–∫–æ–≥–æ –¥–≤–æ—Ä—Ü–∞ –∫—É–ª—å—Ç—É—Ä—ã, –≥–¥–µ –¥–æ–ª–∂–µ–Ω –±—ã–ª –ø—Ä–æ–π—Ç–∏ —Å–ø–µ–∫—Ç–∞–∫–ª—å, –ø–æ—è–≤–∏–ª–æ—Å—å –æ–±—ä—è–≤–ª–µ–Ω–∏–µ –æ –ø–µ—Ä–µ–Ω–æ—Å–µ –ø–æ—Å—Ç–∞–Ω–æ–≤–∫–µ –∏ –≤–æ–∑–≤—Ä–∞—Ç–µ –¥–µ–Ω–µ–≥ –∑–∞ –±–∏–ª–µ—Ç—ã.

¬´–ü–æ–±–µ–¥–∞¬ª —Ç—è–Ω–µ—Ç –Ω–∞ –µ—â—ë –æ–¥–Ω—É –º–µ–¥–∞–ª—å.

–ó–∞–¥–æ–Ω–∞—Ç–∏—Ç—å —á–µ—Ä–µ–∑ –±–æ—Ç–∞ | Patreon | Boosty | –ü—Ä–µ–¥–ª–æ–∂–∏—Ç—å –Ω–æ–≤–æ—Å—Ç—å",2022-12-30 13:58:07+00:00,
"–†–æ—Å—Å–∏–π—Å–∫–∏–π –°–ö –æ–±–≤–∏–Ω–∏–ª –í–°–£ –≤ —É–±–∏–π—Å—Ç–≤–µ —Ç—Ä—ë—Ö —Ç—ã—Å—è—á –º–∏—Ä–Ω—ã—Ö –∂–∏—Ç–µ–ª–µ–π –ú–∞—Ä–∏—É–ø–æ–ª—è

–ü–æ –¥–∞–Ω–Ω—ã–º –°–ª–µ–¥–∫–æ–º–∞, –Ω–∞ –¥–∞–Ω–Ω—ã–π –º–æ–º–µ–Ω—Ç ¬´–∑–∞–≤–µ—Ä—à–µ–Ω–æ –ø—Ä–æ–∏–∑–≤–æ–¥—Å—Ç–≤–æ —Å—É–¥–µ–±–Ω—ã—Ö —ç–∫—Å–ø–µ—Ä—Ç–∏–∑ –ø–æ –±–æ–ª–µ–µ —á–µ–º 68 —Ç—ã—Å—è—á–∞–º –æ–±—ä–µ–∫—Ç–æ–≤¬ª. –†—É–∫–æ–≤–æ–¥–∏—Ç–µ–ª—å –ø–æ —Ä–∞—Å—Å–ª–µ–¥–æ–≤–∞–Ω–∏—é –≤–æ–µ–Ω–Ω—ã—Ö –ø—Ä–µ—Å—Ç—É–ø–ª–µ–Ω–∏–π, –≥–µ–Ω–æ—Ü–∏–¥–∞ –∏ —Ä–µ–∞–±–∏–ª–∏—Ç–∞—Ü–∏–∏ –Ω–∞—Ü–∏–∑–º–∞ –°–ö –†–§ –ú–∞–∫—Å–∏–º –î–µ–Ω–∏—Å–æ–≤ –æ–±–≤–∏–Ω–∏–ª —É–∫—Ä–∞–∏–Ω—Å–∫–∏—Ö –≤–æ–µ–Ω–Ω—ã—Ö –≤ ¬´–ø—Ä–µ–ø—è—Ç—Å—Ç–≤–∏—è—Ö —ç–≤–∞–∫—É–∞—Ü–∏–∏ –º–∏—Ä–Ω–æ–≥–æ –Ω–∞—Å–µ–ª–µ–Ω–∏—è –∏–∑ –≥–æ—Ä–æ–¥–∞¬ª.

–ë–æ–∏ –≤ –ú–∞—Ä–∏—É–ø–æ–ª–µ –Ω–∞—á–∞–ª–∏—Å—å –Ω–∞ –≤—Ç–æ—Ä–æ–π –¥–µ–Ω—å –≤–æ–π–Ω—ã, –∞ –≤ –Ω–∞—á–∞–ª–µ –º–∞—Ä—Ç–∞ –≥–æ—Ä–æ–¥ –æ–∫–∞–∑–∞–ª—Å—è –Ω–∞ –æ—Å–∞–¥–Ω–æ–º –ø–æ–ª–æ–∂–µ–Ω–∏–∏. –ì–ª–∞–≤–Ω—ã–º –æ—á–∞–≥–æ–º —Å–æ–ø—Ä–æ—Ç–∏–≤–ª–µ–Ω–∏—è –≤ –Ω—ë–º —Å—Ç–∞–ª–∞ —Ç–µ—Ä—Ä–∏—Ç–æ—Ä–∏—è –∑–∞–≤–æ–¥–∞ ¬´–ê–∑–æ–≤—Å—Ç–∞–ª—å¬ª, –Ω–æ –≤ —Å–µ—Ä–µ–¥–∏–Ω–µ –º–∞—è –ø–æ—Å–ª–µ–¥–Ω–∏–µ –∑–∞—â–∏—Ç–Ω–∏–∫–∏ –ú–∞—Ä–∏—É–ø–æ–ª—è, –æ—Ç—Ä–µ–∑–∞–Ω–Ω—ã–µ –æ—Ç –æ—Å–Ω–æ–≤–Ω—ã—Ö —Å–∏–ª, –≤—Å—ë-—Ç–∞–∫–∏ —Å–¥–∞–ª–∏—Å—å. –í –ø—Ä–æ—Ü–µ—Å—Å–µ –æ—Å–∞–¥—ã –∏ —à—Ç—É—Ä–º–∞ –ø–æ—Å—Ç—Ä–∞–¥–∞–ª–æ 90% –∂–∏–ª–æ–≥–æ —Ñ–æ–Ω–¥–∞ –≥–æ—Ä–æ–¥–∞. –î–æ–º–∞ –ø–æ–¥–≤–µ—Ä–≥–∞–ª–∏—Å—å –ø–æ—Å—Ç–æ—è–Ω–Ω—ã–º –±–æ–º–±—ë–∂–∫–∞–º –∏ –æ–±—Å—Ç—Ä–µ–ª–∞–º —Å–æ —Å—Ç–æ—Ä–æ–Ω—ã —Ä–æ—Å—Å–∏–π—Å–∫–∏—Ö —Å–∏–ª, –∞ –≤ –º–∞—Ä—Ç–µ —Ä–æ—Å—Å–∏–π—Å–∫–∞—è –∞—Ä–º–∏—è —Ä–∞–∑–±–æ–º–±–∏–ª–∞ –î—Ä–∞–º—Ç–µ–∞—Ç—Ä, –≤ –∫–æ—Ç–æ—Ä–æ–º —É–∫—Ä—ã–≤–∞–ª–∏—Å—å —Å–æ—Ç–Ω–∏ –ª—é–¥–µ–π. –¢–æ–≥–¥–∞, –ø–æ —Ä–∞–∑–Ω—ã–º –¥–∞–Ω–Ω—ã–º, –ø–æ–≥–∏–±–ª–∏ –æ—Ç 300 –¥–æ 600 —á–µ–ª–æ–≤–µ–∫.

–ó–∞–¥–æ–Ω–∞—Ç–∏—Ç—å —á–µ—Ä–µ–∑ –±–æ—Ç–∞ | Patreon | Boosty | –ü—Ä–µ–¥–ª–æ–∂–∏—Ç—å –Ω–æ–≤–æ—Å—Ç—å",2022-12-30 13:29:08+00:00,
"–õ–µ–≥–µ–Ω–¥–∞—Ä–Ω–æ–π —Å–æ–±–∞—á–∫–µ –î–æ–≥–µ —Å—Ç–∞–ª–æ –ª—É—á—à–µ

–ù–µ—Å–∫–æ–ª—å–∫–æ –¥–Ω–µ–π –Ω–∞–∑–∞–¥ –ø–æ–ª—å–∑–æ–≤–∞—Ç–µ–ª–∏ –∏–Ω—Ç–µ—Ä–Ω–µ—Ç–∞ –±—ã–ª–∏ —à–æ–∫–∏—Ä–æ–≤–∞–Ω—ã —Ç–µ–º, —á—Ç–æ 17-–ª–µ—Ç–Ω—è—è —Å–∏–±–∞-–∏–Ω—É –ø–æ –∫–ª–∏—á–∫–µ –ö–∞–±–æ—Å—É —á—É–≤—Å—Ç–≤—É–µ—Ç —Å–µ–±—è –æ—á–µ–Ω—å —Å–∫–≤–µ—Ä–Ω–æ, –ø–æ—á—Ç–∏ –Ω–µ –≤–∏–¥–∏—Ç, –∏, –≤–µ—Ä–æ—è—Ç–Ω–æ, –º–æ–∂–µ—Ç —É–º–µ—Ä–µ—Ç—å. –ù–æ —Ç–µ–ø–µ—Ä—å —Ö–æ–∑—è–π–∫–∞ –∂–∏–≤–æ—Ç–Ω–æ–≥–æ, —Å—Ç–∞–≤—à–µ–≥–æ –ø—Ä–æ–æ–±—Ä–∞–∑–æ–º –∑–Ω–∞–º–µ–Ω–∏—Ç–æ–≥–æ –î–æ–≥–µ –∏–∑ –º–µ–º–æ–≤, —Ä–∞—Å—Å–∫–∞–∑–∞–ª–∞, —á—Ç–æ –ø–∏—Ç–æ–º–µ—Ü —Ä–µ–∑–∫–æ –ø–æ—à—ë–ª –Ω–∞ –ø–æ–ø—Ä–∞–≤–∫—É. –ö–∞–±–æ—Å—É –≤—Å—Ç–∞–ª–∞ –Ω–∞ –Ω–æ–≥–∏ –∏ —Å —É–¥–æ–≤–æ–ª—å—Å—Ç–≤–∏–µ–º –ø–æ–≥—É–ª—è–ª–∞ –≤ –ø–∞—Ä–∫–µ. –û–Ω–∞ —Ç–∞–∫–∂–µ –µ—Å—Ç –∏ –ø—å–µ—Ç —Å –±–æ–ª—å—à–∏–º –∞–ø–ø–µ—Ç–∏—Ç–æ–º.

–ú–æ–ª–∏—Ç–≤—ã —Ñ–∞–Ω–∞—Ç–æ–≤ –î–æ–≥–µ –±—ã–ª–∏ —É—Å–ª—ã—à–∞–Ω—ã.

–ó–∞–¥–æ–Ω–∞—Ç–∏—Ç—å —á–µ—Ä–µ–∑ –±–æ—Ç–∞ | Patreon | Boosty | –ü—Ä–µ–¥–ª–æ–∂–∏—Ç—å –Ω–æ–≤–æ—Å—Ç—å",2022-12-30 12:54:08+00:00,
"–ü—Ä–µ—Å—Å-—Å–µ–∫—Ä–µ—Ç–∞—Ä—å –ø—Ä–µ–∑–∏–¥–µ–Ω—Ç–∞ –î–º–∏—Ç—Ä–∏–π –ü–µ—Å–∫–æ–≤ –≤—Å–ø–æ–º–Ω–∏–ª, —á—Ç–æ –±–µ–∑—É–º–Ω–æ –º–æ–∂–Ω–æ –±—ã—Ç—å –ø–µ—Ä–≤—ã–º, –∏ –ø–µ—Ä–µ–∏–Ω–∞—á–∏–ª –∞—Ñ–æ—Ä–∏–∑–º, –æ—à–∏–±–æ—á–Ω–æ –ø—Ä–∏–ø–∏—Å—ã–≤–∞–µ–º—ã–π –£–∏–Ω—Å—Ç–æ–Ω—É –ß–µ—Ä—á–∏–ª–ª—é.

–ù–æ–≤–æ–≥–æ–¥–Ω–∏–π –∞—É—Ñ.

–ó–∞–¥–æ–Ω–∞—Ç–∏—Ç—å —á–µ—Ä–µ–∑ –±–æ—Ç–∞ | Patreon | Boosty | –ü—Ä–µ–¥–ª–æ–∂–∏—Ç—å –Ω–æ–≤–æ—Å—Ç—å",2022-12-30 12:32:08+00:00,
"–í –†–æ—Å—Å–∏–∏ –ø–ª–∞–Ω–∏—Ä—É—é—Ç —Ä–∞–∑—Ä–∞–±–æ—Ç–∞—Ç—å –º–æ–±–∏–ª—å–Ω—É—é –û–° –Ω–∞ –±–∞–∑–µ Android –∏ –∞–Ω–∞–ª–æ–≥ —Å–µ—Ä–≤–∏—Å–æ–≤ Google ‚Äî ¬´–™¬ª

VK, ¬´–Ø–Ω–¥–µ–∫—Å¬ª, –°–±–µ—Ä–±–∞–Ω–∫ –∏ ¬´–†–æ—Å—Ç–µ–ª–µ–∫–æ–º¬ª —Å—Ñ–æ—Ä–º–∏—Ä—É—é—Ç –∫–æ–º–ø–∞–Ω–∏—é, –∫–æ—Ç–æ—Ä–∞—è –∑–∞–π–º—ë—Ç—Å—è –∏–º–ø–æ—Ä—Ç–æ–∑–∞–º–µ—â–µ–Ω–∏–µ–º Google Mobile services, –∞ —Ç–∞–∫–∂–µ —Ä–∞–∑—Ä–∞–±–æ—Ç–∞–µ—Ç –Ω–æ–≤—É—é –æ—Ç–µ—á–µ—Å—Ç–≤–µ–Ω–Ω—É—é –û–°. –ü–æ –¥–∞–Ω–Ω—ã–º –∏—Å—Ç–æ—á–Ω–∏–∫–æ–≤, –≤ –æ—Ç–ª–∏—á–∏–µ –æ—Ç ¬´–ê–≤—Ä–æ—Ä—ã¬ª, –∫–æ—Ç–æ—Ä—É—é –¥–æ–ª–∂–µ–Ω –ø—Ä–µ–¥—Å—Ç–∞–≤–∏—Ç—å ¬´–†–æ—Å—Ç–µ–ª–µ–∫–æ–º¬ª, –Ω–æ–≤–∞—è —Å–∏—Å—Ç–µ–º–∞ –±—É–¥–µ—Ç –∏—Å–ø–æ–ª—å–∑–æ–≤–∞—Ç—å—Å—è –Ω–∞ –ø–æ—Ç—Ä–µ–±–∏—Ç–µ–ª—å—Å–∫–∏—Ö —É—Å—Ç—Ä–æ–π—Å—Ç–≤–∞—Ö.

–†–∞–Ω–µ–µ –≤—ã—è—Å–Ω–∏–ª–æ—Å—å, —á—Ç–æ –≤ –†–æ—Å—Å–∏–∏ —Ä–∞—Å—Å—á–∏—Ç—ã–≤–∞—é—Ç —Å–æ–∑–¥–∞—Ç—å –∞–Ω–∞–ª–æ–≥ –ø–∞–∫–µ—Ç–∞ –ø—Ä–æ–≥—Ä–∞–º–º Adobe. –ü–æ—Ç—Ä–∞—Ç–∏—Ç—å –Ω–∞ —ç—Ç–æ –ø–ª–∞–Ω–∏—Ä—É—é—Ç –¥–æ 2 –º–∏–ª–ª–∏–∞—Ä–¥–æ–≤ –¥–æ–ª–ª–∞—Ä–æ–≤.

–¢–∞–∫–∂–µ –≤ –†–æ—Å—Å–∏–∏ —Å –ø–µ—Ä–µ–º–µ–Ω–Ω—ã–º —É—Å–ø–µ—Ö–æ–º –ø—ã—Ç–∞—é—Ç—Å—è —Å–æ–∑–¥–∞—Ç—å —Å–≤–æ–π –º–∞–≥–∞–∑–∏–Ω –ø—Ä–∏–ª–æ–∂–µ–Ω–∏–π –Ω–∞ Android. –û–¥–∏–Ω –∏–∑ –Ω–∏—Ö ‚Äî NashStore ‚Äî —Ä—É—Ö–Ω—É–ª, –µ–¥–≤–∞ –∑–∞–ø—É—Å—Ç–∏–≤—à–∏—Å—å, –∞ –≤—Ç–æ—Ä–æ–π ‚Äî RuStore, –∫–∞–∫ –æ–∫–∞–∑–∞–ª–æ—Å—å, —Å–ª–∏–≤–∞–µ—Ç –¥–∞–Ω–Ω—ã–µ —Ä–æ—Å—Å–∏–π—Å–∫–∏—Ö –ø–æ–ª—å–∑–æ–≤–∞—Ç–µ–ª–µ–π –∑–∞ —Ä—É–±–µ–∂.

–ó–∞–¥–æ–Ω–∞—Ç–∏—Ç—å —á–µ—Ä–µ–∑ –±–æ—Ç–∞ | Patreon | Boosty | –ü—Ä–µ–¥–ª–æ–∂–∏—Ç—å –Ω–æ–≤–æ—Å—Ç—å",2022-12-30 12:07:08+00:00,
"–ó–∞—è–≤–ª–µ–Ω–∏—è –ø—Ä–µ—Å—Å-—Å–µ–∫—Ä–µ—Ç–∞—Ä—è –ø—Ä–µ–∑–∏–¥–µ–Ω—Ç–∞ –î–º–∏—Ç—Ä–∏—è –ü–µ—Å–∫–æ–≤–∞:

‚Äî –ò–Ω—Ü–∏–¥–µ–Ω—Ç —Å —É–∫—Ä–∞–∏–Ω—Å–∫–æ–π —Ä–∞–∫–µ—Ç–æ–π –≤ –ë–µ–ª–∞—Ä—É—Å–∏ –≤—ã–∑—ã–≤–∞–µ—Ç –∫—Ä–∞–π–Ω—é—é –æ–±–µ—Å–ø–æ–∫–æ–µ–Ω–Ω–æ—Å—Ç—å –≤ –ö—Ä–µ–º–ª–µ;

‚Äî –í–æ–µ–Ω–Ω—ã–µ –†–æ—Å—Å–∏–∏ –∏ –ë–µ–ª–∞—Ä—É—Å–∏ –Ω–∞—Ö–æ–¥—è—Ç—Å—è –≤ –ø–æ—Å—Ç–æ—è–Ω–Ω–æ–º –∫–æ–Ω—Ç–∞–∫—Ç–µ;

‚Äî –£ –ü—É—Ç–∏–Ω–∞ –∏ –°–∏ –¶–∑–∏–Ω—å–ø–∏–Ω–∞ —Å–æ—Å—Ç–æ—è–ª—Å—è –æ—á–µ–Ω—å –∫–æ–Ω—Å—Ç—Ä—É–∫—Ç–∏–≤–Ω—ã–π, –æ–±—ä–µ–º–Ω—ã–π –ø–æ —Å–æ–¥–µ—Ä–∂–∞–Ω–∏—é –ø–∞—Ä—Ç–Ω–µ—Ä—Å–∫–∏–π —Ä–∞–∑–≥–æ–≤–æ—Ä;

‚Äî –ü—É—Ç–∏–Ω –Ω–µ –±—É–¥–µ—Ç –ø–æ–∑–¥—Ä–∞–≤–ª—è—Ç—å —Å –ù–æ–≤—ã–º –≥–æ–¥–æ–º –ë–∞–π–¥–µ–Ω–∞, –®–æ–ª—å—Ü–∞, –ú–∞–∫—Ä–æ–Ω–∞ –∏ –ª–∏–¥–µ—Ä–æ–≤ –¥—Ä—É–≥–∏—Ö –Ω–µ–¥—Ä—É–∂–µ—Å—Ç–≤–µ–Ω–Ω—ã—Ö —Å—Ç—Ä–∞–Ω;

‚Äî –ó–¥–æ—Ä–æ–≤—å–µ –ü—É—Ç–∏–Ω–∞ ‚Äî –≤–æ–ø—Ä–æ—Å –≥–æ—Å—É–¥–∞—Ä—Å—Ç–≤–µ–Ω–Ω–æ–π –±–µ–∑–æ–ø–∞—Å–Ω–æ—Å—Ç–∏, –ø–æ—ç—Ç–æ–º—É –µ–≥–æ –æ–±—â–µ–Ω–∏–µ —Å –ø—Ä–µ—Å—Å–æ–π –≤ –æ–±–æ–∑—Ä–∏–º–æ–π –ø–µ—Ä—Å–ø–µ–∫—Ç–∏–≤–µ –Ω–µ –±—É–¥–µ—Ç —Ç–∞–∫–∏–º, –∫–∞–∫ –¥–æ –ø–∞–Ω–¥–µ–º–∏–∏;

‚Äî –í—ã–±–æ—Ä—ã –ø—Ä–µ–∑–∏–¥–µ–Ω—Ç–∞ –†–§ –≤ 2024 –≥–æ–¥—É –∑–∞–ø–ª–∞–Ω–∏—Ä–æ–≤–∞–Ω—ã, –∏ —Å —Ç–æ—á–∫–∏ –∑—Ä–µ–Ω–∏—è –Ω–∞—á–∞–ª–∞ —ç–ª–µ–∫—Ç–æ—Ä–∞–ª—å–Ω—ã—Ö –ø—Ä–æ—Ü–µ—Å—Å–æ–≤ ‚Äî –æ–Ω–∏ —Ç–∞–∫ –∏–ª–∏ –∏–Ω–∞—á–µ –ø–æ—Å–ª–µ–¥—É—é—Ç.

–ó–∞–¥–æ–Ω–∞—Ç–∏—Ç—å —á–µ—Ä–µ–∑ –±–æ—Ç–∞ | Patreon | Boosty | –ü—Ä–µ–¥–ª–æ–∂–∏—Ç—å –Ω–æ–≤–æ—Å—Ç—å",2022-12-30 11:45:07+00:00,
"–í –û–º—Å–∫–µ –∑–∞–¥–µ—Ä–∂–∞–Ω –ø–æ–¥–æ–∑—Ä–µ–≤–∞–µ–º—ã–π –≤ –ø–æ–¥–∂–æ–≥–∞—Ö z-–º–æ–±–∏–ª–µ–π ‚Äî Baza

–û—Å–µ–Ω—å—é –≤ –≥–æ—Ä–æ–¥–µ –Ω–∞—á–∞–ª–∏ –≥–æ—Ä–µ—Ç—å –∞–≤—Ç–æ–º–æ–±–∏–ª–∏ —Å —Å–∏–º–≤–æ–ª–∏–∫–æ–π ¬´–°–í–û¬ª. –ü–æ–¥–æ–±–Ω—ã–µ –∏–Ω—Ü–∏–¥–µ–Ω—Ç—ã –ø—Ä–æ–∏–∑–æ—à–ª–∏ 7 –∏ 12 –æ–∫—Ç—è–±—Ä—è, –∞ —Ç–∞–∫–∂–µ 7 –Ω–æ—è–±—Ä—è. 29 –¥–µ–∫–∞–±—Ä—è –ø–æ–ª–∏—Ü–∏—è –∑–∞–¥–µ—Ä–∂–∞–ª–∞ –ø—Ä–µ–¥–ø–æ–ª–∞–≥–∞–µ–º–æ–≥–æ –ø–æ–¥–∂–∏–≥–∞—Ç–µ–ª—è, –∫–æ–≥–¥–∞ –æ–Ω —Å–æ–≤–µ—Ä—à–∞–ª –æ—á–µ—Ä–µ–¥–Ω—É—é –ø–æ–¥–æ–±–Ω—É—é –¥–∏–≤–µ—Ä—Å–∏—é. –ù–∞ —ç—Ç–æ—Ç —Ä–∞–∑ 45-–ª–µ—Ç–Ω–∏–π –ê–Ω—Ç–æ–Ω –°–º–æ–ª—å—è–Ω–∏–Ω–æ–≤ –ø–æ–ø—ã—Ç–∞–ª—Å—è –ø–æ–¥–∂–µ—á—å —Ç—Ä–∞–Ω—Å—Ñ–æ—Ä–º–∞—Ç–æ—Ä–Ω—É—é –±—É–¥–∫—É. –ü–æ –¥–∞–Ω–Ω—ã–º Baza, –Ω–∞ –¥–æ–ø—Ä–æ—Å–µ –º—É–∂—á–∏–Ω–∞ —Å–æ–∑–Ω–∞–ª—Å—è, —á—Ç–æ –ø—Ä–µ–∂–¥–µ –ø–æ–¥–∂–∏–≥–∞–ª –º–∞—à–∏–Ω—ã —Å –±—É–∫–≤–∞–º–∏ Z –∏ V, —Ç–∞–∫ –∫–∞–∫ –≤—ã—Å—Ç—É–ø–∞–µ—Ç –ø—Ä–æ—Ç–∏–≤ –≤–æ–π–Ω—ã.

–í –æ—Ç–Ω–æ—à–µ–Ω–∏–∏ –∏–Ω–∂–µ–Ω–µ—Ä–∞ –≤–æ–∑–±—É–¥–∏–ª–∏ –¥–µ–ª–æ –ø–æ –¥–≤—É–º —Å—Ç–∞—Ç—å—è–º ‚Äî —É–º—ã—à–ª–µ–Ω–Ω–æ–µ —É–Ω–∏—á—Ç–æ–∂–µ–Ω–∏–µ –∏–ª–∏ –ø–æ–≤—Ä–µ–∂–¥–µ–Ω–∏–µ –∏–º—É—â–µ—Å—Ç–≤–∞ –∏ —Ç–µ—Ä–∞–∫—Ç.

–ó–∞–¥–æ–Ω–∞—Ç–∏—Ç—å —á–µ—Ä–µ–∑ –±–æ—Ç–∞ | Patreon | Boosty | –ü—Ä–µ–¥–ª–æ–∂–∏—Ç—å –Ω–æ–≤–æ—Å—Ç—å",2022-12-30 11:38:09+00:00,
"–ú–∏–Ω—Ñ–∏–Ω —É–¥–≤–æ–∏–ª –¥–æ–ª–∏ —é–∞–Ω—è –∏ –∑–æ–ª–æ—Ç–∞ –≤ —Å—Ç—Ä—É–∫—Ç—É—Ä–µ –§–ù–ë –†–§

–í –º–∏–Ω–∏—Å—Ç–µ—Ä—Å—Ç–≤–µ –∑–∞—è–≤–∏–ª–∏, —á—Ç–æ ¬´–∏—Å–∫–ª—é—á–∏–ª–∏ –≤–æ–∑–º–æ–∂–Ω–æ—Å—Ç—å –∏–Ω–≤–µ—Å—Ç–∏—Ä–æ–≤–∞–Ω–∏—è —Å—Ä–µ–¥—Å—Ç–≤ –§–æ–Ω–¥–∞ –≤ –∞–∫—Ç–∏–≤—ã, –Ω–æ–º–∏–Ω–∏—Ä–æ–≤–∞–Ω–Ω—ã–µ –≤ –¥–æ–ª–ª–∞—Ä–∞—Ö –°–®–ê¬ª. –ú–µ—Ä—ã –ø—Ä–∏–Ω–∏–º–∞—é—Ç –≤ —Ä–∞–º–∫–∞—Ö ¬´–ø–æ—Å–ª–µ–¥–æ–≤–∞—Ç–µ–ª—å–Ω–æ–≥–æ —Å–æ–∫—Ä–∞—â–µ–Ω–∏—è –¥–æ–ª–∏ –≤–∞–ª—é—Ç ‚Äû–Ω–µ–¥—Ä—É–∂–µ—Å—Ç–≤–µ–Ω–Ω—ã—Ö‚Äú –≥–æ—Å—É–¥–∞—Ä—Å—Ç–≤ –≤ —Å—Ç—Ä—É–∫—Ç—É—Ä–µ –∞–∫—Ç–∏–≤–æ–≤¬ª.

–î–æ–ª—è —é–∞–Ω—è —É–≤–µ–ª–∏—á–∏—Ç—Å—è –≤ –¥–≤–∞ —Ä–∞–∑–∞: —Å 30% –¥–æ 60%. –¢–∞–∫–∏–º –∂–µ –æ–±—Ä–∞–∑–æ–º –≤—ã—Ä–∞—Å—Ç—É—Ç –≤–ª–æ–∂–µ–Ω–∏—è –≤ –∑–æ–ª–æ—Ç–æ, –¥–æ 40%. –†–∞–Ω–µ–µ –¥–æ–ª–∏ —é–∞–Ω—è –∏ –∑–æ–ª–æ—Ç–∞ –≤ —Å—Ç—Ä—É–∫—Ç—É—Ä–µ —Å–æ—Å—Ç–∞–≤–ª—è–ª–∏ 30% –∏ 20% —Å–æ–æ—Ç–≤–µ—Ç—Å—Ç–≤–µ–Ω–Ω–æ.

–ó–∞–¥–æ–Ω–∞—Ç–∏—Ç—å —á–µ—Ä–µ–∑ –±–æ—Ç–∞ | Patreon | Boosty | –ü—Ä–µ–¥–ª–æ–∂–∏—Ç—å –Ω–æ–≤–æ—Å—Ç—å",2022-12-30 10:50:07+00:00,
"Twitter –∏ —Å—Ñ–∞–ª—å—Å–∏—Ñ–∏—Ü–∏—Ä–æ–≤–∞–Ω–Ω–∞—è –¥–∏—Å–∫—É—Å—Å–∏—è –æ –∫–æ—Ä–æ–Ω–∞–≤–∏—Ä—É—Å–µ

–í–æ¬†–≤—Ä–µ–º—è –ø–∞–Ω–¥–µ–º–∏–∏ –∫–∏—Ç–∞–π—Å–∫–æ–≥–æ –∫–æ—Ä–æ–Ω–∞–≤–∏—Ä—É—Å–∞ –°–ú–ò –∏ —Å–æ—Ü–∏–∞–ª—å–Ω—ã–µ —Å–µ—Ç–∏ —Å—Ç–∞–ª–∏ —Ä—É–ø–æ—Ä–æ–º –ø—Ä–∞–≤–∏—Ç–µ–ª—å—Å—Ç–≤–µ–Ω–Ω–æ–π –ø—Ä–æ–ø–∞–≥–∞–Ω–¥—ã.‚†Ä

–î–æ –ø–æ–∫—É–ø–∫–∏ –ò–ª–æ–Ω–æ–º –ú–∞—Å–∫–æ–º Twitter –±—ã–ª –≥–ª–∞–≤–Ω–æ–π –ø–ª–æ—â–∞–¥–∫–æ–π –¥–ª—è –≥–æ—Å—É–¥–∞—Ä—Å—Ç–≤–µ–Ω–Ω–æ–π –±–æ—Ä—å–±—ã —Å ¬´—Ñ–µ–π–∫–∞–º–∏¬ª –æ –∫–æ–≤–∏–¥–µ. –ë–ª–∞–≥–æ–¥–∞—Ä—è –æ–±–Ω–∞—Ä–æ–¥–æ–≤–∞–Ω–∏—é ¬´–§–∞–π–ª–æ–≤ Twitter¬ª –º—ã —É–∑–Ω–∞–ª–∏, —á—Ç–æ —Å–æ—Ü—Å–µ—Ç—å —É–¥–∞–ª—è–ª–∞ –∏ –ø–æ–º–µ—á–∞–ª–∞ –∫–∞–∫ –≤–≤–æ–¥—è—â—É—é –≤ –∑–∞–±–ª—É–∂–¥–µ–Ω–∏–µ –ª—é–±—É—é –∏–Ω—Ñ–æ—Ä–º–∞—Ü–∏—é, –∏–¥—É—â—É—é –≤—Ä–∞–∑—Ä–µ–∑ —Å –ª–∏–Ω–∏–µ–π –∞–¥–º–∏–Ω–∏—Å—Ç—Ä–∞—Ü–∏–∏ –ø—Ä–µ–∑–∏–¥–µ–Ω—Ç–∞. –¢–æ–ø-–º–µ–Ω–µ–¥–∂–µ—Ä—ã —Å–æ—Ü—Å–µ—Ç–∏ –¥–∏—Å–∫—Ä–µ–¥–∏—Ç–∏—Ä–æ–≤–∞–ª–∏ –≤—Ä–∞—á–µ–π –∏ —É—á–µ–Ω—ã—Ö, –¥–∞–∂–µ –µ—Å–ª–∏ –æ–Ω–∏ –ø–æ–¥—Ç–≤–µ—Ä–∂–¥–∞–ª–∏ —Å–≤–æ–∏ –≤—ã–≤–æ–¥—ã –æ—Ñ–∏—Ü–∏–∞–ª—å–Ω—ã–º–∏ –¥–∞–Ω–Ω—ã–º–∏. 

–ö–∞–∫ —Ç–≤–∏—Ç—Ç–µ—Ä –ø–æ–¥ —Ä—É–∫–æ–≤–æ–¥—Å—Ç–≤–æ–º –≥–æ—Å—É–¥–∞—Ä—Å—Ç–≤–∞ –∏ —Å–ø–µ—Ü—Å–ª—É–∂–± —É–¥–∞–ª—è–ª  –ø—Ä–∞–≤–¥–∏–≤—É—é –∏–Ω—Ñ–æ—Ä–º–∞—Ü–∏—é –æ—Ç¬†–≤—Ä–∞—á–µ–π –∏¬†—ç–∫—Å–ø–µ—Ä—Ç–æ–≤ –≤¬†–æ–±–ª–∞—Å—Ç–∏ –æ–±—â–µ—Å—Ç–≤–µ–Ω–Ω–æ–≥–æ –∑–¥—Ä–∞–≤–æ–æ—Ö—Ä–∞–Ω–µ–Ω–∏—è, –∫–æ–≥–¥–∞ –æ–Ω–∞ –Ω–µ¬†—Å–æ–≤–ø–∞–¥–∞–ª–∞ —Å¬†–ø–æ–ª–∏—Ç–∏–∫–æ–π –ø—Ä–∞–≤–∏—Ç–µ–ª—å—Å—Ç–≤–∞ –°–®–ê ‚Äì –≤ –ø–µ—Ä–µ–≤–æ–¥–µ —Å—Ç–∞—Ç—å–∏ –î—ç–≤–∏–¥–∞ –¶–≤–µ–π–≥–∞.

–ó–∞–¥–æ–Ω–∞—Ç–∏—Ç—å —á–µ—Ä–µ–∑ –±–æ—Ç–∞ | Patreon | Boosty | –ü—Ä–µ–¥–ª–æ–∂–∏—Ç—å –Ω–æ–≤–æ—Å—Ç—å",2022-12-30 10:23:32+00:00,
"–ê—Ä–∫–∞–¥–∏–π –í–æ–ª–æ–∂ —Å–æ–æ–±—â–∏–ª, —á—Ç–æ –ø–æ–∫–∏–¥–∞–µ—Ç ¬´–Ø–Ω–¥–µ–∫—Å¬ª

–û–Ω –Ω–∞–ø–∏—Å–∞–ª —Å–æ—Ç—Ä—É–¥–Ω–∏–∫–∞–º –∫–æ–º–ø–∞–Ω–∏–∏ –ø–∏—Å—å–º–æ –æ —Ç–æ–º, —á—Ç–æ –ø–æ–∫–∏–¥–∞–µ—Ç –µ–µ, –∏ –ø–æ–ø—Ä–æ—â–∞–ª—Å—è —Å –Ω–∏–º–∏. 

¬´–Ø–Ω–¥–µ–∫—Å ‚Äì —ç—Ç–æ –ø—Ä–æ–µ–∫—Ç –º–æ–µ–π –∂–∏–∑–Ω–∏. –ò –Ω–µ —Ç–æ–ª—å–∫–æ –º–æ–µ–π. –í—Å–µ —ç—Ç–∏ 30 –ª–µ—Ç –º—ã –¥–µ–ª–∞–ª–∏ –µ–≥–æ –≤–º–µ—Å—Ç–µ ‚Äì —Å –Ω—É–ª—è, –≤ —É—Å–ª–æ–≤–∏—è—Ö –≥–ª–æ–±–∞–ª—å–Ω–æ–π –∫–æ–Ω–∫—É—Ä–µ–Ω—Ü–∏–∏, —Å—Ç—Ä–µ–º—è—Å—å –≤–µ—Å—Ç–∏ —Å–µ–±—è –æ—Ç–∫—Ä—ã—Ç–æ –∏ —á–µ—Å—Ç–Ω–æ. –°–ø–∞—Å–∏–±–æ –≤—Å–µ–º, –∫—Ç–æ —Å—Ç—Ä–æ–∏–ª –∏ —Å—Ç—Ä–æ–∏—Ç –ª—É—á—à—É—é —Ç–µ—Ö–Ω–æ–ª–æ–≥–∏—á–µ—Å–∫—É—é –∫–æ–º–ø–∞–Ω–∏—é —Å—Ç—Ä–∞–Ω—ã.

–õ—é–±–ª—é –≤–∞—Å –≤—Å–µ—Ö –∏ –æ–±–Ω–∏–º–∞—é. –ú–Ω–µ –≤–∞—Å –æ—á–µ–Ω—å –Ω–µ —Ö–≤–∞—Ç–∞–µ—Ç. –ü—É—Å—Ç—å –Ω–æ–≤—ã–π –≥–æ–¥ –ø—Ä–∏–Ω–µ—Å–µ—Ç –≤—Å–µ–º –º–∏—Ä¬ª, ‚Äî –Ω–∞–ø–∏—Å–∞–ª –æ–Ω. 

–í–æ–ª–æ–∂ –æ—Å—Ç–∞–≤–∏–ª —Ä—É–∫–æ–≤–æ–¥—è—â–∏–µ –¥–æ–ª–∂–Ω–æ—Å—Ç–∏ –≤ ¬´–Ø–Ω–¥–µ–∫—Å–µ¬ª –≤—Å–∫–æ—Ä–µ –ø–æ—Å–ª–µ —Ç–æ–≥–æ, –∫–∞–∫ –ø–æ–ø–∞–ª –≤ —Å–∞–Ω–∫—Ü–∏–æ–Ω–Ω—ã–π —Å–ø–∏—Å–æ–∫ –ï–° 3 –∏—é–ª—è. –¢–æ–≥–¥–∞ –æ–Ω –≤—ã—à–µ–ª –∏–∑ —Å–æ–≤–µ—Ç–∞ –¥–∏—Ä–µ–∫—Ç–æ—Ä–æ–≤ –∏ –ø–æ–∫–∏–Ω—É–ª –ø–æ—Å—Ç –≥–µ–Ω–¥–∏—Ä–µ–∫—Ç–æ—Ä–∞ –≥—Ä—É–ø–ø—ã. 

–ù–∞ –µ–≥–æ –ø—Ä–æ—â–∞–ª—å–Ω–æ–µ –ø–∏—Å—å–º–æ –∞–∫—Ü–∏–∏ –∫–æ–º–ø–∞–Ω–∏–∏ –≤—Å–µ —Ä–∞–≤–Ω–æ –æ—Ç—Ä–µ–∞–≥–∏—Ä–æ–≤–∞–ª–∏ –ø–∞–¥–µ–Ω–∏–µ–º.

–ó–∞–¥–æ–Ω–∞—Ç–∏—Ç—å —á–µ—Ä–µ–∑ –±–æ—Ç–∞ | Patreon | Boosty | –ü—Ä–µ–¥–ª–æ–∂–∏—Ç—å –Ω–æ–≤–æ—Å—Ç—å",2022-12-30 09:48:45+00:00,
"–î–∂–µ–π–º—Å –ö—ç–º–µ—Ä–æ–Ω –≤—ã—Ä–µ–∑–∞–ª 10 –º–∏–Ω—É—Ç –ø–µ—Ä–µ—Å—Ç—Ä–µ–ª–æ–∫ –∏–∑ –Ω–æ–≤–æ–≥–æ ¬´–ê–≤–∞—Ç–∞—Ä–∞¬ª, —á—Ç–æ–±—ã –Ω–µ ¬´—Ñ–µ—Ç–∏—à–∏–∑–∏—Ä–æ–≤–∞—Ç—å¬ª –æ—Ä—É–∂–∏–µ

¬´–ù–∞—Å–∏–ª–∏–µ –∏ ‚Äû—ç–∫—à–Ω‚Äú ‚Äî –æ–¥–Ω–æ –∏ —Ç–æ –∂–µ, –≤ –∑–∞–≤–∏—Å–∏–º–æ—Å—Ç–∏ –æ—Ç —Ç–æ–≥–æ, –∫–∞–∫ –≤—ã –Ω–∞ —ç—Ç–æ —Å–º–æ—Ç—Ä–∏—Ç–µ. –≠—Ç–æ –¥–∏–ª–µ–º–º–∞ –∫–∞–∂–¥–æ–≥–æ —Ä–µ–∂–∏—Å—Å—ë—Ä–∞ –±–æ–µ–≤–∏–∫–æ–≤, –∞ —è –∏–∑–≤–µ—Å—Ç–µ–Ω –∫–∞–∫ —Ç–∞–∫–æ–π —Ä–µ–∂–∏—Å—Å—ë—Ä¬ª, ‚Äî –ø–æ—è—Å–Ω–∏–ª —Å–≤–æ—é –ø–æ–∑–∏—Ü–∏—é –ö—ç–º–µ—Ä–æ–Ω, –ø–æ–¥—á–µ—Ä–∫–Ω—É–≤, —á—Ç–æ –±—ã–ª —Ä–∞–¥, –∫–æ–≥–¥–∞ –≤ –ù–æ–≤–æ–π –ó–µ–ª–∞–Ω–¥–∏–∏, –≥–¥–µ –æ–Ω —Å–µ–π—á–∞—Å –∂–∏–≤—ë—Ç, –ø–æ—Å–ª–µ —Å—Ç—Ä–µ–ª—å–±—ã –≤ –º–µ—á–µ—Ç–∏ –∑–∞–ø—Ä–µ—Ç–∏–ª–∏ –ø–æ–∫—É–ø–∫—É —à—Ç—É—Ä–º–æ–≤—ã—Ö –≤–∏–Ω—Ç–æ–≤–æ–∫.

–ö —Å–≤–æ–∏–º 68 –≥–æ–¥–∞–º –≤–µ–ª–∏–∫–∏–π —Ä–µ–∂–∏—Å—Å—ë—Ä, –ø–æ–¥–∞—Ä–∏–≤—à–∏–π –º–∏—Ä—É ¬´–¢–µ—Ä–º–∏–Ω–∞—Ç–æ—Ä–∞¬ª, ¬´–ß—É–∂–∏—Ö¬ª –∏ ¬´–¢–∏—Ç–∞–Ω–∏–∫¬ª, –¥–æ—Å–Ω–∏–º–∞–ª—Å—è –¥–æ —Å–∞–º–æ—Ü–µ–Ω–∑—É—Ä—ã.

–£—Ö–æ–¥–∏—Ç—å –Ω–∞ –ø–µ–Ω—Å–∏—é –≤ –ì–æ–ª–ª–∏–≤—É–¥–µ –Ω–µ –ø—Ä–∏–Ω—è—Ç–æ. –ù–æ –¥–æ —Ç–æ–≥–æ, —á—Ç–æ–±—ã –Ω–µ —Ç–æ–ª—å–∫–æ –Ω–µ —É–π—Ç–∏, –Ω–æ –µ—â—ë –∏ –≤—ã–±–∏—Ç—å –ª–µ—Å—Ç–Ω–∏—Ü—É –∏–∑-–ø–æ–¥ —Å–ª–µ–¥—É—é—â–µ–≥–æ –ø–æ–∫–æ–ª–µ–Ω–∏—è –∫–∏–Ω–µ–º–∞—Ç–æ–≥—Ä–∞—Ñ–∏—Å—Ç–æ–≤, –¥–æ–¥—É–º–∞–ª—Å—è –ª–∏—à—å –ö—ç–º–µ—Ä–æ–Ω.

–ó–∞–¥–æ–Ω–∞—Ç–∏—Ç—å —á–µ—Ä–µ–∑ –±–æ—Ç–∞ | Patreon | Boosty | –ü—Ä–µ–¥–ª–æ–∂–∏—Ç—å –Ω–æ–≤–æ—Å—Ç—å",2022-12-30 09:44:07+00:00,
"‚ùóÔ∏è–ê—Ä–∫–∞–¥–∏–π –í–æ–ª–æ–∂ —Å–æ–æ–±—â–∏–ª, —á—Ç–æ –ø–æ–∫–∏–¥–∞–µ—Ç ¬´–Ø–Ω–¥–µ–∫—Å¬ª.",2022-12-30 09:35:31+00:00,
"–í–ª–∞–¥–∏–º–∏—Ä –ü—É—Ç–∏–Ω –ø–æ –≤–∏–¥–µ–æ—Å–≤—è–∑–∏ –ø—Ä–æ–≤—ë–ª –ø–µ—Ä–µ–≥–æ–≤–æ—Ä—ã —Å –°–∏ –¶–∑–∏–Ω—å–ø–∏–Ω–æ–º:

‚Äî –í —É—Å–ª–æ–≤–∏—è—Ö —É—Å–∏–ª–∏–≤–∞—é—â–µ–π—Å—è –≥–µ–æ–ø–æ–ª–∏—Ç–∏—á–µ—Å–∫–æ–π –Ω–∞–ø—Ä—è–∂—ë–Ω–Ω–æ—Å—Ç–∏ –≤–æ–∑—Ä–∞—Å—Ç–∞–µ—Ç –∑–Ω–∞—á–∏–º–æ—Å—Ç—å —Ä–æ—Å—Å–∏–π—Å–∫–æ-–∫–∏—Ç–∞–π—Å–∫–æ–≥–æ —Å—Ç—Ä–∞—Ç–µ–≥–∏—á–µ—Å–∫–æ–≥–æ –ø–∞—Ä—Ç–Ω—ë—Ä—Å—Ç–≤–∞ –∫–∞–∫ —Å—Ç–∞–±–∏–ª–∏–∑–∏—Ä—É—é—â–µ–≥–æ —Ñ–∞–∫—Ç–æ—Ä–∞;

‚Äî –ù–µ—Å–º–æ—Ç—Ä—è –Ω–∞ –Ω–µ–±–ª–∞–≥–æ–ø—Ä–∏—è—Ç–Ω—É—é –≤–Ω–µ—à–Ω—é—é –∫–æ–Ω—ä—é–Ω–∫—Ç—É—Ä—É, –Ω–µ–ª–µ–≥–∏—Ç–∏–º–Ω—ã–µ –æ–≥—Ä–∞–Ω–∏—á–µ–Ω–∏—è –∏ –ø—Ä—è–º–æ–π —à–∞–Ω—Ç–∞–∂ —Å–æ —Å—Ç–æ—Ä–æ–Ω—ã –Ω–µ–∫–æ—Ç–æ—Ä—ã—Ö —Å—Ç—Ä–∞–Ω –ó–∞–ø–∞–¥–∞, –†–æ—Å—Å–∏–∏ –∏ –ö–∏—Ç–∞—é —É–¥–∞–ª–æ—Å—å –æ–±–µ—Å–ø–µ—á–∏—Ç—å —Ä–µ–∫–æ—Ä–¥–Ω–æ –≤—ã—Å–æ–∫–∏–µ —Ç–µ–º–ø—ã —Ä–æ—Å—Ç–∞ –≤–∑–∞–∏–º–Ω–æ–≥–æ —Ç–æ–≤–∞—Ä–æ–æ–±–æ—Ä–æ—Ç–∞;

‚Äî –ü–æ –∏—Ç–æ–≥–∞–º 2022 –≥–æ–¥–∞ —Ç–æ–≤–∞—Ä–æ–æ–±–æ—Ä–æ—Ç —É–≤–µ–ª–∏—á–∏—Ç—Å—è –ø—Ä–∏–º–µ—Ä–Ω–æ –Ω–∞ 25 –ø—Ä–æ—Ü–µ–Ω—Ç–æ–≤;

‚Äî –ü–æ –∏—Ç–æ–≥–∞–º —ç—Ç–æ–≥–æ –≥–æ–¥–∞ –†–æ—Å—Å–∏—è —Å—Ç–∞–ª–∞ –æ–¥–Ω–∏–º –∏–∑ –ª–∏–¥–µ—Ä–æ–≤ –ø–æ —ç–∫—Å–ø–æ—Ä—Ç—É –Ω–µ—Ñ—Ç–∏ –≤ –ö–∏—Ç–∞–π;

‚Äî –í —è–Ω–≤–∞—Ä–µ-–Ω–æ—è–±—Ä–µ —Ç–æ–≤–∞—Ä–æ–æ–±–æ—Ä–æ—Ç —É–≤–µ–ª–∏—á–∏–ª—Å—è –Ω–∞ 36 –ø—Ä–æ—Ü–µ–Ω—Ç–æ–≤, –¥–æ—Å—Ç–∏–≥–Ω—É–≤ 6 –º–∏–ª–ª–∏–∞—Ä–¥–æ–≤ –¥–æ–ª–ª–∞—Ä–æ–≤;

‚Äî –ú—ã —Å –≤–∞–º–∏ –æ–¥–∏–Ω–∞–∫–æ–≤–æ —Å–º–æ—Ç—Ä–∏–º –Ω–∞ –ø—Ä–∏—á–∏–Ω—ã, —Ö–æ–¥ –∏ –ª–æ–≥–∏–∫—É –ø—Ä–æ–∏—Å—Ö–æ–¥—è—â–µ–π —Ç—Ä–∞–Ω—Å—Ñ–æ—Ä–º–∞—Ü–∏–∏ –≥–ª–æ–±–∞–ª—å–Ω–æ–≥–æ –≥–µ–æ–ø–æ–ª–∏—Ç–∏—á–µ—Å–∫–æ–≥–æ –ª–∞–Ω–¥—à–∞—Ñ—Ç–∞;

‚Äî –í–º–µ—Å—Ç–µ —Å –ö–∏—Ç–∞–µ–º –º—ã –æ—Ç—Å—Ç–∞–∏–≤–∞–µ–º –ø—Ä–∏–Ω—Ü–∏–ø–∏–∞–ª—å–Ω—ã–µ –ø–æ–∑–∏—Ü–∏–∏ –∏ –∑–∞—â–∏—â–∞–µ–º –Ω–µ —Ç–æ–ª—å–∫–æ —Å–≤–æ–∏ –∏–Ω—Ç–µ—Ä–µ—Å—ã, –Ω–æ –∏ –≤—Å–µ—Ö —Ç–µ—Ö, –∫—Ç–æ –≤—ã—Å—Ç—É–ø–∞–µ—Ç –∑–∞ –ø–æ–¥–ª–∏–Ω–Ω–æ –¥–µ–º–æ–∫—Ä–∞—Ç–∏—á–Ω–æ–µ –º–∏—Ä–æ—É—Å—Ç—Ä–æ–π—Å—Ç–≤–æ –∏ –ø—Ä–∞–≤–æ —Å—Ç—Ä–∞–Ω —Å–≤–æ–±–æ–¥–Ω–æ –æ–ø—Ä–µ–¥–µ–ª—è—Ç—å —Å–≤–æ—é —Å—É–¥—å–±—É.

–ó–∞–¥–æ–Ω–∞—Ç–∏—Ç—å —á–µ—Ä–µ–∑ –±–æ—Ç–∞ | Patreon | Boosty | –ü—Ä–µ–¥–ª–æ–∂–∏—Ç—å –Ω–æ–≤–æ—Å—Ç—å",2022-12-30 09:23:22+00:00,
"–ü–∞—Ä–ª–∞–º–µ–Ω—Ç—ã –î–ù–† –∏ –õ–ù–† –ø—Ä–∏–Ω—è–ª–∏ –Ω–æ–≤—ã–µ –∫–æ–Ω—Å—Ç–∏—Ç—É—Ü–∏–∏ —Ä–µ—Å–ø—É–±–ª–∏–∫

–ü–æ–ø—Ä–∞–≤–∫–∏ –ø—Ä–µ–¥—É—Å–º–∞—Ç—Ä–∏–≤–∞—é—Ç –æ—Ç–º–µ–Ω—É –ø—Ä—è–º—ã—Ö –≤—ã–±–æ—Ä–æ–≤ –≥–ª–∞–≤ —Ä–µ–≥–∏–æ–Ω–æ–≤. –¢–µ–ø–µ—Ä—å –≥–ª–∞–≤ –õ—É–≥–∞–Ω—Å–∫–æ–π –∏ –î–æ–Ω–µ—Ü–∫–æ–π –Ω–∞—Ä–æ–¥–Ω—ã—Ö —Ä–µ—Å–ø—É–±–ª–∏–∫ —Ñ–æ—Ä–º–∞–ª—å–Ω–æ –±—É–¥—É—Ç –≤—ã–±–∏—Ä–∞—Ç—å –¥–µ–ø—É—Ç–∞—Ç—ã –º–µ—Å—Ç–Ω—ã—Ö –ø–∞—Ä–ª–∞–º–µ–Ω—Ç–æ–≤, –∞ –Ω–µ –∂–∏—Ç–µ–ª–∏.

–ü–æ —Å–ª–æ–≤–∞–º –∏—Å—Ç–æ—á–Ω–∏–∫–∞ ¬´–ö–æ–º–º–µ—Ä—Å–∞–Ω—Ç–∞¬ª, –≤–Ω—É—Ç—Ä–∏–ø–æ–ª–∏—Ç–∏—á–µ—Å–∫–∏–π –±–ª–æ–∫ –∞–¥–º–∏–Ω–∏—Å—Ç—Ä–∞—Ü–∏–∏ –ø—Ä–µ–∑–∏–¥–µ–Ω—Ç–∞ –ø–µ—Ä–≤–æ–Ω–∞—á–∞–ª—å–Ω–æ —Ä–∞—Å—Å–º–∞—Ç—Ä–∏–≤–∞–ª –≤–æ–∑–º–æ–∂–Ω–æ—Å—Ç—å —Å–æ—Ö—Ä–∞–Ω–µ–Ω–∏—è –ø—Ä—è–º—ã—Ö –≤—ã–±–æ—Ä–æ–≤ –≤ —Ä–µ—Å–ø—É–±–ª–∏–∫–∞—Ö –î–æ–Ω–±–∞—Å—Å–∞, –æ–¥–Ω–∞–∫–æ —Å–æ –≤—Ä–µ–º–µ–Ω–µ–º –æ—Ç —ç—Ç–æ–≥–æ –æ—Ç–∫–∞–∑–∞–ª–∏—Å—å, –ø–æ—Å–∫–æ–ª—å–∫—É ¬´–≤ —É—Å–ª–æ–≤–∏—è—Ö –≤–æ–µ–Ω–Ω–æ–≥–æ –ø–æ–ª–æ–∂–µ–Ω–∏—è, –Ω–∞–≤–µ—Ä–Ω–æ–µ, —Ç–∞–∫ –ø—Ä–∞–≤–∏–ª—å–Ω–µ–µ¬ª.

–ó–∞–¥–æ–Ω–∞—Ç–∏—Ç—å —á–µ—Ä–µ–∑ –±–æ—Ç–∞ | Patreon | Boosty | –ü—Ä–µ–¥–ª–æ–∂–∏—Ç—å –Ω–æ–≤–æ—Å—Ç—å",2022-12-30 09:02:09+00:00,
"–§–°–ë –æ—Ç—á–∏—Ç–∞–ª–∞—Å—å –æ –∑–∞–¥–µ—Ä–∂–∞–Ω–∏–∏ —É–∫—Ä–∞–∏–Ω—Ü–∞, –∫–æ—Ç–æ—Ä—ã–π –≥–æ—Ç–æ–≤–∏–ª —Ç–µ—Ä–∞–∫—Ç –Ω–∞ –°–µ–≤–µ—Ä–Ω–æ–º –ö–∞–≤–∫–∞–∑–µ –ø–æ ¬´–∑–∞–¥–∞–Ω–∏—é —É–∫—Ä–∞–∏–Ω—Å–∫–∏—Ö —Å–ø–µ—Ü—Å–ª—É–∂–±¬ª

–°–æ–æ–±—â–∞–µ—Ç—Å—è, —á—Ç–æ ¬´–≤–æ –≤—Ä–µ–º—è –¥–æ–ø—Ä–æ—Å–∞ –∑–∞–¥–µ—Ä–∂–∞–Ω–Ω—ã–π –¥–∞–ª –ø—Ä–∏–∑–Ω–∞—Ç–µ–ª—å–Ω—ã–µ –ø–æ–∫–∞–∑–∞–Ω–∏—è –æ —Å–≤–æ–∏—Ö –ø—Ä–æ—Ç–∏–≤–æ–ø—Ä–∞–≤–Ω—ã—Ö –Ω–∞–º–µ—Ä–µ–Ω–∏—è—Ö¬ª. –í –æ–ø—É–±–ª–∏–∫–æ–≤–∞–Ω–Ω–æ–º –≤–∏–¥–µ–æ –Ω–µ–∫–∏–π —á–µ–ª–æ–≤–µ–∫ –≥–æ–≤–æ—Ä–∏—Ç, —á—Ç–æ ¬´—Ö–æ—Ç–µ–ª –ø—Ä–æ–≤–µ—Å—Ç–∏ —Ç–µ—Ä–∞–∫—Ç¬ª, –Ω–æ –Ω–µ —Å–æ–æ–±—â–∞–µ—Ç –ø–æ–¥—Ä–æ–±–Ω–æ—Å—Ç–µ–π. –ï–≥–æ –ª–∏—Ü–æ ¬´–∑–∞–±–ª—é—Ä–µ–Ω–æ¬ª, –Ω–∏–∫–∞–∫–∏—Ö –¥—Ä—É–≥–∏—Ö –¥–∞–Ω–Ω—ã—Ö –æ –Ω—ë–º –ø–æ–∫–∞ –Ω–µ—Ç.

–í –§–°–ë —Ç–∞–∫–∂–µ –∑–∞—è–≤–∏–ª–∏, —á—Ç–æ –∏–∑—ä—è–ª–∏ –¥–æ–º–∞ —É –∑–∞–¥–µ—Ä–∂–∞–Ω–Ω–æ–≥–æ ¬´–≥–æ—Ç–æ–≤—ã–µ –∫ –ø—Ä–∏–º–µ–Ω–µ–Ω–∏—é —Å—Ä–µ–¥—Å—Ç–≤–∞ —Ç–µ—Ä—Ä–æ—Ä–∞¬ª. –ü—Ä–æ—Ç–∏–≤ —É–∫—Ä–∞–∏–Ω—Ü–∞ –≤–æ–∑–±—É–¥–∏–ª–∏ —É–≥–æ–ª–æ–≤–Ω–æ–µ –¥–µ–ª–æ –ø–æ —á–∞—Å—Ç–∏ 1 —Å—Ç–∞—Ç—å–∏ 30 –∏ —á–∞—Å—Ç–∏ 2 —Å—Ç–∞—Ç—å–∏ 205 ¬´–ü—Ä–∏–≥–æ—Ç–æ–≤–ª–µ–Ω–∏–µ –∫ —Ç–µ—Ä—Ä–æ—Ä–∏–∑–º—É¬ª.

–î–≤—É–º—è –¥–Ω—è–º–∏ —Ä–∞–Ω–µ–µ –§–°–ë —Å–æ–æ–±—â–∏–ª–∞ –æ–± —É–Ω–∏—á—Ç–æ–∂–µ–Ω–∏–∏ –≤ –ö–∞–±–∞—Ä–¥–∏–Ω–æ-–ë–∞–ª–∫–∞—Ä–∏–∏ –¥–≤–æ–∏—Ö –±–æ–µ–≤–∏–∫–æ–≤, –∫–æ—Ç–æ—Ä—ã–µ —è–∫–æ–±—ã –ø–ª–∞–Ω–∏—Ä–æ–≤–∞–ª–∏ —Ç–µ—Ä–∞–∫—Ç –ø–æ –∑–∞–∫–∞–∑—É —É–∫—Ä–∞–∏–Ω—Å–∫–∏—Ö —Å–ø–µ—Ü—Å–ª—É–∂–±, –∞ –ø–æ—Å–ª–µ –¥–æ–ª–∂–Ω—ã –±—ã–ª–∏ –ø–µ—Ä–µ–±—Ä–∞—Ç—å—Å—è –≤ –£–∫—Ä–∞–∏–Ω—É.

–ó–∞–¥–æ–Ω–∞—Ç–∏—Ç—å —á–µ—Ä–µ–∑ –±–æ—Ç–∞ | Patreon | Boosty | –ü—Ä–µ–¥–ª–æ–∂–∏—Ç—å –Ω–æ–≤–æ—Å—Ç—å",2022-12-30 08:54:06+00:00,
