nombre;genero;;;
Aamira;F;;;
Abbi;F;;;
Abbie;F;;;
Abby;F;;;
Abi;F;;;
Abigail;F;;;
Abisai;F;;;
Abril;F;;;
Abryl;F;;;
Aby;F;;;
Acacia;F;;;
Ada;F;;;
Adabel;F;;;
Adabella;F;;;
Adalis;F;;;
Adaluz;F;;;
Adaly;F;;;
Adar;F;;;
Adara;F;;;
Ádara;F;;;
Adaya;F;;;
Adda;F;;;
Adela;F;;;
Adelaida;F;;;
Adele;F;;;
Adelina;F;;;
Adeline;F;;;
Adhara;F;;;
Adira;F;;;
Adolfina;F;;;
Adra;F;;;
Adria;F;;;
Adriana;F;;;
Ady;F;;;
Afra;F;;;
Africa;F;;;
África;F;;;
Afrika;F;;;
Agata;F;;;
Ágata;F;;;
Agatha;F;;;
Ágatha;F;;;
Agnes;F;;;
Agostina;F;;;
Agustina;F;;;
Ahimara;F;;;
Ahinara;F;;;
Ahinoa;F;;;
Ahitana;F;;;
Ahsley;F;;;
Aiala;F;;;
Aialá;F;;;
Aida;F;;;
Aída;F;;;
Aidana;F;;;
Aien;F;;;
Aién;F;;;
Aika;F;;;
Aileen;F;;;
Ailen;F;;;
Ailén;F;;;
Aileth;F;;;
Ailin;F;;;
Ailín;F;;;
Ailym;F;;;
Ailyn;F;;;
Aimara;F;;;
Aime;F;;;
Aimé;F;;;
Aimee;F;;;
Aimeé;F;;;
Aimée;F;;;
Aimi;F;;;
Aimme;F;;;
Aimy;F;;;
Aina;F;;;
Aína;F;;;
Ainara;F;;;
Ainelen;F;;;
Ainhara;F;;;
Ainhoa;F;;;
Ainoa;F;;;
Ainoah;F;;;
Ainoha;F;;;
Aintana;F;;;
Aira;F;;;
Airana;F;;;
Aisha;F;;;
Aitana;F;;;
Aitanna;F;;;
Aithana;F;;;
Aitiana;F;;;
Aixa;F;;;
Akane;F;;;
Akemi;F;;;
Akira;F;;;
Alahi;F;;;
Alahia;F;;;
Alai;F;;;
Alaia;F;;;
Alana;F;;;
Alanis;F;;;
Alanna;F;;;
Alaska;F;;;
Alay;F;;;
Alaysha;F;;;
Alba;F;;;
Albertina;F;;;
Aldana;F;;;
Aldhae;F;;;
Alegra;F;;;
Alegria;F;;;
Aleida;F;;;
Alejandra;F;;;
Alejandrina;F;;;
Aleli;F;;;
Alelí;F;;;
Alena;F;;;
Aleska;F;;;
Alessa;F;;;
Alessandra;F;;;
Alessia;F;;;
Alex;F;;;
Alexa;F;;;
Alexandra;F;;;
Alexia;F;;;
Aleyna;F;;;
Alfonsina;F;;;
Alhelí;F;;;
Alice;F;;;
Alicia;F;;;
Alin;F;;;
Alina;F;;;
Aline;F;;;
Alis;F;;;
Alisa;F;;;
Alise;F;;;
Alisha;F;;;
Alison;F;;;
Alissa;F;;;
Alisson;F;;;
Alix;F;;;
Aliz;F;;;
Aliza;F;;;
Alizée;F;;;
Alizon;F;;;
Allegra;F;;;
Allison;F;;;
Allisson;F;;;
Allyson;F;;;
Alma;F;;;
Almendra;F;;;
Almudena;F;;;
Alondra;F;;;
Alue;F;;;
Aluhe;F;;;
Alumine;F;;;
Aluminé;F;;;
Alyson;F;;;
Alyssa;F;;;
Alysson;F;;;
Amada;F;;;
Amahia;F;;;
Amaia;F;;;
Amal;F;;;
Amalia;F;;;
Amancay;F;;;
Amanda;F;;;
Amankay;F;;;
Amapola;F;;;
Amar;F;;;
Amara;F;;;
Amaral;F;;;
Amaranta;F;;;
Amarilis;F;;;
Amaris;F;;;
Amarú;F;;;
Amaya;F;;;
Ambar;F;;;
Ámbar;F;;;
Amber;F;;;
Ámber;F;;;
Ambra;F;;;
Ameli;F;;;
Amelí;F;;;
Amelia;F;;;
Amelie;F;;;
Amélie;F;;;
Amely;F;;;
América;F;;;
Ami;F;;;
Amiel;F;;;
Amina;F;;;
Amir;F;;;
Amira;F;;;
Amirah;F;;;
Amma;F;;;
Ammy;F;;;
Amor;F;;;
Amorina;F;;;
Amparo;F;;;
Amuyen;F;;;
Amy;F;;;
Ana;F;;;
Anabel;F;;;
Anabela;F;;;
Anabella;F;;;
Anaclara;F;;;
Anael;F;;;
Anahi;F;;;
Anahí;F;;;
Anais;F;;;
Anaís;F;;;
Anali;F;;;
Analia;F;;;
Analía;F;;;
Analuz;F;;;
Analy;F;;;
Ananda;F;;;
Anandi;F;;;
Anapaula;F;;;
Anastasia;F;;;
Anayeli;F;;;
Andina;F;;;
Andra;F;;;
Andrea;F;;;
Andreina;F;;;
Ane;F;;;
Aneka;F;;;
Anelei;F;;;
Aneley;F;;;
Anely;F;;;
Anette;F;;;
Angel;F;;;
Angela;F;;;
Ángela;F;;;
Angeles;F;;;
Ángeles;F;;;
Angeli;F;;;
Angelica;F;;;
Angélica;F;;;
Angelina;F;;;
Angeline;F;;;
Angelique;F;;;
Angelis;F;;;
Angely;F;;;
Anghely;F;;;
Angie;F;;;
Ani;F;;;
Ania;F;;;
Anika;F;;;
Anita;F;;;
Anna;F;;;
Annabella;F;;;
Anne;F;;;
Annel;F;;;
Annet;F;;;
Annette;F;;;
Anni;F;;;
Annie;F;;;
Annika;F;;;
Annina;F;;;
Annita;F;;;
Anny;F;;;
Anshely;F;;;
Anthonela;F;;;
Anthonella;F;;;
Antía;F;;;
Antonela;F;;;
Antonella;F;;;
Antonia;F;;;
Antonieta;F;;;
Antonina;F;;;
Antonio;F;;;
Anush;F;;;
Any;F;;;
Anya;F;;;
Anyela;F;;;
Anyeli;F;;;
Anyeline;F;;;
Añes;F;;;
Aoife;F;;;
April;F;;;
Ara;F;;;
Arabella;F;;;
Araceli;F;;;
Aracely;F;;;
Arale;F;;;
Arami;F;;;
Aramí;F;;;
Aramis;F;;;
Arantxa;F;;;
Arantza;F;;;
Aranza;F;;;
Areli;F;;;
Arelí;F;;;
Areliz;F;;;
Arely;F;;;
Arena;F;;;
Areté;F;;;
Aria;F;;;
Ariadna;F;;;
Ariadne;F;;;
Ariana;F;;;
Ariane;F;;;
Arianna;F;;;
Arianne;F;;;
Ariel;F;;;
Ariela;F;;;
Arisa;F;;;
Arissa;F;;;
Ariza;F;;;
Arlet;F;;;
Arleth;F;;;
Arlett;F;;;
Armani;F;;;
Aruma;F;;;
Aruna;F;;;
Arween;F;;;
Arwen;F;;;
Arya;F;;;
Aryana;F;;;
Asal;F;;;
Ashanti;F;;;
Ashelen;F;;;
Asher;F;;;
Ashley;F;;;
Ashlly;F;;;
Ashly;F;;;
Ashlye;F;;;
Ashlyn;F;;;
Asia;F;;;
Asiri;F;;;
Astrid;F;;;
Asunción;F;;;
Atalía;F;;;
Atenas;F;;;
Atenea;F;;;
Athena;F;;;
Athenea;F;;;
Athia;F;;;
Athiana;F;;;
Athiara;F;;;
Athina;F;;;
Audeline;F;;;
Audrey;F;;;
Audry;F;;;
Augusta;F;;;
Aura;F;;;
Aurelia;F;;;
Aurora;F;;;
Ava;F;;;
Avril;F;;;
Axia;F;;;
Ayane;F;;;
Ayce;F;;;
Ayelen;F;;;
Ayelén;F;;;
Ayira;F;;;
Ayla;F;;;
Ayleen;F;;;
Aylen;F;;;
Aylén;F;;;
Aylim;F;;;
Aylin;F;;;
Aylín;F;;;
Aylinn;F;;;
Aylu;F;;;
Aymar;F;;;
Aymara;F;;;
Aymará;F;;;
Ayme;F;;;
Aymé;F;;;
Aymee;F;;;
Aymmé;F;;;
Aynara;F;;;
Aynhoa;F;;;
Ayni;F;;;
Ayra;F;;;
Ayse;F;;;
Aysé;F;;;
Aysel;F;;;
Aysha;F;;;
Aytana;F;;;
Aythana;F;;;
Azalea;F;;;
Azucena;F;;;
Azul;F;;;
Azumi;F;;;
Bahia;F;;;
Bahía;F;;;
Bahiana;F;;;
Barbara;F;;;
Bárbara;F;;;
Barbi;F;;;
Barbie;F;;;
Barby;F;;;
Batia;F;;;
Batsheba;F;;;
Batsheva;F;;;
Bayolet;F;;;
Beatriz;F;;;
Becca;F;;;
Becky;F;;;
Begonia;F;;;
Behira;F;;;
Bela;F;;;
Belen;F;;;
Belén;F;;;
Belha;F;;;
Belinda;F;;;
Belisario;F;;;
Bella;F;;;
Benedetta;F;;;
Benita;F;;;
Benjamín;F;;;
Benjamina;F;;;
Bennu;F;;;
Beraja;F;;;
Berem;F;;;
Berenice;F;;;
Berenisse;F;;;
Bereniz;F;;;
Berlín;F;;;
Berna;F;;;
Bernarda;F;;;
Bernardina;F;;;
Bernardita;F;;;
Berta;F;;;
Bertina;F;;;
Betania;F;;;
Beth;F;;;
Bethania;F;;;
Bethany;F;;;
Betiana;F;;;
Bettina;F;;;
Betty;F;;;
Beyda;F;;;
Beyli;F;;;
Bianca;F;;;
Bianka;F;;;
Bihanca;F;;;
Blanca;F;;;
Bluma;F;;;
Braja;F;;;
Brandy;F;;;
Brenda;F;;;
Briana;F;;;
Brianda;F;;;
Brianna;F;;;
Bridget;F;;;
Brigith;F;;;
Brigitte;F;;;
Brihana;F;;;
Brihanna;F;;;
Brina;F;;;
Brinsen;F;;;
Brisa;F;;;
Briseida;F;;;
Brissa;F;;;
Britani;F;;;
Britany;F;;;
Brithanny;F;;;
Brithany;F;;;
Britney;F;;;
Brittani;F;;;
Brittany;F;;;
Briza;F;;;
Bruna;F;;;
Brunela;F;;;
Brunella;F;;;
Brunilda;F;;;
Brunna;F;;;
Bryana;F;;;
Bryanna;F;;;
Caeli;F;;;
Caetana;F;;;
Cala;F;;;
Calanit;F;;;
Cali;F;;;
Calia;F;;;
Caliope;F;;;
Calixta;F;;;
Callia;F;;;
Calu;F;;;
Camelia;F;;;
Camil;F;;;
Camila;F;;;
Camille;F;;;
Canaám;F;;;
Candela;F;;;
Candelaria;F;;;
Canela;F;;;
Carina;F;;;
Carla;F;;;
Carlota;F;;;
Carlotta;F;;;
Carmela;F;;;
Carmella;F;;;
Carmen;F;;;
Carmín;F;;;
Carmina;F;;;
Carol;F;;;
Carola;F;;;
Carolina;F;;;
Caroline;F;;;
Casandra;F;;;
Casey;F;;;
Cassandra;F;;;
Cassiana;F;;;
Cataleia;F;;;
Catalella;F;;;
Cataleya;F;;;
Catalina;F;;;
Catalleya;F;;;
Catarina;F;;;
Catena;F;;;
Caterina;F;;;
Cathaleya;F;;;
Catharina;F;;;
Catherina;F;;;
Catherine;F;;;
Cattaleya;F;;;
Cattalina;F;;;
Cattherine;F;;;
Cattleya;F;;;
Cayetana;F;;;
Cecilia;F;;;
Ceferina;F;;;
Celena;F;;;
Celene;F;;;
Celeste;F;;;
Celestina;F;;;
Celia;F;;;
Celina;F;;;
Celinda;F;;;
Celine;F;;;
Céline;F;;;
Cesia;F;;;
Cesira;F;;;
Chabela;F;;;
Chamila;F;;;
Chanel;F;;;
Chantal;F;;;
Charis;F;;;
Charís;F;;;
Charlene;F;;;
Charlize;F;;;
Charlott;F;;;
Charlotte;F;;;
Charo;F;;;
Charol;F;;;
Chavela;F;;;
Chaya;F;;;
Chelsea;F;;;
Chelsee;F;;;
Chelsy;F;;;
Chiara;F;;;
Chidimma;F;;;
Chloe;F;;;
Chloé;F;;;
Christine;F;;;
Christy;F;;;
Ciana;F;;;
Ciara;F;;;
Cielo;F;;;
Cindy;F;;;
Cinthia;F;;;
Cinthya;F;;;
Cintia;F;;;
Cipriana;F;;;
Cira;F;;;
Circe;F;;;
Claire;F;;;
Clara;F;;;
Clarice;F;;;
Clarisa;F;;;
Clarissa;F;;;
Clarita;F;;;
Clariza;F;;;
Claudia;F;;;
Clementina;F;;;
Cleo;F;;;
Clhoe;F;;;
Cloe;F;;;
Cloé;F;;;
Cloeh;F;;;
Clohe;F;;;
Cocó;F;;;
Colombina;F;;;
Concepcion;F;;;
Concepción;F;;;
Constantina;F;;;
Constanza;F;;;
Consuelo;F;;;
Cora;F;;;
Coral;F;;;
Coralie;F;;;
Cordelia;F;;;
Corina;F;;;
Cosette;F;;;
Costanza;F;;;
Cristal;F;;;
Cristel;F;;;
Cristell;F;;;
Cristiana;F;;;
Cristina;F;;;
Cruz;F;;;
Crystal;F;;;
Cynara;F;;;
Cynthia;F;;;
Cyntia;F;;;
Daenerys;F;;;
Dafna;F;;;
Dafne;F;;;
Dahiana;F;;;
Dahiara;F;;;
Dahira;F;;;
Dahlia;F;;;
Daiana;F;;;
Daiara;F;;;
Daila;F;;;
Daina;F;;;
Daira;F;;;
Daisha;F;;;
Daisy;F;;;
Dakota;F;;;
Dalcy;F;;;
Daleska;F;;;
Daleyza;F;;;
Dalezka;F;;;
Dalia;F;;;
Dalila;F;;;
Dalilla;F;;;
Daliza;F;;;
Dallyana;F;;;
Dalma;F;;;
Damaris;F;;;
Dámaris;F;;;
Damasia;F;;;
Damy;F;;;
Dana;F;;;
Danae;F;;;
Danah;F;;;
Danay;F;;;
Daneley;F;;;
Daneysha;F;;;
Dania;F;;;
Daniela;F;;;
Danielle;F;;;
Danila;F;;;
Danitza;F;;;
Danna;F;;;
Dannae;F;;;
Danne;F;;;
Dannz;F;;;
Dante;F;;;
Daphne;F;;;
Dara;F;;;
Darah;F;;;
Darcy;F;;;
Daria;F;;;
Dariana;F;;;
Darla;F;;;
Darleth;F;;;
Darlin;F;;;
Darlín;F;;;
Darlyn;F;;;
Dasha;F;;;
Dayana;F;;;
Dayelin;F;;;
Dayla;F;;;
Daylin;F;;;
Dayline;F;;;
Daymara;F;;;
Dayne;F;;;
Dayra;F;;;
Debora;F;;;
Deborah;F;;;
Delfina;F;;;
Delia;F;;;
Delina;F;;;
Della;F;;;
Delmy;F;;;
Denice;F;;;
Denise;F;;;
Denisse;F;;;
Desiree;F;;;
Desireé;F;;;
Desirée;F;;;
Destiny;F;;;
Deysi;F;;;
Dharma;F;;;
Diamela;F;;;
Diana;F;;;
Dianela;F;;;
Dianna;F;;;
Dianne;F;;;
Dilara;F;;;
Dina;F;;;
Diorella;F;;;
Dolly;F;;;
Dolores;F;;;
Dominga;F;;;
Dominic;F;;;
Dominicke;F;;;
Dominique;F;;;
Donata;F;;;
Donatella;F;;;
Donatta;F;;;
Donna;F;;;
Donnatella;F;;;
Dora;F;;;
Dulce;F;;;
Dulcinea;F;;;
Eden;F;;;
Edith;F;;;
Eileen;F;;;
Eilen;F;;;
Eimi;F;;;
Eimy;F;;;
Eithan;F;;;
Ekaterina;F;;;
Ela;F;;;
Elah;F;;;
Elaia;F;;;
Elaine;F;;;
Elba;F;;;
Elda;F;;;
Electra;F;;;
Elektra;F;;;
Elen;F;;;
Elena;F;;;
Elenna;F;;;
Eleonor;F;;;
Eleonora;F;;;
Elha;F;;;
Eli;F;;;
Eliana;F;;;
Eliette;F;;;
Elif;F;;;
Elin;F;;;
Elina;F;;;
Elis;F;;;
Elisa;F;;;
Eliseo;F;;;
Elisheba;F;;;
Eliza;F;;;
Elizabet;F;;;
Elizabeth;F;;;
Ella;F;;;
Ellen;F;;;
Ellie;F;;;
Eloisa;F;;;
Eloísa;F;;;
Eloïse;F;;;
Elsa;F;;;
Elsie;F;;;
Elunei;F;;;
Eluney;F;;;
Elva;F;;;
Elvira;F;;;
Ely;F;;;
Ema;F;;;
Emeli;F;;;
Emelina;F;;;
Emely;F;;;
Emelyn;F;;;
Emi;F;;;
Emilce;F;;;
Emili;F;;;
Emilia;F;;;
Emiliana;F;;;
Emilie;F;;;
Emilse;F;;;
Emily;F;;;
Émily;F;;;
Emma;F;;;
Emmily;F;;;
Emy;F;;;
Emyly;F;;;
Ena;F;;;
Enriqueta;F;;;
Erica;F;;;
Erika;F;;;
Erin;F;;;
Erma;F;;;
Ernestina;F;;;
Esmeralda;F;;;
Esperanza;F;;;
Estefani;F;;;
Estefania;F;;;
Estefanía;F;;;
Estefany;F;;;
Estela;F;;;
Estelvina;F;;;
Ester;F;;;
Esther;F;;;
Estrella;F;;;
Eugenia;F;;;
Eulogia;F;;;
Eunice;F;;;
Eva;F;;;
Evaluna;F;;;
Evangelina;F;;;
Evangeline;F;;;
Evanyelin;F;;;
Evelin;F;;;
Evelina;F;;;
Evelyn;F;;;
Evelynn;F;;;
Evolet;F;;;
Eylul;F;;;
Eylül;F;;;
Eymi;F;;;
Fabiana;F;;;
Fabiola;F;;;
Fadhila;F;;;
Faith;F;;;
Fanny;F;;;
Fany;F;;;
Fara;F;;;
Farah;F;;;
Farida;F;;;
Fatim;F;;;
Fatima;F;;;
Fátima;F;;;
Fatou;F;;;
Faustina;F;;;
Federica;F;;;
Federico;F;;;
Fedjina;F;;;
Fedra;F;;;
Felicia;F;;;
Felicita;F;;;
Felicitas;F;;;
Felicity;F;;;
Felipa;F;;;
Felipe;F;;;
Felisa;F;;;
Fermina;F;;;
Fernanda;F;;;
Fiama;F;;;
Fiamma;F;;;
Filipa;F;;;
Filippa;F;;;
Filomena;F;;;
Fiona;F;;;
Fiorela;F;;;
Fiorella;F;;;
Flavia;F;;;
Flor;F;;;
Flora;F;;;
Florencia;F;;;
Florentina;F;;;
Franca;F;;;
Franccesca;F;;;
Francchesca;F;;;
Francesca;F;;;
Franchesca;F;;;
Francheska;F;;;
Franchezca;F;;;
Francia;F;;;
Francina;F;;;
Francine;F;;;
Francisca;F;;;
Franka;F;;;
Franscesca;F;;;
Freya;F;;;
Frida;F;;;
Gabriela;F;;;
Gabriella;F;;;
Gaela;F;;;
Gaetana;F;;;
Gaia;F;;;
Gaitana;F;;;
Gal;F;;;
Gala;F;;;
Galadriel;F;;;
Galatea;F;;;
Galena;F;;;
Galia;F;;;
Galilea;F;;;
Galit;F;;;
Gema;F;;;
Gemita;F;;;
Gemma;F;;;
Genara;F;;;
Genesis;F;;;
Génesis;F;;;
Genoveva;F;;;
Georgia;F;;;
Georgina;F;;;
Geovanna;F;;;
Geraldin;F;;;
Geraldine;F;;;
Gia;F;;;
Gía;F;;;
Giana;F;;;
Gianela;F;;;
Gianella;F;;;
Gianina;F;;;
Gianinna;F;;;
Gianna;F;;;
Gilda;F;;;
Gimena;F;;;
Gina;F;;;
Ginebra;F;;;
Ginevra;F;;;
Ginna;F;;;
Gioia;F;;;
Giomara;F;;;
Giordana;F;;;
Giovana;F;;;
Giovanna;F;;;
Giovanni;F;;;
Gisel;F;;;
Gisela;F;;;
Gisele;F;;;
Gisell;F;;;
Gisella;F;;;
Giselle;F;;;
Gissela;F;;;
Gisselle;F;;;
Giulia;F;;;
Giuliana;F;;;
Giulianna;F;;;
Giulietta;F;;;
Giulliana;F;;;
Giuseppina;F;;;
Giustina;F;;;
Gladys;F;;;
Glenda;F;;;
Gloria;F;;;
GOMEZ;F;;;
Gonzalo;F;;;
Grace;F;;;
Graciana;F;;;
Graciela;F;;;
Grecia;F;;;
Greiz;F;;;
Greta;F;;;
Gretel;F;;;
Gretta;F;;;
Grisel;F;;;
Griselda;F;;;
Grisell;F;;;
Guada;F;;;
Guadalupe;F;;;
Gudalupe;F;;;
Guila;F;;;
Guillermina;F;;;
Habeba;F;;;
Hada;F;;;
Hadasa;F;;;
Hadassa;F;;;
Hailey;F;;;
Hailie;F;;;
Haim;F;;;
Hajra;F;;;
Hallie;F;;;
Han;F;;;
Hana;F;;;
Hanah;F;;;
Hande;F;;;
Hanna;F;;;
Hannah;F;;;
Hany;F;;;
Harper;F;;;
Haru;F;;;
Harumi;F;;;
Hatice;F;;;
Hawái;F;;;
Haydee;F;;;
Hayley;F;;;
Haz;F;;;
Hazel;F;;;
Hebe;F;;;
Heidi;F;;;
Heidy;F;;;
Hela;F;;;
Helen;F;;;
Helena;F;;;
Helenna;F;;;
Hellen;F;;;
Heloisa;F;;;
Heloísa;F;;;
Héloïse;F;;;
Hermelinda;F;;;
Heydi;F;;;
Hikari;F;;;
Hilaria;F;;;
Hilary;F;;;
Hilda;F;;;
Hillary;F;;;
Hina;F;;;
Hodaia;F;;;
Holly;F;;;
Huilen;F;;;
Huilén;F;;;
Huma;F;;;
Iael;F;;;
Ianara;F;;;
Ianella;F;;;
Ianna;F;;;
Iara;F;;;
Ibi;F;;;
Ideudith;F;;;
Ignacia;F;;;
Ihana;F;;;
Ihara;F;;;
Ilana;F;;;
Ilanit;F;;;
Ilaria;F;;;
Iliana;F;;;
Ilse;F;;;
Ina;F;;;
Inara;F;;;
Inci;F;;;
Indara;F;;;
Indi;F;;;
India;F;;;
Indiana;F;;;
Indianna;F;;;
Indira;F;;;
Indra;F;;;
Ines;F;;;
Inés;F;;;
Ingrid;F;;;
Inna;F;;;
Inti;F;;;
Io;F;;;
Iona;F;;;
Iré;F;;;
Irelia;F;;;
Irena;F;;;
Irene;F;;;
Iriel;F;;;
Irina;F;;;
Irinea;F;;;
Iris;F;;;
Irma;F;;;
Irune;F;;;
Irupe;F;;;
Irupé;F;;;
Isa;F;;;
Isabel;F;;;
Isabela;F;;;
Isabella;F;;;
Isabelle;F;;;
Isadora;F;;;
Isela;F;;;
Isella;F;;;
Isidora;F;;;
Isidro;F;;;
Isis;F;;;
Ismael;F;;;
Isol;F;;;
Issabella;F;;;
Itatí;F;;;
Itzayana;F;;;
Itzel;F;;;
Itziar;F;;;
Ivana;F;;;
Ivanka;F;;;
Ivanna;F;;;
Ivet;F;;;
Ivon;F;;;
Iz;F;;;
Izabella;F;;;
Izaskun;F;;;
Izel;F;;;
Jaanai;F;;;
Jacinta;F;;;
Jackelin;F;;;
Jackeline;F;;;
Jacqueline;F;;;
Jade;F;;;
Jadyelin;F;;;
Jael;F;;;
Jaia;F;;;
Jaina;F;;;
Jamileth;F;;;
Jana;F;;;
Janah;F;;;
Janaina;F;;;
Jandi;F;;;
Janet;F;;;
Janeth;F;;;
Janha;F;;;
Janice;F;;;
Janis;F;;;
Janna;F;;;
Jaqueline;F;;;
Jaris;F;;;
Jasmin;F;;;
Jasmín;F;;;
Jasmine;F;;;
Jassy;F;;;
Javiera;F;;;
Jaylen;F;;;
Jazly;F;;;
Jazlyn;F;;;
Jazmin;F;;;
Jazmín;F;;;
Jazmine;F;;;
Jazz;F;;;
Jeimy;F;;;
Jemima;F;;;
Jenifer;F;;;
Jennifer;F;;;
Jenny;F;;;
Jeovanna;F;;;
Jesiah;F;;;
Jesica;F;;;
Jessia;F;;;
Jessica;F;;;
Jéssica;F;;;
Jesslyn;F;;;
Jeymi;F;;;
Jezabel;F;;;
Jhana;F;;;
Jhandy;F;;;
Jhanely;F;;;
Jhanna;F;;;
Jhaquelin;F;;;
Jheimily;F;;;
Jhirenny;F;;;
Jhisel;F;;;
Jhissel;F;;;
Jhoana;F;;;
Jhoancis;F;;;
Jhonmy;F;;;
Jhoselin;F;;;
Jhoselyn;F;;;
Jianna;F;;;
Jimena;F;;;
Joaneli;F;;;
Joaquin;F;;;
Joaquín;F;;;
Joaquina;F;;;
Jocelyn;F;;;
Johana;F;;;
Johanna;F;;;
Jolie;F;;;
Jordana;F;;;
Jorgelina;F;;;
Josefa;F;;;
Josefina;F;;;
Josefína;F;;;
Joselin;F;;;
Joseline;F;;;
Joselyn;F;;;
Josenid;F;;;
Josephine;F;;;
Josselin;F;;;
Jowi;F;;;
Jowie;F;;;
Joy;F;;;
Joyce;F;;;
Juan;F;;;
Juana;F;;;
Juanita;F;;;
Juanna;F;;;
Judith;F;;;
Julene;F;;;
Julia;F;;;
Juliana;F;;;
Julianna;F;;;
Julianne;F;;;
Julie;F;;;
Julié;F;;;
Juliet;F;;;
Julieta;F;;;
Julietta;F;;;
Juliette;F;;;
Julliette;F;;;
Juno;F;;;
Justina;F;;;
Kaia;F;;;
Kaila;F;;;
Kailani;F;;;
Kailey;F;;;
Kaitlyn;F;;;
Kala;F;;;
Kalanit;F;;;
Kalei;F;;;
Kali;F;;;
Kalina;F;;;
Kalu;F;;;
Kamila;F;;;
Kaori;F;;;
Karen;F;;;
Karina;F;;;
Karla;F;;;
Karol;F;;;
Karolly;F;;;
Katalella;F;;;
Kataleya;F;;;
Katalina;F;;;
Katarina;F;;;
Kate;F;;;
Katerin;F;;;
Katerina;F;;;
Katerine;F;;;
Katherin;F;;;
Katherina;F;;;
Katherine;F;;;
Kathia;F;;;
Kathy;F;;;
Kathya;F;;;
Katia;F;;;
Katie;F;;;
Katja;F;;;
Katrina;F;;;
Katsumi;F;;;
Katy;F;;;
Katya;F;;;
Kaya;F;;;
Kayla;F;;;
Kaylee;F;;;
Keidy;F;;;
Keila;F;;;
Keili;F;;;
Keily;F;;;
Keilyn;F;;;
Keira;F;;;
Keisha;F;;;
Keisi;F;;;
Keisy;F;;;
Keity;F;;;
Kelaia;F;;;
Kelaía;F;;;
Kelly;F;;;
Kely;F;;;
Kendall;F;;;
Kendra;F;;;
Kenia;F;;;
Kenya;F;;;
Keren;F;;;
Kerly;F;;;
Keydi;F;;;
Keyla;F;;;
Keyli;F;;;
Keyra;F;;;
Keysha;F;;;
Keysi;F;;;
Keyti;F;;;
Keytlin;F;;;
Khaleesi;F;;;
Khalessi;F;;;
Khiara;F;;;
Khloe;F;;;
Kiamy;F;;;
Kiana;F;;;
Kiara;F;;;
Kihara;F;;;
Kikey;F;;;
Killari;F;;;
Kim;F;;;
Kimberley;F;;;
Kimberly;F;;;
Kimey;F;;;
Kira;F;;;
Klara;F;;;
Kloy;F;;;
Kristel;F;;;
Kristen;F;;;
Kyara;F;;;
Kylie;F;;;
Kyra;F;;;
Lady;F;;;
Laia;F;;;
Laila;F;;;
Laira;F;;;
Lali;F;;;
Laly;F;;;
Lana;F;;;
Laqueisha;F;;;
Lara;F;;;
Larami;F;;;
Larisa;F;;;
Larissa;F;;;
Latoya;F;;;
Laura;F;;;
Laure;F;;;
Laureana;F;;;
Lavinia;F;;;
Layla;F;;;
Layra;F;;;
Lea;F;;;
Leah;F;;;
Leandra;F;;;
Leda;F;;;
Leia;F;;;
Leidi;F;;;
Leidy;F;;;
Leila;F;;;
Leilani;F;;;
Leilen;F;;;
Leire;F;;;
Lena;F;;;
Lenay;F;;;
Lenka;F;;;
Lenna;F;;;
Leona;F;;;
Leonela;F;;;
Leonella;F;;;
Leonor;F;;;
Leonora;F;;;
Leryn;F;;;
Leslie;F;;;
Lesly;F;;;
Leticia;F;;;
Letizia;F;;;
Lexa;F;;;
Leydi;F;;;
Leydiba;F;;;
Leydy;F;;;
Leyla;F;;;
Leyre;F;;;
Lia;F;;;
Lía;F;;;
Liah;F;;;
Liam;F;;;
Lian;F;;;
Liana;F;;;
Liba;F;;;
Libertad;F;;;
Libi;F;;;
Liby;F;;;
Lidia;F;;;
Liesel;F;;;
Lihuen;F;;;
Lila;F;;;
Lilen;F;;;
Lilén;F;;;
Lilian;F;;;
Liliana;F;;;
Lina;F;;;
Linda;F;;;
Lineth;F;;;
Lionela;F;;;
Lionella;F;;;
Liora;F;;;
Lis;F;;;
Lisa;F;;;
Lisbet;F;;;
Lisbeth;F;;;
Liseth;F;;;
Lisette;F;;;
Lissa;F;;;
Lisset;F;;;
Lisseth;F;;;
Litzy;F;;;
Liv;F;;;
Livia;F;;;
Lívia;F;;;
Liwen;F;;;
Liz;F;;;
Liza;F;;;
Lizbeth;F;;;
Lizet;F;;;
Lizeth;F;;;
Lizzy;F;;;
Loana;F;;;
Loanna;F;;;
Lohana;F;;;
Lola;F;;;
Loredana;F;;;
Loreley;F;;;
Lorena;F;;;
Lorenza;F;;;
Loretta;F;;;
Lorna;F;;;
Lou;F;;;
Lourdes;F;;;
Lua;F;;;
Lúa;F;;;
Luan;F;;;
Luán;F;;;
Luana;F;;;
Luanna;F;;;
Luba;F;;;
Lucas;F;;;
Luccia;F;;;
Lucciana;F;;;
Luccianna;F;;;
Lucero;F;;;
Lucia;F;;;
Lucía;F;;;
Luciana;F;;;
Lucianna;F;;;
Luciara;F;;;
Lucie;F;;;
Luciel;F;;;
Lucila;F;;;
Lucille;F;;;
Lucinda;F;;;
Lucio;F;;;
Lucrecia;F;;;
Lucresia;F;;;
Lucrezia;F;;;
Lucy;F;;;
Ludmila;F;;;
Ludovika;F;;;
Lue;F;;;
Luha;F;;;
Luhana;F;;;
Luhiana;F;;;
Luiana;F;;;
Luiciana;F;;;
Luisa;F;;;
Luísa;F;;;
Luisana;F;;;
Luisanna;F;;;
Luisiana;F;;;
Luisina;F;;;
Luiza;F;;;
Luizana;F;;;
Lujan;F;;;
Luján;F;;;
Lujàn;F;;;
Lula;F;;;
Lulu;F;;;
Luma;F;;;
Lumen;F;;;
Luna;F;;;
Luney;F;;;
Lunna;F;;;
Lunnay;F;;;
Lupe;F;;;
Lupita;F;;;
Lurdes;F;;;
Lusmila;F;;;
Luyana;F;;;
Luz;F;;;
Luzbel;F;;;
Luzbella;F;;;
Luzia;F;;;
Luzma;F;;;
Luzmila;F;;;
Lya;F;;;
Lyah;F;;;
Lyanna;F;;;
Lynmara;F;;;
Lynn;F;;;
Maaian;F;;;
Maaián;F;;;
Maayan;F;;;
Mabel;F;;;
Macarena;F;;;
Machaca;F;;;
Maciel;F;;;
Mackenzei;F;;;
Mackenzie;F;;;
Madai;F;;;
Maddi;F;;;
Maddison;F;;;
Maddy;F;;;
Madeeha;F;;;
Madelaine;F;;;
Madeleín;F;;;
Madeleine;F;;;
Madelen;F;;;
Madeley;F;;;
Madeleyn;F;;;
Madeleyne;F;;;
Madeline;F;;;
Madelyn;F;;;
Madiel;F;;;
Madison;F;;;
Madíson;F;;;
Madisson;F;;;
Mady;F;;;
Mae;F;;;
Maelie;F;;;
Maely;F;;;
Mafalda;F;;;
Magali;F;;;
Magalí;F;;;
Magaly;F;;;
Magda;F;;;
Magdalena;F;;;
Maggie;F;;;
Maggui;F;;;
Magia;F;;;
Magnolia;F;;;
Magui;F;;;
Maheen;F;;;
Mahia;F;;;
Mahiara;F;;;
Mahidevran;F;;;
Mahitena;F;;;
Mahtob;F;;;
Mai;F;;;
Maia;F;;;
Maian;F;;;
Maiara;F;;;
Maica;F;;;
Maida;F;;;
Maidebran;F;;;
Maidelyn;F;;;
Maidevran;F;;;
Maiia;F;;;
Maika;F;;;
Maike;F;;;
Maila;F;;;
Mailen;F;;;
Mailén;F;;;
Mailin;F;;;
Maily;F;;;
Mailyn;F;;;
Mainé;F;;;
Mainés;F;;;
Maira;F;;;
Mairena;F;;;
Mairu;F;;;
Maisha;F;;;
Maite;F;;;
Maité;F;;;
Máite;F;;;
Maiten;F;;;
Maitén;F;;;
Maitena;F;;;
Maitene;F;;;
Maithe;F;;;
Maithena;F;;;
Maitina;F;;;
Maitte;F;;;
Majida;F;;;
Majo;F;;;
Makayla;F;;;
Makena;F;;;
Malaika;F;;;
Malak;F;;;
Malák;F;;;
Malala;F;;;
Malayka;F;;;
Malec;F;;;
Malek;F;;;
Malen;F;;;
Malén;F;;;
Malena;F;;;
Maleny;F;;;
Mali;F;;;
Malía;F;;;
Malka;F;;;
Malorie;F;;;
Malú;F;;;
Malva;F;;;
Malvina;F;;;
Manauara;F;;;
Manelik;F;;;
Manelyk;F;;;
Manet;F;;;
Manola;F;;;
Manon;F;;;
Manuela;F;;;
Manyeli;F;;;
Mar;F;;;
Mara;F;;;
Marantina;F;;;
Marcela;F;;;
Marcelina;F;;;
Marcella;F;;;
Marcia;F;;;
Marcy;F;;;
Maré;F;;;
Marea;F;;;
Marena;F;;;
Marfa;F;;;
Margalit;F;;;
Margaret;F;;;
Margareth;F;;;
Margarita;F;;;
Margherita;F;;;
Margot;F;;;
Margoth;F;;;
Mari;F;;;
Maria;F;;;
María;F;;;
Mariacruz;F;;;
Marialice;F;;;
Mariam;F;;;
Marian;F;;;
Mariana;F;;;
Marianela;F;;;
Marianella;F;;;
Marianette;F;;;
Mariangel;F;;;
Mariangeles;F;;;
Marianna;F;;;
Marianny;F;;;
Maribel;F;;;
Maricel;F;;;
Maricielo;F;;;
Marie;F;;;
Mariel;F;;;
Mariela;F;;;
Marielieth;F;;;
Mariham;F;;;
Marilda;F;;;
Marilen;F;;;
Marilin;F;;;
Mariluz;F;;;
Marilyn;F;;;
Marina;F;;;
Marinet;F;;;
Marisa;F;;;
Marisol;F;;;
Marissel;F;;;
Marixa;F;;;
Mariza;F;;;
Marjorie;F;;;
Marlen;F;;;
Marlena;F;;;
Marlene;F;;;
Marlin;F;;;
Marnie;F;;;
Marta;F;;;
Martha;F;;;
Marthina;F;;;
Marthyna;F;;;
Martina;F;;;
Martiniano;F;;;
Martino;F;;;
Maru;F;;;
Mary;F;;;
Maryam;F;;;
Marylin;F;;;
Maryuri;F;;;
Masha;F;;;
Mashumi;F;;;
Massima;F;;;
Matea;F;;;
Mateo;F;;;
Mathilda;F;;;
Matilda;F;;;
Matilde;F;;;
Maui;F;;;
Maura;F;;;
Maureen;F;;;
Mauren;F;;;
Mavi;F;;;
Mavis;F;;;
Maxiely;F;;;
Maxima;F;;;
Máxima;F;;;
Maximina;F;;;
May;F;;;
Maya;F;;;
Mayda;F;;;
Mayeli;F;;;
Mayerlin;F;;;
Mayerly;F;;;
Mayhumi;F;;;
Mayka;F;;;
Mayla;F;;;
Maylem;F;;;
Maylen;F;;;
Maylén;F;;;
Mayli;F;;;
Maylin;F;;;
Maylis;F;;;
Mayra;F;;;
Mayte;F;;;
Mayté;F;;;
Maytén;F;;;
Maytena;F;;;
Mayumi;F;;;
Mayuri;F;;;
Meady;F;;;
Megan;F;;;
Meghan;F;;;
Meghansol;F;;;
Megus;F;;;
Mei;F;;;
Meilin;F;;;
Meiling;F;;;
Meital;F;;;
Meith;F;;;
Meithal;F;;;
Meiying;F;;;
Meiyue´;F;;;
Mel;F;;;
Melani;F;;;
Melania;F;;;
Melanie;F;;;
Melanies;F;;;
Melannia;F;;;
Melanny;F;;;
Melany;F;;;
Melec;F;;;
Melek;F;;;
Melet;F;;;
Melina;F;;;
Melinda;F;;;
Meline;F;;;
Melisa;F;;;
Melissa;F;;;
Meliza;F;;;
Mell;F;;;
Melodi;F;;;
Melodía;F;;;
Melodie;F;;;
Melody;F;;;
Mélody;F;;;
Meltem;F;;;
Melyna;F;;;
Mengmeng;F;;;
Mengxi;F;;;
Menina;F;;;
Menuja;F;;;
Mercedes;F;;;
Meredith;F;;;
Meri;F;;;
Merida;F;;;
Merída;F;;;
Mérida;F;;;
Meriyen;F;;;
Merlia;F;;;
Merliah;F;;;
Merlina;F;;;
Mery;F;;;
Meryem;F;;;
Mevis;F;;;
Mey;F;;;
Meylin;F;;;
Meysi;F;;;
Mhia;F;;;
Mia;F;;;
Mía;F;;;
Miah;F;;;
Miara;F;;;
Mica;F;;;
Micaela;F;;;
Micaella;F;;;
Micaila;F;;;
Mical;F;;;
Michela;F;;;
Michelle;F;;;
Mickeyla;F;;;
Micol;F;;;
Miel;F;;;
Miesha;F;;;
Miha;F;;;
Miia;F;;;
Mijal;F;;;
Mika;F;;;
Mikaela;F;;;
Mikal;F;;;
Mikeila;F;;;
Mikela;F;;;
Mikena;F;;;
Mikeyla;F;;;
Mila;F;;;
Milagro;F;;;
Milagros;F;;;
Milagroz;F;;;
Milan;F;;;
Milán;F;;;
Milay;F;;;
Milca;F;;;
Mildred;F;;;
Mile;F;;;
Milea;F;;;
Mileena;F;;;
Mileia;F;;;
Mileidy;F;;;
Milen;F;;;
Milena;F;;;
Milenca;F;;;
Milene;F;;;
Milenka;F;;;
Milenna;F;;;
Milet;F;;;
Mileth;F;;;
Mileva;F;;;
Miley;F;;;
Mileydi;F;;;
Mili;F;;;
Miliá;F;;;
Milita;F;;;
Milla;F;;;
Millaray;F;;;
Millie;F;;;
Mily;F;;;
Mina;F;;;
Minerva;F;;;
Mira;F;;;
Mirac;F;;;
Mirana;F;;;
Miranda;F;;;
Mirei;F;;;
Mireia;F;;;
Mirela;F;;;
Mirella;F;;;
Mirena;F;;;
Mireya;F;;;
Miriam;F;;;
Mirian;F;;;
Mirka;F;;;
Mirna;F;;;
Mirta;F;;;
Misahel;F;;;
Misaki;F;;;
Mishel;F;;;
Mishell;F;;;
Mishelle;F;;;
Mistica;F;;;
Miuccia;F;;;
Miura;F;;;
Mizuki;F;;;
Moa;F;;;
Moana;F;;;
Moaná;F;;;
Modesta;F;;;
Mohana;F;;;
Moira;F;;;
Molly;F;;;
Monica;F;;;
Mónica;F;;;
Monserrat;F;;;
Montserrat;F;;;
Moorea;F;;;
Mora;F;;;
Morea;F;;;
Morela;F;;;
Morelia;F;;;
Morella;F;;;
Morena;F;;;
Morgana;F;;;
Moria;F;;;
Moriel;F;;;
Morita;F;;;
Muna;F;;;
Munay;F;;;
Muriel;F;;;
Murielle;F;;;
Mushka;F;;;
Myah;F;;;
Myla;F;;;
Mylei;F;;;
Mylena;F;;;
Myriam;F;;;
Naara;F;;;
Nabila;F;;;
Nadia;F;;;
Nadid;F;;;
Nadine;F;;;
Nadir;F;;;
Nadua;F;;;
Nadya;F;;;
Nael;F;;;
Naela;F;;;
Naella;F;;;
Naely;F;;;
Naevia;F;;;
Nahara;F;;;
Nahia;F;;;
Nahiane;F;;;
Nahiara;F;;;
Nahieli;F;;;
Nahiely;F;;;
Nahiir;F;;;
Nahila;F;;;
Nahir;F;;;
Nahira;F;;;
Nahla;F;;;
Nahomi;F;;;
Nahomy;F;;;
Nahra;F;;;
Nahya;F;;;
Nahyara;F;;;
Nahyr;F;;;
Naia;F;;;
Naiara;F;;;
Naida;F;;;
Naidelyn;F;;;
Naiely;F;;;
Naihara;F;;;
Naihr;F;;;
Naike;F;;;
Nail;F;;;
Naila;F;;;
Nailah;F;;;
Nailea;F;;;
Nailen;F;;;
Naili;F;;;
Naily;F;;;
Naima;F;;;
Naíma;F;;;
Naimid;F;;;
Naiovy;F;;;
Nair;F;;;
Naira;F;;;
Nairí;F;;;
Nairobi;F;;;
Nairobik;F;;;
Nairoby;F;;;
Naisha;F;;;
Najhely;F;;;
Nakiara;F;;;
Nala;F;;;
Nale;F;;;
Nalú;F;;;
Nanami;F;;;
Nanci;F;;;
Nancy;F;;;
Nandi;F;;;
Nandy;F;;;
Naomi;F;;;
Naomí;F;;;
Naomy;F;;;
Nara;F;;;
Narah;F;;;
Narahia;F;;;
Nare;F;;;
Naré;F;;;
Narel;F;;;
Narela;F;;;
Narella;F;;;
Nariman;F;;;
Narumi;F;;;
Nasha;F;;;
Nashaly;F;;;
Nashely;F;;;
Nashira;F;;;
Nashla;F;;;
Nashli;F;;;
Nasly;F;;;
Natacha;F;;;
Natali;F;;;
Natalí;F;;;
Natalia;F;;;
Natalie;F;;;
Nátalie;F;;;
Nataly;F;;;
Natasha;F;;;
Nathali;F;;;
Nathalia;F;;;
Nathalie;F;;;
Nathaly;F;;;
Natividad;F;;;
Natsuki;F;;;
Natsumi;F;;;
Nauma;F;;;
Naumi;F;;;
NAVARRETE;F;;;
Nawal;F;;;
Naya;F;;;
Nayalí;F;;;
Nayara;F;;;
Naybelin;F;;;
Naydelin;F;;;
Naydely;F;;;
Nayeli;F;;;
Nayelí;F;;;
Nayelli;F;;;
Nayelly;F;;;
Nayely;F;;;
Nayerli;F;;;
Nayla;F;;;
Nayled;F;;;
Naylen;F;;;
Nayli;F;;;
Naylin;F;;;
Naylla;F;;;
Nayme;F;;;
Nayra;F;;;
Naysha;F;;;
Nazarena;F;;;
Nazareth;F;;;
Nazaria;F;;;
Nazli;F;;;
Nazly;F;;;
Nazumi;F;;;
Neela;F;;;
Neferet;F;;;
Nefertari;F;;;
Neftali;F;;;
Neftaly;F;;;
Neila;F;;;
Nejama;F;;;
Nela;F;;;
Nelcy;F;;;
Nelda;F;;;
Nelida;F;;;
Nellcy;F;;;
Nelly;F;;;
Nely;F;;;
Nemesis;F;;;
Nera;F;;;
Nerea;F;;;
Nereha;F;;;
Nereida;F;;;
Nerella;F;;;
Nereyda;F;;;
Nerina;F;;;
Nerissa;F;;;
Nerolí;F;;;
Nery;F;;;
Nesli;F;;;
Nesly;F;;;
Neydi;F;;;
Neydy;F;;;
Neyla;F;;;
Neylan;F;;;
Neytiri;F;;;
Nhía;F;;;
Nia;F;;;
Nickol;F;;;
Nicky;F;;;
Nicol;F;;;
Nicole;F;;;
Nicolet;F;;;
Nicoletta;F;;;
Nicolle;F;;;
Nidia;F;;;
Nieves;F;;;
Nihal;F;;;
Nihan;F;;;
Nika;F;;;
Nikita;F;;;
Nikki;F;;;
Nikol;F;;;
Nil;F;;;
Nila;F;;;
Nilda;F;;;
Nilüfer;F;;;
Nina;F;;;
Ning;F;;;
Ninna;F;;;
Nirvana;F;;;
Nisa;F;;;
Nitza;F;;;
Niza;F;;;
Noa;F;;;
Noah;F;;;
Noe;F;;;
Noel;F;;;
Noeli;F;;;
Noelia;F;;;
Noelle;F;;;
Noemi;F;;;
Noemí;F;;;
Noha;F;;;
Nohemi;F;;;
Nolwenn;F;;;
Noomi;F;;;
Noor;F;;;
Nora;F;;;
Noreli;F;;;
Norma;F;;;
Nour;F;;;
Nova;F;;;
Nubia;F;;;
Numa;F;;;
Nuna;F;;;
Nur;F;;;
Nuria;F;;;
Nurit;F;;;
Nya;F;;;
Nyah;F;;;
Nyly;F;;;
Octavia;F;;;
Odaia;F;;;
Odette;F;;;
Ofelia;F;;;
Ohana;F;;;
Ohanna;F;;;
Oladys;F;;;
Olena;F;;;
Olga;F;;;
Ólide;F;;;
Olimphia;F;;;
Olimpia;F;;;
Olinda;F;;;
Oliva;F;;;
Olivia;F;;;
Olympia;F;;;
Olyssia;F;;;
Omara;F;;;
Ona;F;;;
Ondara;F;;;
Oniria;F;;;
Oriadny;F;;;
Oriana;F;;;
Orianna;F;;;
Orit;F;;;
Orly;F;;;
Ornela;F;;;
Ornella;F;;;
Ortana;F;;;
Oumy;F;;;
Padme;F;;;
Paine;F;;;
Paloma;F;;;
Pamela;F;;;
Pampa;F;;;
Panna;F;;;
Paola;F;;;
Paraná;F;;;
Paris;F;;;
París;F;;;
Páris;F;;;
Patricia;F;;;
Paula;F;;;
Paulette;F;;;
Paulina;F;;;
Paz;F;;;
Pedro;F;;;
Penelope;F;;;
Penélope;F;;;
Peniná;F;;;
PEREZ;F;;;
Perla;F;;;
Perola;F;;;
Pesi;F;;;
Petra;F;;;
Peyton;F;;;
Pheyton;F;;;
Phia;F;;;
Philippa;F;;;
Philomène;F;;;
Phoenix;F;;;
Pia;F;;;
Pía;F;;;
Piccolina;F;;;
Pierina;F;;;
Pietra;F;;;
Pietro;F;;;
Pilar;F;;;
Pina;F;;;
Piuquén;F;;;
Poema;F;;;
Polina;F;;;
Preciosa;F;;;
Pria;F;;;
Pricila;F;;;
Princesa;F;;;
Prisca;F;;;
Priscila;F;;;
Priscilla;F;;;
Prisila;F;;;
Priya;F;;;
Priyanka;F;;;
Pura;F;;;
Pyton;F;;;
Qi;F;;;
Queilen;F;;;
Quemberly;F;;;
Quetzali;F;;;
Quetzally;F;;;
Quimey;F;;;
Rachel;F;;;
Rachell;F;;;
Radamel;F;;;
Rafaela;F;;;
Rafaella;F;;;
Raffaella;F;;;
Raísa;F;;;
Raissa;F;;;
Raizel;F;;;
Rajel;F;;;
Rajma;F;;;
Ramcy;F;;;
Ramón;F;;;
Ramona;F;;;
Rania;F;;;
Raquel;F;;;
Raymi;F;;;
Raziel;F;;;
Rebeca;F;;;
Rebecca;F;;;
Rebeka;F;;;
Rebekah;F;;;
Regan;F;;;
Reggina;F;;;
Regina;F;;;
Reina;F;;;
Reizel;F;;;
Renata;F;;;
Renatha;F;;;
Renatta;F;;;
Renée;F;;;
Renia;F;;;
Rennata;F;;;
Rennatta;F;;;
Reyna;F;;;
Reyzel;F;;;
Rhiana;F;;;
Rhianna;F;;;
Riana;F;;;
Ribka;F;;;
Rieka;F;;;
Riena;F;;;
Rihana;F;;;
Rihanna;F;;;
Riley;F;;;
Rina;F;;;
Rita;F;;;
Riva;F;;;
Rivka;F;;;
Roberta;F;;;
Roci;F;;;
Rocio;F;;;
Rocío;F;;;
Roizi;F;;;
Roma;F;;;
Romana;F;;;
Romanela;F;;;
Romanella;F;;;
Romina;F;;;
Rosa;F;;;
Rosalen;F;;;
Rosalia;F;;;
Rosalinda;F;;;
Rosana;F;;;
Rosángela;F;;;
Rosario;F;;;
Rosbeylin;F;;;
Rose;F;;;
Rosella;F;;;
Roselyn;F;;;
Roselyne;F;;;
Rosemary;F;;;
Rosi;F;;;
Rosie;F;;;
Rosita;F;;;
Rosmary;F;;;
Rosmery;F;;;
Rossana;F;;;
Rossy;F;;;
Rous;F;;;
Rouse;F;;;
Rouss;F;;;
Rousse;F;;;
Roux;F;;;
Roxana;F;;;
Roxy;F;;;
Rubi;F;;;
Rubí;F;;;
Rubina;F;;;
Ruby;F;;;
Ruffina;F;;;
Rufina;F;;;
Ruhi;F;;;
Rumi;F;;;
Runa;F;;;
Rut;F;;;
Ruth;F;;;
Rutila;F;;;
Sabik;F;;;
Sabina;F;;;
Sabine;F;;;
Sabrina;F;;;
Sacha;F;;;
Sadith;F;;;
Sady;F;;;
Saensa;F;;;
Safira;F;;;
Saga;F;;;
Sahara;F;;;
Sahia;F;;;
Sahiara;F;;;
Sahily;F;;;
Sahira;F;;;
Sahori;F;;;
Saiana;F;;;
Saida;F;;;
Saira;F;;;
Sakura;F;;;
Salma;F;;;
Salome;F;;;
Salomé;F;;;
Salomina;F;;;
Samahara;F;;;
Samanta;F;;;
Samantha;F;;;
Samara;F;;;
Samay;F;;;
Samedy;F;;;
Samely;F;;;
Sami;F;;;
Samira;F;;;
Samirah;F;;;
Samirha;F;;;
Sandra;F;;;
Sansa;F;;;
Santina;F;;;
Santino;F;;;
Saori;F;;;
Saory;F;;;
Saousan;F;;;
Saphira;F;;;
Sara;F;;;
Sarah;F;;;
Sarahi;F;;;
Sarahí;F;;;
Sarahyt;F;;;
Sarai;F;;;
Saraí;F;;;
Saray;F;;;
Sarayma;F;;;
Sarisha;F;;;
Sarit;F;;;
Sarita;F;;;
Sasha;F;;;
Saskia;F;;;
Sathya;F;;;
Saya;F;;;
Sayda;F;;;
Sayen;F;;;
Sayén;F;;;
Sayumi;F;;;
Sayuri;F;;;
Scarlet;F;;;
Scarleth;F;;;
Scarlett;F;;;
Sedeff;F;;;
Sefora;F;;;
Séfora;F;;;
Seillyn;F;;;
Seinef;F;;;
Selena;F;;;
Selene;F;;;
Selenia;F;;;
Selenna;F;;;
Selenne;F;;;
Selina;F;;;
Selva;F;;;
Seo;F;;;
Sephora;F;;;
Serafina;F;;;
Seren;F;;;
Serena;F;;;
Serenna;F;;;
Sergia;F;;;
Seta;F;;;
Seynep;F;;;
Seynet;F;;;
Shade;F;;;
Shadelen;F;;;
Shadia;F;;;
Shaiel;F;;;
Shaila;F;;;
Shaily;F;;;
Shailyn;F;;;
Shaina;F;;;
Shaira;F;;;
Shakira;F;;;
Shakty;F;;;
Shalom;F;;;
Shamantha;F;;;
Shamira;F;;;
Shana;F;;;
Shanell;F;;;
Shanely;F;;;
Shani;F;;;
Shanira;F;;;
Shanna;F;;;
Shannon;F;;;
Shantal;F;;;
Shantall;F;;;
Shanthal;F;;;
Shara;F;;;
Sharel;F;;;
Shari;F;;;
Sharin;F;;;
Sharís;F;;;
Sharline;F;;;
Sharlot;F;;;
Sharlote;F;;;
Sharlotte;F;;;
Sharlyn;F;;;
Sharon;F;;;
Shasmin;F;;;
Shatia;F;;;
Shaya;F;;;
Shayla;F;;;
Shayna;F;;;
Shayne;F;;;
Shayra;F;;;
Shazmin;F;;;
Shazmira;F;;;
Sheila;F;;;
Sheimy;F;;;
Sheina;F;;;
Sheine;F;;;
Sheiza;F;;;
Shekinah;F;;;
Shensy;F;;;
Sherazade;F;;;
Sherezade;F;;;
Sherin;F;;;
Sherlin;F;;;
Sherlyn;F;;;
Sheryl;F;;;
Shesabel;F;;;
Sheyla;F;;;
Shiana;F;;;
Shiara;F;;;
Shifra;F;;;
Shina;F;;;
Shira;F;;;
Shirá;F;;;
Shirel;F;;;
Shirley;F;;;
Shirly;F;;;
Shoam;F;;;
Shopia;F;;;
Shoshana;F;;;
Shoshanna;F;;;
Shu;F;;;
Shulamit;F;;;
Shuliana;F;;;
Sia;F;;;
Siana;F;;;
Siara;F;;;
Sibila;F;;;
Sibylla;F;;;
Siena;F;;;
Sienna;F;;;
Sigrid;F;;;
Sila;F;;;
Silene;F;;;
Silia;F;;;
Silmara;F;;;
Silvana;F;;;
Silveyra;F;;;
Silvia;F;;;
Silvina;F;;;
Simona;F;;;
Simone;F;;;
Simoné;F;;;
Simonetta;F;;;
Sinai;F;;;
Sinaí;F;;;
Sindel;F;;;
Sintia;F;;;
Siomara;F;;;
Sion;F;;;
Sipora;F;;;
Sira;F;;;
Sirah;F;;;
Siria;F;;;
Siriana;F;;;
Sisa;F;;;
Skarlett;F;;;
Sky;F;;;
Soe;F;;;
Soffia;F;;;
Sofhia;F;;;
Sofi;F;;;
Sofia;F;;;
Sofía;F;;;
Sofìa;F;;;
Sofïa;F;;;
Sohamy;F;;;
Sojaida;F;;;
Sol;F;;;
Solana;F;;;
Solange;F;;;
Solara;F;;;
Soledad;F;;;
Soleil;F;;;
Solimar;F;;;
Sonia;F;;;
Sophia;F;;;
Sophía;F;;;
Sophie;F;;;
Sophya;F;;;
Sora;F;;;
Soraya;F;;;
Soren;F;;;
Sorilenny;F;;;
Stacy;F;;;
Stania;F;;;
Stefani;F;;;
Stefania;F;;;
Stefanía;F;;;
Stefanie;F;;;
Stefanny;F;;;
Stefany;F;;;
Steffy;F;;;
Stefi;F;;;
Stella;F;;;
Stephanie;F;;;
Stephany;F;;;
Steysi;F;;;
Sthefany;F;;;
Sthephanie;F;;;
Suelem;F;;;
Suellen;F;;;
Suemy;F;;;
Suhan;F;;;
Suki;F;;;
Suley;F;;;
Sumaia;F;;;
Sumilda;F;;;
Summer;F;;;
Suna;F;;;
Sunny;F;;;
Sur;F;;;
Suri;F;;;
Surley;F;;;
Susan;F;;;
Susana;F;;;
Susi;F;;;
Suyai;F;;;
Suyan;F;;;
Suyay;F;;;
Suzeth;F;;;
Svetlana;F;;;
Swara;F;;;
Syakelin;F;;;
Sydney;F;;;
Syria;F;;;
Tabita;F;;;
Tadeo;F;;;
Tafne;F;;;
Tahiana;F;;;
Tahiara;F;;;
Tahira;F;;;
Tahis;F;;;
Taiana;F;;;
Taiara;F;;;
Taimara;F;;;
Taina;F;;;
Taína;F;;;
Tainha;F;;;
Tair;F;;;
Tais;F;;;
Taíz;F;;;
Tali;F;;;
Talia;F;;;
Taliá;F;;;
Talía;F;;;
Tália;F;;;
Talula;F;;;
Tamar;F;;;
Tamara;F;;;
Tammy;F;;;
Tania;F;;;
Tanit;F;;;
Tanya;F;;;
Taña;F;;;
Tara;F;;;
Tarika;F;;;
Tarja;F;;;
Tarsila;F;;;
Tasha;F;;;
Tathiana;F;;;
Tatiana;F;;;
Tauriel;F;;;
Tayhana;F;;;
Taylor;F;;;
Tayra;F;;;
Taysa;F;;;
Tehila;F;;;
Tehilá;F;;;
Telma;F;;;
Teodelina;F;;;
Teodora;F;;;
Teolinda;F;;;
Teresa;F;;;
Teresita;F;;;
Tery;F;;;
Tessa;F;;;
Thaiana;F;;;
Thaiara;F;;;
Thaicha;F;;;
Thaili;F;;;
Thaily;F;;;
Thaina;F;;;
Thaire;F;;;
Thais;F;;;
Thaís;F;;;
Thaïs;F;;;
Thaisa;F;;;
Thaísa;F;;;
Thaise;F;;;
Thaiz;F;;;
Thaíz;F;;;
Thalia;F;;;
Thalita;F;;;
Thania;F;;;
Thayli;F;;;
Thaylin;F;;;
Thayna;F;;;
Thayra;F;;;
Thays;F;;;
Thea;F;;;
Thelma;F;;;
Thérèse;F;;;
Thiago;F;;;
Thiana;F;;;
Thianna;F;;;
Thiara;F;;;
Thiare;F;;;
Thiziana;F;;;
Thyana;F;;;
Tia;F;;;
Tiana;F;;;
Tianna;F;;;
Tiara;F;;;
Tiare;F;;;
Tiaret;F;;;
Tifani;F;;;
Tifanny;F;;;
Tifany;F;;;
Tiffani;F;;;
Tiffany;F;;;
Tihana;F;;;
Tihara;F;;;
Tika;F;;;
Tila;F;;;
Timotea;F;;;
Tina;F;;;
Tini;F;;;
Tisiana;F;;;
Titta;F;;;
Tiziana;F;;;
Tizziana;F;;;
Toba;F;;;
Toia;F;;;
Tokio;F;;;
Toline;F;;;
Tomasa;F;;;
Tomassa;F;;;
Tomoka;F;;;
Tonka;F;;;
Torvi;F;;;
Tova;F;;;
Traciana;F;;;
Triana;F;;;
Trianna;F;;;
Trini;F;;;
Trinidad;F;;;
Turna;F;;;
Tyara;F;;;
Tzime;F;;;
Tzipora;F;;;
Tziporah;F;;;
Tzivia;F;;;
Tzofia;F;;;
Uliana;F;;;
Uma;F;;;
Umah;F;;;
Umaia;F;;;
Umay;F;;;
Umma;F;;;
Ummi;F;;;
Una;F;;;
Urieta;F;;;
Ursula;F;;;
Úrsula;F;;;
Uxía;F;;;
Valencia;F;;;
Valentina;F;;;
Valentína;F;;;
Valentino;F;;;
Valeria;F;;;
Valerie;F;;;
Valery;F;;;
Valeska;F;;;
Valkiria;F;;;
Valkyria;F;;;
Valquiria;F;;;
Vana;F;;;
Vanelope;F;;;
Vanesa;F;;;
Vanessa;F;;;
Vania;F;;;
Vanina;F;;;
Vayolet;F;;;
Vayoleth;F;;;
Vega;F;;;
Velia;F;;;
Venecia;F;;;
Venesia;F;;;
Venezia;F;;;
Venus;F;;;
Vera;F;;;
Verena;F;;;
Verenice;F;;;
Verenisse;F;;;
Verona;F;;;
Veronica;F;;;
Verónica;F;;;
Vianela;F;;;
Vianey;F;;;
Vianka;F;;;
Vicca;F;;;
Vicenta;F;;;
Vicentina;F;;;
Vicktoria;F;;;
Victoria;F;;;
Victoriana;F;;;
Victorina;F;;;
Victorio;F;;;
Victtoria;F;;;
Vida;F;;;
Vika;F;;;
Viktoria;F;;;
Villma;F;;;
Vincenza;F;;;
Violante;F;;;
Violet;F;;;
Violeta;F;;;
Violetta;F;;;
Virginia;F;;;
Virna;F;;;
Vita;F;;;
Vitta;F;;;
Vittoria;F;;;
Vivian;F;;;
Viviana;F;;;
Vivianna;F;;;
Walkiria;F;;;
Wanda;F;;;
Wara;F;;;
Warde;F;;;
Wattana;F;;;
Wayra;F;;;
Wederly;F;;;
Wendy;F;;;
Willka;F;;;
Wilmary;F;;;
Wisleidy;F;;;
Wuanda;F;;;
Xamara;F;;;
Xamira;F;;;
Xena;F;;;
Xenia;F;;;
Xeylen;F;;;
Xi;F;;;
Xia;F;;;
Xiana;F;;;
Xiara;F;;;
Xiareni;F;;;
Ximena;F;;;
Xiomara;F;;;
Xohana;F;;;
Xul;F;;;
Xustina;F;;;
Yada;F;;;
Yadely;F;;;
Yadira;F;;;
Yael;F;;;
Yafreisy;F;;;
Yahaira;F;;;
Yahel;F;;;
Yahiret;F;;;
Yaima;F;;;
Yaiza;F;;;
Yajaira;F;;;
Yajaris;F;;;
Yalens;F;;;
Yamel;F;;;
Yamila;F;;;
Yamile;F;;;
Yamilén;F;;;
Yamilet;F;;;
Yamileth;F;;;
Yamiley;F;;;
Yamíleys;F;;;
Yanaina;F;;;
Yanara;F;;;
Yanay;F;;;
Yancy;F;;;
Yandal;F;;;
Yandi;F;;;
Yandira;F;;;
Yandy;F;;;
Yanel;F;;;
Yanet;F;;;
Yanina;F;;;
Yanira;F;;;
Yanith;F;;;
Yanka;F;;;
Yanmely;F;;;
Yanna;F;;;
Yannel;F;;;
Yansel;F;;;
Yantal;F;;;
Yaquelin;F;;;
Yara;F;;;
Yarden;F;;;
Yarel;F;;;
Yareli;F;;;
Yaresi;F;;;
Yaretzi;F;;;
Yarilin;F;;;
Yaritsa;F;;;
Yaritza;F;;;
Yarleth;F;;;
Yasamin;F;;;
Yasemil;F;;;
Yashira;F;;;
Yasiara;F;;;
Yasil;F;;;
Yasira;F;;;
Yasmila;F;;;
Yasmin;F;;;
Yasmín;F;;;
Yasmine;F;;;
Yasna;F;;;
Yasuri;F;;;
Yatzuri;F;;;
Yazmila;F;;;
Yazmin;F;;;
Yazmín;F;;;
Ydaneth;F;;;
Ye;F;;;
Yeandry;F;;;
Yecia;F;;;
Yehimy;F;;;
Yeimi;F;;;
Yelena;F;;;
Yelina;F;;;
Yendherlin;F;;;
Yeni;F;;;
Yenifer;F;;;
Yennifer;F;;;
Yenny;F;;;
Yeraldin;F;;;
Yeraldine;F;;;
Yesenia;F;;;
Yeshia;F;;;
Yesia;F;;;
Yesica;F;;;
Yessenia;F;;;
Yessia;F;;;
Yessica;F;;;
Yessy;F;;;
Yeuski;F;;;
Yhamely;F;;;
Yhaneliz;F;;;
Yhanka;F;;;
Yhasmin;F;;;
Yhazmin;F;;;
Yhefranny;F;;;
Yhenifer;F;;;
Yhenyfer;F;;;
Yhesya;F;;;
Yhisel;F;;;
Yhoseli;F;;;
Yhoselin;F;;;
Yhosimar;F;;;
Yhovana;F;;;
Yhureny;F;;;
Yicela;F;;;
Yina;F;;;
Yinebra;F;;;
Yineli;F;;;
Yisel;F;;;
Yissel;F;;;
Yiyi;F;;;
Ylenia;F;;;
Ylva;F;;;
Ynes;F;;;
Yoana;F;;;
Yoari;F;;;
Yocelin;F;;;
Yocelyn;F;;;
Yodid;F;;;
Yoensys;F;;;
Yohana;F;;;
Yohanna;F;;;
Yoiskar;F;;;
Yojana;F;;;
Yoko;F;;;
Yolanda;F;;;
Yolenys;F;;;
Yomara;F;;;
Yorely;F;;;
Yori;F;;;
Yoryina;F;;;
Yosary;F;;;
Yosei;F;;;
Yoseli;F;;;
Yoselin;F;;;
Yoselín;F;;;
Yoselyn;F;;;
Yosemí;F;;;
Yosselin;F;;;
Yosselyn;F;;;
Yrell;F;;;
Yrene;F;;;
Yrma;F;;;
Ysabella;F;;;
Yssis;F;;;
Ytzel;F;;;
Yu;F;;;
Yubin;F;;;
Yudit;F;;;
Yudith;F;;;
Yui;F;;;
Yuika;F;;;
Yuki;F;;;
Yuleimy;F;;;
Yuleisy;F;;;
Yuleymi;F;;;
Yuli;F;;;
Yulia;F;;;
Yuliana;F;;;
Yulianna;F;;;
Yulieta;F;;;
Yulinda;F;;;
Yulisa;F;;;
Yulissa;F;;;
Yulitza;F;;;
Yulizan;F;;;
Yuly;F;;;
Yumeily;F;;;
Yumiko;F;;;
Yumin;F;;;
Yuna;F;;;
Yune;F;;;
Yuneiry;F;;;
Yunet;F;;;
Yunsu;F;;;
Yunuel;F;;;
Yuqing;F;;;
Yurani;F;;;
Yurema;F;;;
Yuri;F;;;
Yuriana;F;;;
Yuriela;F;;;
Yusleidy;F;;;
Yusleni;F;;;
Yuvinka;F;;;
Yvana;F;;;
Yvanka;F;;;
Yvette;F;;;
Zaamira;F;;;
Zabel;F;;;
Zafira;F;;;
Zafiro;F;;;
Zafrina;F;;;
Zaha;F;;;
Zahara;F;;;
Zaharai;F;;;
Zahava;F;;;
Zahiara;F;;;
Zahida;F;;;
Zahira;F;;;
Zahíra;F;;;
Zahra;F;;;
Zahyra;F;;;
Zaia;F;;;
Zaida;F;;;
Zaila;F;;;
Zaimira;F;;;
Zain;F;;;
Zainab;F;;;
Zainet;F;;;
Zaira;F;;;
Zakiah;F;;;
Zamara;F;;;
Zamira;F;;;
Zamirha;F;;;
Zana;F;;;
Zanie;F;;;
Zaori;F;;;
Zaphira;F;;;
Zara;F;;;
Zarah;F;;;
Zarahi;F;;;
Zarahí;F;;;
Zarai;F;;;
Zaraí;F;;;
Zárami;F;;;
Zaray;F;;;
Zareen;F;;;
Zareth;F;;;
Zarina;F;;;
Zarya;F;;;
Zasha;F;;;
Zayana;F;;;
Zayenka;F;;;
Zaymara;F;;;
Zaynee;F;;;
Zayra;F;;;
Zdenka;F;;;
Zeila;F;;;
Zeina;F;;;
Zeine;F;;;
Zeinet;F;;;
Zeineth;F;;;
Zeinneth;F;;;
Zeki;F;;;
Zelene;F;;;
Zeley;F;;;
Zelmira;F;;;
Zendaya;F;;;
Zeneida;F;;;
Zenobia;F;;;
Zephira;F;;;
Zeyneb;F;;;
Zeynep;F;;;
Zeynet;F;;;
Zhaira;F;;;
Zhamira;F;;;
Zhaomy;F;;;
Zhelysha;F;;;
Zhiara;F;;;
Zhoe;F;;;
Zhoemi;F;;;
Zhoemy;F;;;
Zhyara;F;;;
Zi;F;;;
Zia;F;;;
Ziamira;F;;;
Ziara;F;;;
Zihara;F;;;
Zilah;F;;;
Zilu;F;;;
Zilza;F;;;
Zimara;F;;;
Zindel;F;;;
Zindia;F;;;
Ziomara;F;;;
Zira;F;;;
Zirael;F;;;
Zirel;F;;;
Zissel;F;;;
Ziyan;F;;;
Zoe;F;;;
Zoé;F;;;
Zoë;F;;;
Zóe;F;;;
Zöe;F;;;
Zoed;F;;;
Zoee;F;;;
Zoeh;F;;;
Zoel;F;;;
Zoely;F;;;
Zoey;F;;;
Zofia;F;;;
Zohar;F;;;
Zohe;F;;;
Zohue;F;;;
Zoi;F;;;
Zoia;F;;;
Zolarah;F;;;
Zomaira;F;;;
Zoraida;F;;;
Zoraya;F;;;
Zorayda;F;;;
Zowie;F;;;
Zowwy;F;;;
Zoyi;F;;;
Zudmaya;F;;;
Zuelen;F;;;
Zuhaila;F;;;
Zuhrah;F;;;
Zulay;F;;;
Zuleica;F;;;
Zuleidy;F;;;
Zuleika;F;;;
Zulema;F;;;
Zulet;F;;;
Zuley;F;;;
Zuleyka;F;;;
Zulín;F;;;
Zully;F;;;
Zulma;F;;;
Zulu;F;;;
Zulú;F;;;
Zuly;F;;;
Zumara;F;;;
Zuna;F;;;
Zunilda;F;;;
Zuray;F;;;
Zuri;F;;;
Zuria;F;;;
Zuriá;F;;;
Zuriely;F;;;
Zurisadai;F;;;
Zury;F;;;
Zusel;F;;;
Zuylen;F;;;
Zyara;F;;;
Zyra;F;;;
Aadítia;M;;;
Aamira;M;;;
Aaron;M;;;
Aarón;M;;;
Aáron;M;;;
Áaron;M;;;
ABALO;M;;;
Abay;M;;;
Abby;M;;;
Abdel;M;;;
Abdias;M;;;
Abdías;M;;;
Abdiel;M;;;
Abel;M;;;
Abelardo;M;;;
Abelino;M;;;
Abi;M;;;
Abiel;M;;;
Abigail;M;;;
Abimael;M;;;
Abisai;M;;;
Abiud;M;;;
Abner;M;;;
Abraham;M;;;
Abrahan;M;;;
Abril;M;;;
Ada;M;;;
Adael;M;;;
Adair;M;;;
Adam;M;;;
Adan;M;;;
Adar;M;;;
Adara;M;;;
Ádara;M;;;
Adela;M;;;
Adelaida;M;;;
Ademar;M;;;
Adhara;M;;;
Adi;M;;;
Adiel;M;;;
Adil;M;;;
Adilson;M;;;
Adir;M;;;
Adira;M;;;
Adolfina;M;;;
Adolfo;M;;;
Adonay;M;;;
Adonías;M;;;
Adonis;M;;;
Adrael;M;;;
Adria;M;;;
Adrian;M;;;
Adrián;M;;;
Adriana;M;;;
Adriano;M;;;
Adriel;M;;;
Aegon;M;;;
Aeker;M;;;
Affan;M;;;
Afra;M;;;
África;M;;;
Afrika;M;;;
Afro;M;;;
AGOSTA;M;;;
Agostin;M;;;
Agostina;M;;;
Agostino;M;;;
Agustin;M;;;
Agustín;M;;;
Agustìn;M;;;
Agustina;M;;;
Agustino;M;;;
Aharon;M;;;
Aharón;M;;;
Ahian;M;;;
Ahinara;M;;;
Ahinoa;M;;;
Ahitana;M;;;
Ahmad;M;;;
Ahylan;M;;;
Aian;M;;;
Aidan;M;;;
Aiden;M;;;
Aidyn;M;;;
Aien;M;;;
Aiken;M;;;
Ailan;M;;;
Ailee;M;;;
Ailen;M;;;
Ailén;M;;;
Aileth;M;;;
Ailin;M;;;
Ailton;M;;;
Ailym;M;;;
Aim;M;;;
Aimar;M;;;
Aimara;M;;;
Aime;M;;;
Aimé;M;;;
Aína;M;;;
Ainara;M;;;
Ainhara;M;;;
Ainhoa;M;;;
Ainoa;M;;;
Ainoah;M;;;
Ainoha;M;;;
Aioria;M;;;
Aira;M;;;
Airon;M;;;
Aisha;M;;;
Aitana;M;;;
Aitano;M;;;
Aithan;M;;;
Aithana;M;;;
Aitian;M;;;
Aitor;M;;;
Aixa;M;;;
Ake;M;;;
Akim;M;;;
Akin;M;;;
Akira;M;;;
Akiva;M;;;
Alahi;M;;;
Alai;M;;;
Alaia;M;;;
Alain;M;;;
Alan;M;;;
Alán;M;;;
Alana;M;;;
Alanna;M;;;
Alaric;M;;;
Alay;M;;;
Alayn;M;;;
Alaysha;M;;;
Alba;M;;;
Albano;M;;;
Albeiro;M;;;
Albert;M;;;
Albertina;M;;;
Albertino;M;;;
Alberto;M;;;
Alcides;M;;;
Aldair;M;;;
Aldana;M;;;
Alder;M;;;
Aldhae;M;;;
Aldo;M;;;
Aldrin;M;;;
Ale;M;;;
Alegra;M;;;
Alegria;M;;;
Aleister;M;;;
Alejandra;M;;;
Alejandrina;M;;;
Alejandro;M;;;
Alejo;M;;;
Alek;M;;;
Aleksandar;M;;;
Aleksander;M;;;
Aleksandre;M;;;
Alekzander;M;;;
Alem;M;;;
Alen;M;;;
Alena;M;;;
Alesandro;M;;;
Aleska;M;;;
Alessander;M;;;
Alessandra;M;;;
Alessandro;M;;;
Alessia;M;;;
Alessio;M;;;
Alex;M;;;
Alexa;M;;;
Alexander;M;;;
Alexandra;M;;;
Alexandre;M;;;
Alexandro;M;;;
Alexei;M;;;
Alexi;M;;;
Alexia;M;;;
Alexio;M;;;
Alexis;M;;;
Aleyna;M;;;
Alfio;M;;;
Alfonsina;M;;;
Alfonso;M;;;
Alfred;M;;;
Alfredo;M;;;
Alhelí;M;;;
Ali;M;;;
Alí;M;;;
Alian;M;;;
Alice;M;;;
Alicia;M;;;
Alik;M;;;
Alina;M;;;
Aline;M;;;
Alise;M;;;
Alison;M;;;
Alissa;M;;;
Alisson;M;;;
Alix;M;;;
Alizon;M;;;
Allan;M;;;
Allegra;M;;;
Allen;M;;;
Allison;M;;;
Allyson;M;;;
Alma;M;;;
Almendra;M;;;
Alondra;M;;;
Alonso;M;;;
Aloone;M;;;
Altair;M;;;
Alter;M;;;
Alvar;M;;;
Alvaro;M;;;
Álvaro;M;;;
Alveiro;M;;;
Alvin;M;;;
Alysson;M;;;
Amadeo;M;;;
Amado;M;;;
Amador;M;;;
Amaia;M;;;
Amalia;M;;;
Amancio;M;;;
Amanda;M;;;
Amankay;M;;;
Amapola;M;;;
Amar;M;;;
Amara;M;;;
Amaranta;M;;;
Amaris;M;;;
Amaro;M;;;
Amaru;M;;;
Amarú;M;;;
Amaurix;M;;;
Amaya;M;;;
Ambar;M;;;
Ámbar;M;;;
Ambay;M;;;
Amber;M;;;
Ameli;M;;;
Amelí;M;;;
Amelia;M;;;
Amelie;M;;;
Amélie;M;;;
Amely;M;;;
Amenadiel;M;;;
Amer;M;;;
Américo;M;;;
Amerson;M;;;
Ameth;M;;;
Amets;M;;;
Amhir;M;;;
Amiel;M;;;
Amil;M;;;
Amilcar;M;;;
Amílcar;M;;;
Amilkar;M;;;
Amin;M;;;
Amín;M;;;
Amina;M;;;
Amir;M;;;
Amira;M;;;
Amirah;M;;;
Ammir;M;;;
Amok;M;;;
Amón;M;;;
Amor;M;;;
Amorina;M;;;
Amparo;M;;;
Ana;M;;;
Anabella;M;;;
Anahi;M;;;
Anahí;M;;;
Analia;M;;;
Analy;M;;;
Anastasia;M;;;
Ander;M;;;
Anderson;M;;;
Andhy;M;;;
Andi;M;;;
Andina;M;;;
Andino;M;;;
Andoni;M;;;
Andre;M;;;
André;M;;;
Andrea;M;;;
Andreas;M;;;
Andrei;M;;;
Andres;M;;;
Andrés;M;;;
Andreu;M;;;
Andrew;M;;;
Andrey;M;;;
Andrik;M;;;
Andriu;M;;;
Andriy;M;;;
Andru;M;;;
Andy;M;;;
Ane;M;;;
Aneley;M;;;
Angel;M;;;
Ángel;M;;;
Angela;M;;;
Ángela;M;;;
Angeles;M;;;
Ángeles;M;;;
Angeli;M;;;
Angelica;M;;;
Angelina;M;;;
Angello;M;;;
Angelo;M;;;
Ángelo;M;;;
Anghelo;M;;;
Angie;M;;;
Angus;M;;;
Aniano;M;;;
Anibal;M;;;
Aníbal;M;;;
Anita;M;;;
Anna;M;;;
Anne;M;;;
Annet;M;;;
Annita;M;;;
Anselmo;M;;;
Anthoni;M;;;
Anthony;M;;;
Anthuan;M;;;
Antía;M;;;
Antiago;M;;;
Antoine;M;;;
Anton;M;;;
Antón;M;;;
Antonela;M;;;
Antonella;M;;;
Antoni;M;;;
Antonia;M;;;
Antonina;M;;;
Antonino;M;;;
Antonio;M;;;
Antonny;M;;;
Antony;M;;;
Antu;M;;;
Antú;M;;;
Antuan;M;;;
Antwan;M;;;
Anuel;M;;;
Anyeline;M;;;
Anyelo;M;;;
Aoife;M;;;
Apolo;M;;;
April;M;;;
Aquiles;M;;;
Ara;M;;;
Araceli;M;;;
Aracely;M;;;
Áradan;M;;;
Aram;M;;;
Aramé;M;;;
Aramí;M;;;
Aramis;M;;;
Aramís;M;;;
Aran;M;;;
Arantza;M;;;
Aranza;M;;;
Areg;M;;;
Arek;M;;;
Areli;M;;;
Arelí;M;;;
Arely;M;;;
Ares;M;;;
Areté;M;;;
Ari;M;;;
Aria;M;;;
Ariadna;M;;;
Arian;M;;;
Arián;M;;;
Ariana;M;;;
Arianna;M;;;
Ariano;M;;;
Arie;M;;;
Arieh;M;;;
Ariel;M;;;
Arion;M;;;
Arístides;M;;;
Aritz;M;;;
Arius;M;;;
Arjanpreet;M;;;
Arlan;M;;;
Arland;M;;;
Arleth;M;;;
Arley;M;;;
Armando;M;;;
Armani;M;;;
Arnaldo;M;;;
Arnau;M;;;
Arnaud;M;;;
Arno;M;;;
Aron;M;;;
Arón;M;;;
Áron;M;;;
Arsenio;M;;;
Arslan;M;;;
Artemio;M;;;
Arthur;M;;;
Artur;M;;;
Arturo;M;;;
Aruma;M;;;
Aruna;M;;;
Arween;M;;;
Arwen;M;;;
Ary;M;;;
Arya;M;;;
Aryam;M;;;
Aryan;M;;;
Aryana;M;;;
Asaar;M;;;
Asael;M;;;
Asbel;M;;;
Asher;M;;;
Ashley;M;;;
Ashly;M;;;
Ashlyn;M;;;
Asiel;M;;;
Asier;M;;;
Asis;M;;;
Aslan;M;;;
Assad;M;;;
Astor;M;;;
Ástor;M;;;
Astrid;M;;;
Atahualpa;M;;;
Atenea;M;;;
Atés;M;;;
Athena;M;;;
Athenea;M;;;
Athian;M;;;
Athiel;M;;;
Athina;M;;;
Athos;M;;;
Atiel;M;;;
Atilio;M;;;
Atuel;M;;;
Aucán;M;;;
Audeline;M;;;
Audrey;M;;;
Augusto;M;;;
Aukan;M;;;
Aukán;M;;;
Aureliano;M;;;
Aurelio;M;;;
Aurora;M;;;
Austiin;M;;;
Austin;M;;;
Austín;M;;;
Ava;M;;;
Avidal;M;;;
Avraham;M;;;
Avril;M;;;
Axel;M;;;
Axia;M;;;
Axl;M;;;
Ayan;M;;;
Ayane;M;;;
Áyax;M;;;
Ayce;M;;;
Aydan;M;;;
Ayden;M;;;
Ayelen;M;;;
Ayla;M;;;
Aylan;M;;;
Aylán;M;;;
Aylen;M;;;
Aylén;M;;;
Aylin;M;;;
Aylín;M;;;
Aylinn;M;;;
Aylu;M;;;
Aymara;M;;;
Aymmé;M;;;
Ayni;M;;;
Ayra;M;;;
Ayran;M;;;
Ayron;M;;;
Ayrton;M;;;
Ayse;M;;;
Aysel;M;;;
Aytana;M;;;
Aythana;M;;;
Ayton;M;;;
Ayun;M;;;
Ayün;M;;;
Azael;M;;;
Azarías;M;;;
Azariel;M;;;
Aziel;M;;;
Azul;M;;;
Badys;M;;;
Bahia;M;;;
Bahiano;M;;;
Bahiron;M;;;
Bairon;M;;;
Baltasar;M;;;
Baltazar;M;;;
Balthazar;M;;;
Baráck;M;;;
Barak;M;;;
Barbara;M;;;
Barbie;M;;;
Bartholomeo;M;;;
Bartolome;M;;;
Bartolomé;M;;;
Bartolomeo;M;;;
Baruc;M;;;
Baruj;M;;;
Basthian;M;;;
Bastia;M;;;
Bastiam;M;;;
Bastian;M;;;
Bastián;M;;;
Bastían;M;;;
Bástian;M;;;
Bastiano;M;;;
Bastien;M;;;
Bastihan;M;;;
Batista;M;;;
Batsheba;M;;;
Battista;M;;;
Baustista;M;;;
Bautista;M;;;
Bay;M;;;
Bayaceto;M;;;
Bayer;M;;;
Bayron;M;;;
Báztian;M;;;
Begonia;M;;;
Behlul;M;;;
Bejamín;M;;;
Belen;M;;;
Belén;M;;;
Belian;M;;;
Belisario;M;;;
Bella;M;;;
BELLERI;M;;;
Beltran;M;;;
Beltrán;M;;;
Ben;M;;;
Benaiah;M;;;
Benancio;M;;;
Benedicto;M;;;
Benicio;M;;;
Benito;M;;;
Benizio;M;;;
Benjamin;M;;;
Benjamín;M;;;
Benjámin;M;;;
Benjamina;M;;;
Bennicio;M;;;
Benoit;M;;;
Bento;M;;;
Benyamin;M;;;
Beñat;M;;;
Berem;M;;;
Berenice;M;;;
Bereniz;M;;;
Berlín;M;;;
Bernabé;M;;;
Bernarda;M;;;
Bernardino;M;;;
Bernardita;M;;;
Bernardo;M;;;
Berta;M;;;
Bertin;M;;;
Bertina;M;;;
Bethany;M;;;
Bety;M;;;
Beymar;M;;;
Beynusz;M;;;
Bezaleel;M;;;
Bhel;M;;;
Bian;M;;;
Bianca;M;;;
Biel;M;;;
Billy;M;;;
Bismar;M;;;
Bismark;M;;;
Bixente;M;;;
Bizancio;M;;;
Bjorn;M;;;
Björn;M;;;
Bladimir;M;;;
Blanca;M;;;
Blas;M;;;
Blass;M;;;
Bono;M;;;
Boran;M;;;
Boris;M;;;
Boriz;M;;;
Borja;M;;;
Bosco;M;;;
Brad;M;;;
Bradley;M;;;
Brahian;M;;;
Brahim;M;;;
Braian;M;;;
Braían;M;;;
Braiden;M;;;
Brain;M;;;
Brais;M;;;
Braison;M;;;
Braiton;M;;;
Braja;M;;;
Branco;M;;;
Brando;M;;;
Brandon;M;;;
Brandón;M;;;
Branko;M;;;
Branly;M;;;
Braulio;M;;;
Brayan;M;;;
Brayden;M;;;
Brayton;M;;;
Brenda;M;;;
Brian;M;;;
Brían;M;;;
Briana;M;;;
Briann;M;;;
Brianna;M;;;
Briccio;M;;;
Bricio;M;;;
Briel;M;;;
Brighton;M;;;
Brihel;M;;;
Brina;M;;;
Brinsen;M;;;
Brisa;M;;;
Briseida;M;;;
Brissa;M;;;
Britany;M;;;
Brithany;M;;;
Brittani;M;;;
Briza;M;;;
Bruce;M;;;
Bruna;M;;;
Brunella;M;;;
Brunilda;M;;;
Brunno;M;;;
Bruno;M;;;
Bruss;M;;;
Bryan;M;;;
Bryana;M;;;
Bryant;M;;;
Buda;M;;;
Burak;M;;;
Byron;M;;;
Cael;M;;;
Caetana;M;;;
Caetano;M;;;
Cai;M;;;
Cain;M;;;
Caín;M;;;
Caio;M;;;
Cairo;M;;;
Caito;M;;;
Cala;M;;;
Caleb;M;;;
Calev;M;;;
Cali;M;;;
Calógero;M;;;
Calu;M;;;
Calvin;M;;;
Camelia;M;;;
Camila;M;;;
Camille;M;;;
Camillo;M;;;
Camilo;M;;;
Canaám;M;;;
Candela;M;;;
Candelaria;M;;;
Canek;M;;;
Canela;M;;;
Carim;M;;;
Carles;M;;;
Carlos;M;;;
Carlotta;M;;;
Carmela;M;;;
Carmelo;M;;;
Carmen;M;;;
Carmina;M;;;
Carola;M;;;
Carolina;M;;;
Casey;M;;;
Casiano;M;;;
Cassiana;M;;;
Cassiel;M;;;
Castiel;M;;;
CATALDO;M;;;
Cataleya;M;;;
Catalina;M;;;
Catarina;M;;;
Caterina;M;;;
Cathaleya;M;;;
Cathriel;M;;;
Catriel;M;;;
Cattaleya;M;;;
Cattalina;M;;;
Cattherine;M;;;
Cattleya;M;;;
Cayetano;M;;;
Cecilia;M;;;
Cedric;M;;;
Ceferino;M;;;
Celeste;M;;;
Celestina;M;;;
Celestino;M;;;
Celin;M;;;
Celina;M;;;
Celso;M;;;
Cerón;M;;;
Cesar;M;;;
César;M;;;
Cesia;M;;;
Chabela;M;;;
Chair;M;;;
Chamila;M;;;
Chan;M;;;
Chano;M;;;
Charis;M;;;
Charles;M;;;
Charlie;M;;;
Charly;M;;;
Charlys;M;;;
Charo;M;;;
Charol;M;;;
Chemi;M;;;
Chiara;M;;;
Ching;M;;;
Chloe;M;;;
Chloé;M;;;
Chris;M;;;
Christhian;M;;;
Christian;M;;;
Christiano;M;;;
Christofer;M;;;
Christopher;M;;;
Christy;M;;;
Chukwudubem;M;;;
Ciana;M;;;
Ciara;M;;;
Cibriano;M;;;
Cielo;M;;;
Cinthia;M;;;
Cipriano;M;;;
Circe;M;;;
Ciriaco;M;;;
Cirilo;M;;;
Ciro;M;;;
Clara;M;;;
Clarence;M;;;
Clarice;M;;;
Clarita;M;;;
Claudio;M;;;
Clemente;M;;;
Clementina;M;;;
Cleo;M;;;
Cliver;M;;;
Cloe;M;;;
Cloé;M;;;
Cloeh;M;;;
Clohe;M;;;
Conan;M;;;
Concepcion;M;;;
Concepción;M;;;
Connor;M;;;
Conrado;M;;;
Constancio;M;;;
Constantin;M;;;
Constantino;M;;;
Constanza;M;;;
Constanzo;M;;;
Cora;M;;;
Coral;M;;;
Cordelia;M;;;
Corina;M;;;
CORONEL;M;;;
Cosme;M;;;
Cosntantino;M;;;
Costantino;M;;;
Costanza;M;;;
Crispin;M;;;
Cristal;M;;;
Cristaldo;M;;;
Cristhian;M;;;
Cristhopher;M;;;
Cristian;M;;;
Cristián;M;;;
Cristiano;M;;;
Cristina;M;;;
Cristobal;M;;;
Cristóbal;M;;;
Cristof;M;;;
Cristofer;M;;;
Cristopher;M;;;
Cruz;M;;;
Crystal;M;;;
Cynthia;M;;;
Cyntia;M;;;
Cyrano;M;;;
Daciano;M;;;
Dael;M;;;
Dafne;M;;;
Dago;M;;;
Dahian;M;;;
Dahiel;M;;;
Daiam;M;;;
Daian;M;;;
Daiana;M;;;
Daiki;M;;;
Daimont;M;;;
Dain;M;;;
Daira;M;;;
Dairo;M;;;
Daisy;M;;;
Dakota;M;;;
Dalan;M;;;
Dalcy;M;;;
Dalessandro;M;;;
Dalia;M;;;
Dalilla;M;;;
Daliza;M;;;
Dallyana;M;;;
Dalma;M;;;
Dalmiro;M;;;
Dalton;M;;;
Damasia;M;;;
Damian;M;;;
Damián;M;;;
Dámian;M;;;
Damir;M;;;
Damy;M;;;
Dan;M;;;
Dana;M;;;
Danae;M;;;
Daner;M;;;
Dangelo;M;;;
Dani;M;;;
Dania;M;;;
Daniel;M;;;
Daniela;M;;;
Danilo;M;;;
Danna;M;;;
Danne;M;;;
Dannel;M;;;
Danner;M;;;
Danny;M;;;
Dante;M;;;
Danthe;M;;;
Danton;M;;;
Dantte;M;;;
Daphne;M;;;
Dara;M;;;
Darah;M;;;
Darel;M;;;
Darell;M;;;
Darian;M;;;
Dárian;M;;;
Dariana;M;;;
Dariel;M;;;
Darien;M;;;
Dario;M;;;
Darío;M;;;
Darius;M;;;
Darkiel;M;;;
Darle;M;;;
Darlin;M;;;
Darlín;M;;;
Darlyn;M;;;
Daron;M;;;
Darrell;M;;;
Darren;M;;;
Darryl;M;;;
Darwims;M;;;
Darwin;M;;;
Daryl;M;;;
Dasha;M;;;
Dastan;M;;;
Davi;M;;;
David;M;;;
Daviel;M;;;
Davis;M;;;
Dayana;M;;;
Dayline;M;;;
Dayner;M;;;
Daynor;M;;;
Dayra;M;;;
Dayron;M;;;
Deam;M;;;
Dean;M;;;
Debora;M;;;
Debran;M;;;
Debrán;M;;;
Decio;M;;;
Declan;M;;;
Dehian;M;;;
Deiam;M;;;
Deian;M;;;
Deían;M;;;
Deihan;M;;;
Deimar;M;;;
Deiner;M;;;
Deini;M;;;
Deivi;M;;;
Deivid;M;;;
Deivis;M;;;
Delfin;M;;;
Delfín;M;;;
Delfina;M;;;
Deliam;M;;;
Delmy;M;;;
Demetrio;M;;;
Demian;M;;;
Demián;M;;;
Démian;M;;;
Demir;M;;;
Denilson;M;;;
Denis;M;;;
Denise;M;;;
Denisse;M;;;
Dennis;M;;;
Denny;M;;;
Denzel;M;;;
Dereck;M;;;
Derek;M;;;
Derlis;M;;;
Desiree;M;;;
Desirée;M;;;
Destiny;M;;;
Deus;M;;;
Devik;M;;;
Devin;M;;;
Devran;M;;;
Dexter;M;;;
Deyco;M;;;
Deylan;M;;;
Deymar;M;;;
Deyvid;M;;;
Deyvis;M;;;
Dharius;M;;;
Dharma;M;;;
Diago;M;;;
Dian;M;;;
Diana;M;;;
Dianne;M;;;
Didier;M;;;
Dido;M;;;
Didy;M;;;
Dieberson;M;;;
Diego;M;;;
Dieter;M;;;
Dilam;M;;;
Dilan;M;;;
Dilara;M;;;
Dillan;M;;;
Dimas;M;;;
Dimitri;M;;;
Dino;M;;;
Dio;M;;;
Diógenes;M;;;
Diogo;M;;;
Dion;M;;;
Dión;M;;;
Dionel;M;;;
Dionicio;M;;;
Dionisio;M;;;
Diosnel;M;;;
Dismar;M;;;
Diwen;M;;;
Dixon;M;;;
Django;M;;;
Dohyeon;M;;;
Doiver;M;;;
Domenico;M;;;
Doménico;M;;;
Domingo;M;;;
Dominic;M;;;
Dóminic;M;;;
Dominick;M;;;
Dominicke;M;;;
Dominik;M;;;
Dominique;M;;;
Donald;M;;;
Donatella;M;;;
Donatello;M;;;
Donato;M;;;
Donatto;M;;;
Donna;M;;;
Dorian;M;;;
Dórian;M;;;
Dostin;M;;;
Douglas;M;;;
Draco;M;;;
Dremian;M;;;
Duban;M;;;
Dulce;M;;;
Dusan;M;;;
Dustin;M;;;
Dylan;M;;;
Dyland;M;;;
Dyllan;M;;;
Ebrain;M;;;
Eddie;M;;;
Eddy;M;;;
Eden;M;;;
Eder;M;;;
Ederson;M;;;
Edgar;M;;;
Edgard;M;;;
Edie;M;;;
Edilson;M;;;
Edin;M;;;
Edinson;M;;;
Edison;M;;;
Edmundo;M;;;
Edouard;M;;;
Edrian;M;;;
Edric;M;;;
Edrick;M;;;
Edson;M;;;
Edu;M;;;
Eduar;M;;;
Eduard;M;;;
Eduardo;M;;;
Eduart;M;;;
Edver;M;;;
Edward;M;;;
Edwin;M;;;
Edy;M;;;
Efraim;M;;;
Efrain;M;;;
Efraín;M;;;
Egidio;M;;;
Ehitan;M;;;
Ehitán;M;;;
Ehlian;M;;;
Ehuén;M;;;
Eial;M;;;
Eiam;M;;;
Eidan;M;;;
Eikel;M;;;
Eiki;M;;;
Eikki;M;;;
Eileen;M;;;
Einar;M;;;
Eitan;M;;;
Eitán;M;;;
Eitham;M;;;
Eithan;M;;;
Eithán;M;;;
Eíthan;M;;;
Eizan;M;;;
Ekaterina;M;;;
Ekenedirichukwu;M;;;
Elal;M;;;
Elam;M;;;
Elan;M;;;
Elba;M;;;
Elda;M;;;
Eleazar;M;;;
Elena;M;;;
Eleonora;M;;;
Elha;M;;;
Eli;M;;;
Eliab;M;;;
Eliah;M;;;
Eliahu;M;;;
Eliam;M;;;
Elian;M;;;
Elián;M;;;
Elían;M;;;
Eliana;M;;;
Elias;M;;;
Elías;M;;;
Elïas;M;;;
Eliau;M;;;
Eliazar;M;;;
Eliazer;M;;;
Eliceo;M;;;
Eliecer;M;;;
Eliel;M;;;
Elien;M;;;
Eliesser;M;;;
Eliezer;M;;;
Elif;M;;;
Eligio;M;;;
Elijah;M;;;
Elimelej;M;;;
Elina;M;;;
Elio;M;;;
Eliot;M;;;
Elioth;M;;;
Elisa;M;;;
Elisandro;M;;;
Eliseo;M;;;
Elisheba;M;;;
Eliza;M;;;
Elizabeth;M;;;
Ella;M;;;
Elliot;M;;;
Elmer;M;;;
Eloi;M;;;
Eloisa;M;;;
Eloísa;M;;;
Eloy;M;;;
Elsa;M;;;
Elsie;M;;;
Elton;M;;;
Eluney;M;;;
Elva;M;;;
Elvio;M;;;
Elvis;M;;;
Elyan;M;;;
Ema;M;;;
Emanuel;M;;;
Emelina;M;;;
Emerson;M;;;
Emibal;M;;;
Emil;M;;;
Emilano;M;;;
Emili;M;;;
Emilia;M;;;
Emiliana;M;;;
Emiliano;M;;;
Emilie;M;;;
Emilio;M;;;
Emily;M;;;
Émily;M;;;
Emir;M;;;
Emma;M;;;
Emmanuel;M;;;
Emmett;M;;;
Emy;M;;;
Emyly;M;;;
Eneas;M;;;
Enemias;M;;;
Ennio;M;;;
Enoc;M;;;
Enrico;M;;;
Enril;M;;;
Enrique;M;;;
Enso;M;;;
Enzo;M;;;
Enzzo;M;;;
Ephraim;M;;;
Eren;M;;;
Erian;M;;;
Eric;M;;;
Erica;M;;;
Erick;M;;;
Erik;M;;;
Erika;M;;;
Erikson;M;;;
Erikzen;M;;;
Erlan;M;;;
Erlin;M;;;
Ernesto;M;;;
Erny;M;;;
Eron;M;;;
Eros;M;;;
Ervis;M;;;
Erwin;M;;;
Esaú;M;;;
Esmael;M;;;
Esmeralda;M;;;
Esmerano;M;;;
Esperanza;M;;;
Essiel;M;;;
Estanislao;M;;;
Esteban;M;;;
Estefani;M;;;
Estefania;M;;;
Estefanía;M;;;
Estefano;M;;;
Estéfano;M;;;
Estefany;M;;;
Estelvina;M;;;
Ester;M;;;
Esther;M;;;
Etham;M;;;
Ethan;M;;;
Ethán;M;;;
Ethian;M;;;
Ethián;M;;;
Etienne;M;;;
Etson;M;;;
Eu;M;;;
Eugenia;M;;;
Eugenio;M;;;
Eulises;M;;;
Eulogio;M;;;
Eunice;M;;;
Eva;M;;;
Evaluna;M;;;
Evan;M;;;
Evander;M;;;
Evangelina;M;;;
Evangeline;M;;;
Evans;M;;;
Evanyelin;M;;;
Evaristo;M;;;
Evelina;M;;;
Evelyn;M;;;
Evelynn;M;;;
Ever;M;;;
Evolet;M;;;
Ewan;M;;;
Exequiel;M;;;
Eyal;M;;;
Eydam;M;;;
Eydan;M;;;
Eyden;M;;;
Eylul;M;;;
Eymi;M;;;
Eynar;M;;;
Eytan;M;;;
Eythan;M;;;
Ezel;M;;;
Ezequias;M;;;
Ezequías;M;;;
Ezequiel;M;;;
Eziel;M;;;
Ezio;M;;;
Ezra;M;;;
Fabian;M;;;
Fabián;M;;;
Fabio;M;;;
Fabiola;M;;;
Fabriccio;M;;;
Fabricio;M;;;
Fabritzio;M;;;
Fabrizio;M;;;
Fabrizzio;M;;;
Facundo;M;;;
Fadhila;M;;;
Faiez;M;;;
Fara;M;;;
Farid;M;;;
Farida;M;;;
Faruk;M;;;
Faryd;M;;;
Fatima;M;;;
Fátima;M;;;
Faustina;M;;;
Faustino;M;;;
Fausto;M;;;
Favio;M;;;
Fayer;M;;;
Fede;M;;;
Federica;M;;;
Federico;M;;;
Fedjina;M;;;
Feliciano;M;;;
Felicitas;M;;;
Feliks;M;;;
Felipe;M;;;
Felix;M;;;
Félix;M;;;
Ferco;M;;;
Fermin;M;;;
Fermín;M;;;
Fermìn;M;;;
Fernanda;M;;;
Fernando;M;;;
Ferran;M;;;
Fidel;M;;;
Filipa;M;;;
Filipo;M;;;
Filippa;M;;;
Filippo;M;;;
Filomena;M;;;
Fiona;M;;;
Fiorella;M;;;
Flavia;M;;;
Flavio;M;;;
Flor;M;;;
Flora;M;;;
Floreal;M;;;
Florencia;M;;;
Florencio;M;;;
Florentino;M;;;
Florian;M;;;
Florián;M;;;
Floyd;M;;;
Frailin;M;;;
Fran;M;;;
Franca;M;;;
Franccesca;M;;;
Franccesco;M;;;
Francesca;M;;;
Francesco;M;;;
Franchesca;M;;;
Franchesco;M;;;
Francine;M;;;
Francino;M;;;
Francis;M;;;
Francisca;M;;;
Francisco;M;;;
Franco;M;;;
Francy;M;;;
Frank;M;;;
Franklin;M;;;
Franko;M;;;
Frans;M;;;
Fransua;M;;;
Franz;M;;;
Freddy;M;;;
Frederick;M;;;
Fredy;M;;;
Freya;M;;;
Frida;M;;;
Fritz;M;;;
Froy;M;;;
Gabino;M;;;
Gabo;M;;;
Gabriel;M;;;
Gabriela;M;;;
Gadiel;M;;;
Gael;M;;;
Gaël;M;;;
Gaetano;M;;;
Gahel;M;;;
Gaia;M;;;
Gaitana;M;;;
Gal;M;;;
Gala;M;;;
Galadriel;M;;;
Galho;M;;;
Galilea;M;;;
Galileo;M;;;
Galip;M;;;
Galo;M;;;
Gamal;M;;;
Gamaliel;M;;;
Garen;M;;;
Garet;M;;;
Gareth;M;;;
Gariel;M;;;
Gary;M;;;
Gaspar;M;;;
Gaston;M;;;
Gastón;M;;;
Gauthier;M;;;
Ge;M;;;
Geancarlos;M;;;
Geanluca;M;;;
Gefferson;M;;;
Gema;M;;;
Gemita;M;;;
Gemma;M;;;
Genara;M;;;
Genaro;M;;;
Genesis;M;;;
Génesis;M;;;
Gennaro;M;;;
George;M;;;
Geovanni;M;;;
Geovanny;M;;;
Gerald;M;;;
Geraldine;M;;;
Gerard;M;;;
Gerardo;M;;;
Geremias;M;;;
Geremías;M;;;
German;M;;;
Germán;M;;;
Gernot;M;;;
Geronimo;M;;;
Gerónimo;M;;;
Gerson;M;;;
Gervasio;M;;;
Ghali;M;;;
Ghilmar;M;;;
Ghiro;M;;;
Gia;M;;;
Giam;M;;;
Giampiero;M;;;
Gian;M;;;
Giancarlo;M;;;
Gianella;M;;;
Gianfranco;M;;;
Gianluca;M;;;
Gianlucas;M;;;
Gianlucca;M;;;
Gianluigi;M;;;
Gianmarco;M;;;
Giann;M;;;
Gianna;M;;;
Gianni;M;;;
Giannluca;M;;;
Giano;M;;;
Gianpiero;M;;;
Gimena;M;;;
Gina;M;;;
Ginebra;M;;;
Gines;M;;;
Ginevra;M;;;
Ginno;M;;;
Gino;M;;;
Gio;M;;;
Gío;M;;;
Gioachino;M;;;
Giordano;M;;;
Giorgio;M;;;
Giovani;M;;;
Giovanna;M;;;
Giovanni;M;;;
Giovanno;M;;;
Giovanny;M;;;
Gisel;M;;;
Giulia;M;;;
Giuliana;M;;;
Giulianno;M;;;
Giuliano;M;;;
Giulliano;M;;;
Giuseppe;M;;;
Godfred;M;;;
Goel;M;;;
Gohan;M;;;
GONZALEZ;M;;;
Gonzalo;M;;;
Gonzálo;M;;;
Goran;M;;;
GORRINI;M;;;
Govinda;M;;;
Grecia;M;;;
Greco;M;;;
Grego;M;;;
Gregorio;M;;;
Gregory;M;;;
Grégory;M;;;
Greivin;M;;;
Greta;M;;;
Griselda;M;;;
Guadalupe;M;;;
Guazú;M;;;
Gudalupe;M;;;
Guido;M;;;
Guidon;M;;;
Guilad;M;;;
Guilbert;M;;;
Guillermina;M;;;
Guillermo;M;;;
Günther;M;;;
Gustavo;M;;;
GUTIERREZ;M;;;
Habid;M;;;
Hadasa;M;;;
Hadrian;M;;;
Hagop;M;;;
Haidar;M;;;
Haim;M;;;
Hajra;M;;;
Halil;M;;;
Halim;M;;;
Hallie;M;;;
Hamal;M;;;
Hamilton;M;;;
Hamza;M;;;
Han;M;;;
Hanna;M;;;
Hannah;M;;;
Hannes;M;;;
Hans;M;;;
Hansel;M;;;
Hao;M;;;
Hari;M;;;
Harold;M;;;
Harón;M;;;
Harper;M;;;
Harrison;M;;;
Haru;M;;;
Hasiel;M;;;
Hasmir;M;;;
Hassan;M;;;
Havier;M;;;
Hawái;M;;;
Haward;M;;;
Hayden;M;;;
Hayley;M;;;
Hazel;M;;;
Haziel;M;;;
Hebe;M;;;
Hector;M;;;
Héctor;M;;;
Hefesto;M;;;
Heicko;M;;;
Heidi;M;;;
Heidy;M;;;
Helen;M;;;
Helena;M;;;
Helenna;M;;;
Hellen;M;;;
Heloísa;M;;;
Helson;M;;;
Hendrick;M;;;
Henrry;M;;;
Henry;M;;;
Heodar;M;;;
Hércules;M;;;
Herlan;M;;;
Herman;M;;;
Hermann;M;;;
Hermé;M;;;
Hermes;M;;;
Hernan;M;;;
Hernán;M;;;
Heron;M;;;
Heydan;M;;;
Heydrick;M;;;
Heytan;M;;;
Hian;M;;;
Hikari;M;;;
Hilario;M;;;
Hilel;M;;;
Hipolito;M;;;
Hipólito;M;;;
Hiram;M;;;
Hirán;M;;;
Hiroshi;M;;;
Hodei;M;;;
Holdemar;M;;;
Holly;M;;;
Homero;M;;;
Honorio;M;;;
Horacio;M;;;
Horus;M;;;
Hoss;M;;;
Hovhannes;M;;;
Hugo;M;;;
Huilen;M;;;
Humberto;M;;;
Iaacob;M;;;
Iaacov;M;;;
Iacob;M;;;
Iacov;M;;;
Iago;M;;;
Iair;M;;;
Iam;M;;;
Ian;M;;;
Ián;M;;;
Ían;M;;;
Ianh;M;;;
Ianko;M;;;
Iankoff;M;;;
Ianluca;M;;;
Ianna;M;;;
Iara;M;;;
Ibán;M;;;
Ibrahim;M;;;
Idán;M;;;
Idans;M;;;
Idelberto;M;;;
Ideudith;M;;;
Iehuda;M;;;
Ieled;M;;;
Iganacio;M;;;
Igancio;M;;;
Ignaci;M;;;
Ignacio;M;;;
Ignacío;M;;;
Ignazi;M;;;
Ignazio;M;;;
Igor;M;;;
Iham;M;;;
Ihan;M;;;
Ihosick;M;;;
IIán;M;;;
Ikal;M;;;
Iker;M;;;
Íker;M;;;
Ilai;M;;;
Ilan;M;;;
Ilán;M;;;
Ilana;M;;;
Ilario;M;;;
Ilawi;M;;;
Ilay;M;;;
Ilhan;M;;;
Ilia;M;;;
Ilse;M;;;
Imanol;M;;;
Ina;M;;;
Inci;M;;;
Indalecio;M;;;
India;M;;;
Indiana;M;;;
Indio;M;;;
Indira;M;;;
Indra;M;;;
Ines;M;;;
Inés;M;;;
Ingrid;M;;;
Inhar;M;;;
Inna;M;;;
Inti;M;;;
Iñaki;M;;;
Iñaky;M;;;
Iñaqui;M;;;
Iñigo;M;;;
Íñigo;M;;;
Io;M;;;
Ioel;M;;;
Ionatan;M;;;
Ioni;M;;;
Iorio;M;;;
Iosef;M;;;
Ioseff;M;;;
Ioshua;M;;;
Iosu;M;;;
Iotzua;M;;;
Iran;M;;;
Irelia;M;;;
Iren;M;;;
Irene;M;;;
Irina;M;;;
Irinea;M;;;
Iris;M;;;
Irma;M;;;
Irupe;M;;;
Irupé;M;;;
Irvin;M;;;
Isaac;M;;;
Isaak;M;;;
Isabel;M;;;
Isabela;M;;;
Isabella;M;;;
Isac;M;;;
Isael;M;;;
Isaí;M;;;
Isaias;M;;;
Isaías;M;;;
Isajar;M;;;
Isbac;M;;;
Ishai;M;;;
Isidoro;M;;;
Isidro;M;;;
Isis;M;;;
Ismael;M;;;
Israel;M;;;
Issac;M;;;
Italo;M;;;
Ítalo;M;;;
Itam;M;;;
Itamar;M;;;
Itan;M;;;
Itanú;M;;;
Itay;M;;;
Ithan;M;;;
Ithiel;M;;;
Itiel;M;;;
Itziar;M;;;
Itzjak;M;;;
Ivan;M;;;
Iván;M;;;
Ivana;M;;;
Ivanna;M;;;
Ivar;M;;;
Ives;M;;;
Ivo;M;;;
Iz;M;;;
Izan;M;;;
Izán;M;;;
Ízan;M;;;
Izar;M;;;
Iziano;M;;;
Jaan;M;;;
Jaanai;M;;;
Jacinta;M;;;
Jacinto;M;;;
Jack;M;;;
Jackson;M;;;
Jaco;M;;;
Jacob;M;;;
Jacobo;M;;;
Jacques;M;;;
Jade;M;;;
Jaden;M;;;
Jadhiel;M;;;
Jadiel;M;;;
Jael;M;;;
Jafet;M;;;
Jahaziel;M;;;
Jahir;M;;;
Jai;M;;;
Jaider;M;;;
Jaim;M;;;
Jaime;M;;;
Jaina;M;;;
Jair;M;;;
Jairo;M;;;
Jake;M;;;
Jalil;M;;;
Jamail;M;;;
Jamal;M;;;
James;M;;;
Jamil;M;;;
Jan;M;;;
Jana;M;;;
Janiel;M;;;
Janine;M;;;
Janis;M;;;
Janna;M;;;
Janno;M;;;
Jano;M;;;
Jaqueline;M;;;
Jared;M;;;
Jarol;M;;;
Jarom;M;;;
Jarrod;M;;;
Jasiel;M;;;
Jasmin;M;;;
Jason;M;;;
Jassy;M;;;
Jatson;M;;;
Javadd;M;;;
Javier;M;;;
Jaycko;M;;;
Jaycob;M;;;
Jayden;M;;;
Jaylen;M;;;
Jayro;M;;;
Jazhiel;M;;;
Jaziel;M;;;
Jazly;M;;;
Jazmin;M;;;
Jazmín;M;;;
Jean;M;;;
Jeancarlo;M;;;
Jeanluca;M;;;
Jeanpierre;M;;;
Jeferson;M;;;
Jefersson;M;;;
Jefferson;M;;;
Jehico;M;;;
Jehiel;M;;;
Jeisy;M;;;
Jenaro;M;;;
Jennifer;M;;;
Jensen;M;;;
Jeremias;M;;;
Jeremías;M;;;
Jeremy;M;;;
Jerico;M;;;
Jerome;M;;;
Jeromme;M;;;
Jeronimo;M;;;
Jerónimo;M;;;
Jerry;M;;;
Jerusalen;M;;;
Jeshua;M;;;
Jesse;M;;;
Jessia;M;;;
Jessica;M;;;
Jesus;M;;;
Jesús;M;;;
Jeyco;M;;;
Jeyko;M;;;
Jeyson;M;;;
Jeziel;M;;;
Jhack;M;;;
Jhadiel;M;;;
Jhael;M;;;
Jhaeson;M;;;
Jhahel;M;;;
Jhair;M;;;
Jhaison;M;;;
Jhamil;M;;;
Jhan;M;;;
Jhanna;M;;;
Jhano;M;;;
Jhaquelin;M;;;
Jhared;M;;;
Jhean;M;;;
Jheferson;M;;;
Jheicol;M;;;
Jheiden;M;;;
Jheims;M;;;
Jheremy;M;;;
Jheycob;M;;;
Jheyko;M;;;
Jheyson;M;;;
Jhimy;M;;;
Jhisel;M;;;
Jhissel;M;;;
Jhoan;M;;;
Jhoana;M;;;
Jhoancis;M;;;
Jhoans;M;;;
Jhoel;M;;;
Jhohan;M;;;
Jhojan;M;;;
Jhon;M;;;
Jhonael;M;;;
Jhonás;M;;;
Jhonatan;M;;;
Jhonathan;M;;;
Jhonn;M;;;
Jhonny;M;;;
Jhons;M;;;
Jhony;M;;;
Jhordan;M;;;
Jhordy;M;;;
Jhorel;M;;;
Jhosep;M;;;
Jhosias;M;;;
Jhostin;M;;;
Jhosua;M;;;
Jhosue;M;;;
Jhunior;M;;;
Jhuniors;M;;;
Jian;M;;;
Jianna;M;;;
Jiayu;M;;;
Jim;M;;;
Jimena;M;;;
JIMENEZ;M;;;
Jimmy;M;;;
Jimy;M;;;
Joaco;M;;;
Joahn;M;;;
Joakin;M;;;
Joan;M;;;
Joaneli;M;;;
Joao;M;;;
João;M;;;
Joaquim;M;;;
Joaquin;M;;;
Joaquín;M;;;
Joaquina;M;;;
Joas;M;;;
Job;M;;;
Jocelyn;M;;;
Joe;M;;;
Joel;M;;;
Joey;M;;;
Joffre;M;;;
Joham;M;;;
Johan;M;;;
Johán;M;;;
Johana;M;;;
Johann;M;;;
Johel;M;;;
John;M;;;
Johnnatan;M;;;
Johnny;M;;;
Jois;M;;;
Jolie;M;;;
Jon;M;;;
Jonas;M;;;
Jonás;M;;;
Jonatan;M;;;
Jonathan;M;;;
Joni;M;;;
Joquin;M;;;
Jordan;M;;;
Jordán;M;;;
Jordi;M;;;
Jordy;M;;;
Jorel;M;;;
Jorge;M;;;
Jorlyn;M;;;
Jose;M;;;
José;M;;;
Josef;M;;;
Josefina;M;;;
Joselin;M;;;
Josely;M;;;
Joselyn;M;;;
Josemaria;M;;;
Joseph;M;;;
Joshua;M;;;
Joshue;M;;;
Joshué;M;;;
Josias;M;;;
Josías;M;;;
Jossed;M;;;
Josseph;M;;;
Jossue;M;;;
Josue;M;;;
Josué;M;;;
Jowel;M;;;
Jowell;M;;;
Joy;M;;;
Juan;M;;;
Juana;M;;;
Juance;M;;;
Juani;M;;;
Juanita;M;;;
Juanjo;M;;;
Juanmanuel;M;;;
Juano;M;;;
Juanse;M;;;
Juaquin;M;;;
Juaquín;M;;;
Juel;M;;;
Julen;M;;;
Julene;M;;;
Julia;M;;;
Julian;M;;;
Julián;M;;;
Julían;M;;;
Juliana;M;;;
Julianna;M;;;
Juliano;M;;;
Julie;M;;;
Julié;M;;;
Julien;M;;;
Julién;M;;;
Juliet;M;;;
Julieta;M;;;
Julietta;M;;;
Juliette;M;;;
Julio;M;;;
Julliette;M;;;
Jun;M;;;
Juninho;M;;;
Junior;M;;;
Juniors;M;;;
Juno;M;;;
Junxi;M;;;
Justin;M;;;
Justín;M;;;
Justina;M;;;
Justino;M;;;
Justo;M;;;
Juthiel;M;;;
Kabir;M;;;
Kadil;M;;;
Kadir;M;;;
Kael;M;;;
Kaél;M;;;
Kai;M;;;
Kaí;M;;;
Kaidan;M;;;
Kaiel;M;;;
Kailani;M;;;
Kairel;M;;;
Kairo;M;;;
Kaiser;M;;;
Kala;M;;;
Kalani;M;;;
Kaleb;M;;;
Kaled;M;;;
Kalei;M;;;
Kalel;M;;;
Kalem;M;;;
Kalen;M;;;
Kalet;M;;;
Kaleth;M;;;
Kalev;M;;;
Kalevi;M;;;
Kalina;M;;;
Kalmen;M;;;
Kalua;M;;;
Kamil;M;;;
Kamila;M;;;
Kamill;M;;;
Kamilo;M;;;
Kan;M;;;
Kang;M;;;
Karen;M;;;
Karim;M;;;
Karina;M;;;
Karla;M;;;
Karol;M;;;
Karolly;M;;;
Katerina;M;;;
Katherine;M;;;
Kathya;M;;;
Katia;M;;;
Katie;M;;;
Katja;M;;;
Katriel;M;;;
Katya;M;;;
Kavan;M;;;
Kavi;M;;;
Kay;M;;;
Kayden;M;;;
Kayla;M;;;
Kaylo;M;;;
Kazuo;M;;;
Keanu;M;;;
Keds;M;;;
Keeytd;M;;;
Kehir;M;;;
Kei;M;;;
Keibel;M;;;
Keidan;M;;;
Keiden;M;;;
Keider;M;;;
Keila;M;;;
Keily;M;;;
Keira;M;;;
Keischler;M;;;
Keison;M;;;
Kelaía;M;;;
Kellin;M;;;
Kely;M;;;
Ken;M;;;
Kenai;M;;;
Kenan;M;;;
Kenay;M;;;
Kendall;M;;;
Kendo;M;;;
Kendrick;M;;;
Kendry;M;;;
Kenji;M;;;
Kenneth;M;;;
Kenny;M;;;
Kenshiro;M;;;
Kentaro;M;;;
Kento;M;;;
Keny;M;;;
Kenyi;M;;;
Kenyon;M;;;
Kenzo;M;;;
Keoma;M;;;
Kerem;M;;;
Keren;M;;;
Kerim;M;;;
Kerin;M;;;
Kerín;M;;;
Kerry;M;;;
Kevel;M;;;
Kevin;M;;;
Kevnael;M;;;
Keybi;M;;;
Keyla;M;;;
Keyler;M;;;
Keylor;M;;;
Keyner;M;;;
Khadim;M;;;
Khaled;M;;;
Khaleesi;M;;;
Khalid;M;;;
Khalil;M;;;
Khiara;M;;;
Khloe;M;;;
Khristian;M;;;
Kiaan;M;;;
Kiam;M;;;
Kiamy;M;;;
Kian;M;;;
Kián;M;;;
Kiano;M;;;
Kiara;M;;;
Kiel;M;;;
Kieran;M;;;
Kikey;M;;;
Kiliam;M;;;
Kilian;M;;;
Killiam;M;;;
Killian;M;;;
Kilyan;M;;;
Kilyann;M;;;
Kim;M;;;
Kimberly;M;;;
Kimey;M;;;
Kimi;M;;;
Kinan;M;;;
Kintaro;M;;;
Kioshi;M;;;
Kira;M;;;
Kirill;M;;;
Kitaro;M;;;
Klaus;M;;;
Klay;M;;;
Kloy;M;;;
Koa;M;;;
Konstantin;M;;;
Kristel;M;;;
Kristen;M;;;
Kristopher;M;;;
Kume;M;;;
Kunaq;M;;;
Kunturi;M;;;
Kurt;M;;;
Kusai;M;;;
Kusi;M;;;
Kyara;M;;;
Kyle;M;;;
Kyliam;M;;;
Kylian;M;;;
Kyo;M;;;
Ladislao;M;;;
Lael;M;;;
Lahionel;M;;;
Laia;M;;;
Laian;M;;;
Laion;M;;;
Laionel;M;;;
Laira;M;;;
Laird;M;;;
Lalo;M;;;
Lan;M;;;
Lancelot;M;;;
Landon;M;;;
Lara;M;;;
Larami;M;;;
Laren;M;;;
Lars;M;;;
Laszlo;M;;;
Latoya;M;;;
Laura;M;;;
Laureano;M;;;
Laurencio;M;;;
Laureno;M;;;
Laurent;M;;;
Lauriano;M;;;
Lautaro;M;;;
Lawrence;M;;;
Layonel;M;;;
Lazar;M;;;
Lazaro;M;;;
Lázaro;M;;;
Lazzaro;M;;;
Lea;M;;;
Lean;M;;;
Leandro;M;;;
Leao;M;;;
Lebron;M;;;
Leda;M;;;
Lee;M;;;
Leebrián;M;;;
Leia;M;;;
Leidy;M;;;
Leila;M;;;
Leire;M;;;
Leivi;M;;;
Lemmy;M;;;
Lemuel;M;;;
Lena;M;;;
Lenay;M;;;
Lenka;M;;;
Lenna;M;;;
Lennon;M;;;
Lenny;M;;;
Leo;M;;;
Leon;M;;;
León;M;;;
Leòn;M;;;
Léon;M;;;
Leona;M;;;
Leonard;M;;;
Leonardo;M;;;
Leoncio;M;;;
Leone;M;;;
Leonel;M;;;
Leonela;M;;;
Leonidas;M;;;
Leónidas;M;;;
Leonnel;M;;;
Leonor;M;;;
Leopoldo;M;;;
Leroy;M;;;
Leslie;M;;;
Leticia;M;;;
Lev;M;;;
Levi;M;;;
Levon;M;;;
Levón;M;;;
Levy;M;;;
Lexa;M;;;
Lexs;M;;;
Lexter;M;;;
Leydiba;M;;;
Leyla;M;;;
Leyton;M;;;
Lhiam;M;;;
Lhian;M;;;
Lhoan;M;;;
Lia;M;;;
Lía;M;;;
Liah;M;;;
Liam;M;;;
Liám;M;;;
Líam;M;;;
Liams;M;;;
Lian;M;;;
Lián;M;;;
Lían;M;;;
Liana;M;;;
Liang;M;;;
Líbero;M;;;
Libertad;M;;;
Lican;M;;;
Lider;M;;;
Lidia;M;;;
Liesel;M;;;
Liev;M;;;
Liham;M;;;
Lihan;M;;;
Lihue;M;;;
Lihué;M;;;
Lihuel;M;;;
Lihuen;M;;;
Lihuén;M;;;
Lila;M;;;
Lilian;M;;;
Limay;M;;;
Limber;M;;;
Limberth;M;;;
Lin;M;;;
Lina;M;;;
Lino;M;;;
Lio;M;;;
Lío;M;;;
Liom;M;;;
Lion;M;;;
Lionardo;M;;;
Lionel;M;;;
Líonel;M;;;
Lioneol;M;;;
Lior;M;;;
Lisa;M;;;
Lisandro;M;;;
Lisber;M;;;
Lisbeth;M;;;
Liseth;M;;;
Lissa;M;;;
Lissandro;M;;;
Lisset;M;;;
Lito;M;;;
Livio;M;;;
Liz;M;;;
Lizandro;M;;;
Lizbeth;M;;;
Lizeth;M;;;
Llanka;M;;;
Lleo;M;;;
Loan;M;;;
Loana;M;;;
Lobo;M;;;
Loen;M;;;
Logan;M;;;
Loghan;M;;;
Loham;M;;;
Lohan;M;;;
Lola;M;;;
LOPEZ;M;;;
Lorenzo;M;;;
Lorien;M;;;
Lorna;M;;;
Lou;M;;;
Lourdes;M;;;
Lua;M;;;
Lúa;M;;;
Luam;M;;;
Luan;M;;;
Luán;M;;;
Luana;M;;;
Luanna;M;;;
Luc;M;;;
Luca;M;;;
Lucas;M;;;
Lucca;M;;;
Luccas;M;;;
Luccianna;M;;;
Lucciano;M;;;
Lucero;M;;;
Luchiano;M;;;
Lucia;M;;;
Lucía;M;;;
Lucian;M;;;
Lúcian;M;;;
Luciana;M;;;
Luciano;M;;;
Luciel;M;;;
Lucien;M;;;
Lucila;M;;;
Lucio;M;;;
Lúcio;M;;;
Lucrecia;M;;;
Lucy;M;;;
Lucyan;M;;;
Ludmila;M;;;
Ludovico;M;;;
Ludwig;M;;;
Luhan;M;;;
Luhiam;M;;;
Luhian;M;;;
Luhiel;M;;;
Luian;M;;;
Luián;M;;;
Luie;M;;;
Luiggi;M;;;
Luigi;M;;;
Luis;M;;;
Luís;M;;;
Luisa;M;;;
Luisana;M;;;
Luisiana;M;;;
Luisina;M;;;
Luiz;M;;;
Lujan;M;;;
Luka;M;;;
Lukas;M;;;
Lukasz;M;;;
Luke;M;;;
Luken;M;;;
Lukin;M;;;
Lukyan;M;;;
Luma;M;;;
Luna;M;;;
Lunnay;M;;;
Luno;M;;;
Lupe;M;;;
Lurdes;M;;;
Luz;M;;;
Lyaam;M;;;
Lyam;M;;;
Lyan;M;;;
Lynmara;M;;;
Lyon;M;;;
Lyón;M;;;
Lyor;M;;;
Maaian;M;;;
Mabel;M;;;
Macarena;M;;;
Maceo;M;;;
Maciel;M;;;
Maddison;M;;;
Maddox;M;;;
Madeeha;M;;;
Madeleine;M;;;
Madeline;M;;;
Madelyn;M;;;
Madison;M;;;
Madox;M;;;
Mae;M;;;
Mael;M;;;
Maelo;M;;;
Magali;M;;;
Magalí;M;;;
Magda;M;;;
Magdalena;M;;;
Magdiel;M;;;
Maggui;M;;;
Magin;M;;;
Magno;M;;;
Magnolia;M;;;
Mahatma;M;;;
Mahicol;M;;;
Mahir;M;;;
Maia;M;;;
Maian;M;;;
Maica;M;;;
Maickol;M;;;
Maico;M;;;
Maicol;M;;;
Maicon;M;;;
Maiia;M;;;
Maik;M;;;
Maika;M;;;
Maikel;M;;;
Maiko;M;;;
Maikol;M;;;
Mailen;M;;;
Mailén;M;;;
Maily;M;;;
Mainé;M;;;
Maiquel;M;;;
Maira;M;;;
Maite;M;;;
Maité;M;;;
Maitena;M;;;
Maithe;M;;;
Maiver;M;;;
Maiyar;M;;;
Majida;M;;;
Maksim;M;;;
Malachy;M;;;
Malaika;M;;;
Malakai;M;;;
Malaquías;M;;;
Malcolm;M;;;
Malek;M;;;
Malena;M;;;
Malik;M;;;
Mallki;M;;;
Malorie;M;;;
Malú;M;;;
Malvina;M;;;
Mame;M;;;
Manajem;M;;;
Manet;M;;;
Manlio;M;;;
Mannuel;M;;;
Manolo;M;;;
Manon;M;;;
Manu;M;;;
Manú;M;;;
Manuel;M;;;
Manuela;M;;;
Mao;M;;;
Maor;M;;;
Mara;M;;;
Marc;M;;;
Marcco;M;;;
Marcel;M;;;
Marcela;M;;;
Marcelino;M;;;
Marcello;M;;;
Marcelo;M;;;
Marchello;M;;;
Marcial;M;;;
Marcio;M;;;
Marck;M;;;
Marco;M;;;
Marcos;M;;;
Marcus;M;;;
Marcuz;M;;;
Marek;M;;;
Márek;M;;;
Margareth;M;;;
Margarita;M;;;
Margoth;M;;;
Maria;M;;;
María;M;;;
Mariam;M;;;
Marian;M;;;
Mariana;M;;;
Mariano;M;;;
Maricielo;M;;;
Marie;M;;;
Marielieth;M;;;
Mariham;M;;;
Marilyn;M;;;
Marina;M;;;
Marinet;M;;;
Marino;M;;;
Mario;M;;;
Marjorie;M;;;
Mark;M;;;
Marko;M;;;
Markus;M;;;
Marlene;M;;;
Marley;M;;;
Marlin;M;;;
Marlon;M;;;
Maro;M;;;
Maron;M;;;
Marthyna;M;;;
Martí;M;;;
Martin;M;;;
Martín;M;;;
Martina;M;;;
Martiniano;M;;;
Martino;M;;;
Marty;M;;;
Marus;M;;;
Marvin;M;;;
Maryam;M;;;
Marylin;M;;;
Masha;M;;;
Mashuel;M;;;
Mashumi;M;;;
Mason;M;;;
Massimiliano;M;;;
Massimo;M;;;
Mássimo;M;;;
Mateo;M;;;
Mateos;M;;;
Mateus;M;;;
Matheo;M;;;
Matheus;M;;;
Mathew;M;;;
Mathews;M;;;
Mathias;M;;;
Mathías;M;;;
Mathiel;M;;;
Mathieu;M;;;
Mathilda;M;;;
Mathis;M;;;
Matias;M;;;
Matías;M;;;
Matìas;M;;;
Matiel;M;;;
Matilda;M;;;
Matilde;M;;;
Matius;M;;;
Matoe;M;;;
Mats;M;;;
Matteo;M;;;
Matteos;M;;;
Mattheo;M;;;
Matthew;M;;;
Matthias;M;;;
Mattia;M;;;
Matzú;M;;;
Maui;M;;;
Maura;M;;;
Mauri;M;;;
Mauricio;M;;;
Mauriño;M;;;
Maurizio;M;;;
Mauro;M;;;
Maurya;M;;;
Maverick;M;;;
Max;M;;;
Maxel;M;;;
Maxi;M;;;
Maxim;M;;;
Maximiano;M;;;
Maximilano;M;;;
Maximilian;M;;;
Maximiliano;M;;;
Maximino;M;;;
Máximio;M;;;
Maximo;M;;;
Maxímo;M;;;
Máximo;M;;;
Maximos;M;;;
Maximus;M;;;
Maxwell;M;;;
Maxziel;M;;;
Maya;M;;;
Maycol;M;;;
Maycoll;M;;;
Maycon;M;;;
Maycón;M;;;
Mayerlin;M;;;
Mayerly;M;;;
Maykel;M;;;
Maykol;M;;;
Maylen;M;;;
Maylin;M;;;
Maylo;M;;;
Maylon;M;;;
Mayra;M;;;
Mayron;M;;;
Mayte;M;;;
Mayumi;M;;;
Medardo;M;;;
Medel;M;;;
Megan;M;;;
Meghan;M;;;
Meir;M;;;
Melanie;M;;;
Melanny;M;;;
Melany;M;;;
Melec;M;;;
Melek;M;;;
Melgar;M;;;
Melian;M;;;
Melina;M;;;
Meliodas;M;;;
Melisa;M;;;
Melodi;M;;;
Melody;M;;;
Melvin;M;;;
Menachem;M;;;
Menajem;M;;;
Mendel;M;;;
MENDEZ;M;;;
Mendi;M;;;
Mendy;M;;;
Mercedes;M;;;
Mercury;M;;;
Merlí;M;;;
Mérli;M;;;
Merlin;M;;;
Merlín;M;;;
Merlina;M;;;
Mero;M;;;
Meruem;M;;;
Mia;M;;;
Mía;M;;;
Miah;M;;;
Micael;M;;;
Micaela;M;;;
Micaias;M;;;
Michael;M;;;
Michel;M;;;
Michele;M;;;
Michell;M;;;
Michelle;M;;;
Mickeas;M;;;
Míes;M;;;
Migueas;M;;;
Miguel;M;;;
Mihail;M;;;
Mijael;M;;;
Mijail;M;;;
Mijal;M;;;
Mijhael;M;;;
Mijian;M;;;
Mik;M;;;
Mika;M;;;
Mikael;M;;;
Mike;M;;;
Mikeas;M;;;
Mikeila;M;;;
Mikel;M;;;
Mikena;M;;;
Mikhael;M;;;
Mikhail;M;;;
Mikko;M;;;
Mila;M;;;
Milagro;M;;;
Milagros;M;;;
Milan;M;;;
Milán;M;;;
Milano;M;;;
Milciade;M;;;
Milciades;M;;;
Milder;M;;;
Mile;M;;;
Mileidy;M;;;
Milena;M;;;
Milenko;M;;;
Mileno;M;;;
Miler;M;;;
Milet;M;;;
Mileva;M;;;
Miley;M;;;
Milian;M;;;
Milito;M;;;
Milko;M;;;
Millan;M;;;
Millán;M;;;
Miller;M;;;
Millie;M;;;
Milner;M;;;
Milo;M;;;
Milos;M;;;
Milovan;M;;;
Milton;M;;;
Miltón;M;;;
Mina;M;;;
Minerva;M;;;
Minoru;M;;;
Miqueas;M;;;
Mirac;M;;;
Miranda;M;;;
Mirco;M;;;
Mirella;M;;;
Mirka;M;;;
Mirko;M;;;
Miro;M;;;
Miroslav;M;;;
Mirosmar;M;;;
Misael;M;;;
Misaki;M;;;
Mishel;M;;;
Mitchell;M;;;
Mizael;M;;;
Moana;M;;;
Modrich;M;;;
Mohamed;M;;;
Mohammad;M;;;
Mohammed;M;;;
Moira;M;;;
Moises;M;;;
Moisés;M;;;
Monserrat;M;;;
Monte;M;;;
Mora;M;;;
Moran;M;;;
Morat;M;;;
Mordejai;M;;;
Morea;M;;;
Morella;M;;;
Morena;M;;;
Moreno;M;;;
Morgan;M;;;
Morgana;M;;;
Moro;M;;;
Morrison;M;;;
Moshe;M;;;
Moshé;M;;;
Muna;M;;;
Munay;M;;;
Murat;M;;;
Murhaf;M;;;
Muriel;M;;;
Mustafá;M;;;
Mylan;M;;;
Myles;M;;;
Mylo;M;;;
Mytackson;M;;;
Naaman;M;;;
Naaron;M;;;
Nabil;M;;;
Nacho;M;;;
Nadia;M;;;
Nadiel;M;;;
Nadine;M;;;
Nadir;M;;;
Nael;M;;;
Naela;M;;;
Nagual;M;;;
Nahel;M;;;
Nahiara;M;;;
Nahiel;M;;;
Nahieli;M;;;
Nahir;M;;;
Nahira;M;;;
Nahitan;M;;;
Nahitán;M;;;
Nahítan;M;;;
Nahomi;M;;;
Nahuel;M;;;
Nahum;M;;;
Nahúm;M;;;
Nahun;M;;;
Nahyara;M;;;
Naiam;M;;;
Naiara;M;;;
Naiguel;M;;;
Nail;M;;;
Naila;M;;;
Naim;M;;;
Naíma;M;;;
Nair;M;;;
Nairo;M;;;
Nairobik;M;;;
Naitan;M;;;
Naithan;M;;;
Naithán;M;;;
Nákel;M;;;
Nala;M;;;
Namasté;M;;;
Nancy;M;;;
Nano;M;;;
Nanuk;M;;;
Nao;M;;;
Naomi;M;;;
Napoleón;M;;;
Nápoli;M;;;
Narayan;M;;;
Narciso;M;;;
Nare;M;;;
Narek;M;;;
Narella;M;;;
Naren;M;;;
Nariman;M;;;
Narzon;M;;;
Nashaly;M;;;
Nashla;M;;;
Nasim;M;;;
Nasir;M;;;
Nasly;M;;;
Natacha;M;;;
Natael;M;;;
Natahel;M;;;
Natahiel;M;;;
Natalia;M;;;
Natalie;M;;;
Natalio;M;;;
Nataly;M;;;
Natan;M;;;
Natán;M;;;
Natanael;M;;;
Natanahel;M;;;
Nataniel;M;;;
Natañiel;M;;;
Natasha;M;;;
Nathael;M;;;
Nathaiel;M;;;
Nathalie;M;;;
Nathaly;M;;;
Nathan;M;;;
Nathán;M;;;
Nathanael;M;;;
Nathaniel;M;;;
Nathano;M;;;
Natiel;M;;;
Natsumi;M;;;
Nauel;M;;;
Naumi;M;;;
NAVARRETE;M;;;
Naydely;M;;;
Nayeli;M;;;
Nayerli;M;;;
Nayla;M;;;
Nayled;M;;;
Naytan;M;;;
Naythan;M;;;
Nazar;M;;;
Nazarena;M;;;
Nazareno;M;;;
Nazareth;M;;;
Nazario;M;;;
Nazly;M;;;
Neela;M;;;
Neemias;M;;;
Neferet;M;;;
Nefi;M;;;
Nehemias;M;;;
Nehemías;M;;;
Nehen;M;;;
Nehian;M;;;
Nehiel;M;;;
Nehitan;M;;;
Nehuel;M;;;
Nehuen;M;;;
Nehuén;M;;;
Neiber;M;;;
Neidan;M;;;
Neider;M;;;
Neiel;M;;;
Neil;M;;;
Neilan;M;;;
Neimar;M;;;
Neitan;M;;;
Neithan;M;;;
Neizan;M;;;
Nelson;M;;;
Nemias;M;;;
Nemo;M;;;
Neo;M;;;
Nerea;M;;;
Nereo;M;;;
Neri;M;;;
Nerina;M;;;
Nero;M;;;
Nerón;M;;;
Nery;M;;;
Nesli;M;;;
Nesta;M;;;
Nestor;M;;;
Néstor;M;;;
Netanel;M;;;
Neuer;M;;;
Never;M;;;
Nevis;M;;;
Newen;M;;;
Newén;M;;;
Ney;M;;;
Neydan;M;;;
Neyen;M;;;
Neyer;M;;;
Neyla;M;;;
Neymar;M;;;
Neytan;M;;;
Neythan;M;;;
Nia;M;;;
Niall;M;;;
Nicanor;M;;;
Nicasio;M;;;
Nicco;M;;;
Niceto;M;;;
Nicholas;M;;;
Nick;M;;;
Nicko;M;;;
Nickolas;M;;;
Nicky;M;;;
Nico;M;;;
Nicol;M;;;
Nicola;M;;;
Nicolas;M;;;
Nicolás;M;;;
Nicolàs;M;;;
Nícolas;M;;;
Nicole;M;;;
Nicolino;M;;;
Nicolle;M;;;
Nicoló;M;;;
Nieves;M;;;
Nigan;M;;;
Nigüel;M;;;
Nihuel;M;;;
Nikki;M;;;
Niklas;M;;;
Niklaus;M;;;
Níklauss;M;;;
Niko;M;;;
Nikola;M;;;
Nikolai;M;;;
Nikolay;M;;;
Nil;M;;;
Nilda;M;;;
Nilo;M;;;
Nilson;M;;;
Nilton;M;;;
Nilüfer;M;;;
Nimrod;M;;;
Nina;M;;;
Ninna;M;;;
Ninno;M;;;
Nino;M;;;
Nisim;M;;;
Nison;M;;;
Nissim;M;;;
Nitai;M;;;
Nitza;M;;;
Niver;M;;;
Nizar;M;;;
Noa;M;;;
Noah;M;;;
Noaj;M;;;
Noam;M;;;
Noan;M;;;
Nochum;M;;;
Noe;M;;;
Noé;M;;;
Noel;M;;;
Noemi;M;;;
Noha;M;;;
Noham;M;;;
Nohan;M;;;
Nolan;M;;;
Nolasco;M;;;
Noor;M;;;
Norberto;M;;;
Noriel;M;;;
Norma;M;;;
Norman;M;;;
Nova;M;;;
Novak;M;;;
Noyer;M;;;
Numa;M;;;
Nuna;M;;;
Nuno;M;;;
NUÑEZ;M;;;
Nuoxi;M;;;
Nuriel;M;;;
Obadia;M;;;
Obadiá;M;;;
Ober;M;;;
Obinna;M;;;
Octavio;M;;;
Odin;M;;;
Ofelia;M;;;
Ohana;M;;;
Oihan;M;;;
Oladys;M;;;
Olaf;M;;;
Oleksandr;M;;;
Olga;M;;;
Ólide;M;;;
Olisis;M;;;
Oliva;M;;;
Oliver;M;;;
Óliver;M;;;
Oliverio;M;;;
Olivia;M;;;
Olivier;M;;;
Olvan;M;;;
Olvis;M;;;
Omalu;M;;;
Omar;M;;;
Omer;M;;;
Omi;M;;;
Oniel;M;;;
Oniria;M;;;
Onur;M;;;
Orel;M;;;
Oriana;M;;;
Orianna;M;;;
Oriel;M;;;
Orion;M;;;
Orión;M;;;
Orlando;M;;;
Ornela;M;;;
Ornella;M;;;
Orosco;M;;;
Osaias;M;;;
Oscar;M;;;
Oseias;M;;;
Oseías;M;;;
Osher;M;;;
Osias;M;;;
Osías;M;;;
Osiel;M;;;
Osiris;M;;;
Osman;M;;;
Osmán;M;;;
Osmar;M;;;
Osseias;M;;;
Ostin;M;;;
Óstin;M;;;
Osuna;M;;;
Osvaldo;M;;;
Othiel;M;;;
Otniel;M;;;
Otoniel;M;;;
Otto;M;;;
Ovadia;M;;;
Ovadiá;M;;;
Ovidio;M;;;
Owen;M;;;
Oziel;M;;;
Pablino;M;;;
Pablo;M;;;
Paco;M;;;
Padme;M;;;
Paloma;M;;;
Pamela;M;;;
Pampa;M;;;
Paolo;M;;;
Papa;M;;;
Paraná;M;;;
Paris;M;;;
París;M;;;
Páris;M;;;
Pascal;M;;;
Pascual;M;;;
Pastor;M;;;
Patricio;M;;;
Patrick;M;;;
Patrik;M;;;
Patryck;M;;;
Pau;M;;;
Paul;M;;;
Paúl;M;;;
Paula;M;;;
Paulina;M;;;
Paulo;M;;;
Pavel;M;;;
Paz;M;;;
Pedro;M;;;
Pehuen;M;;;
Pehuén;M;;;
Per;M;;;
Perceo;M;;;
Percy;M;;;
PEREZ;M;;;
Pericles;M;;;
Perla;M;;;
Perseo;M;;;
Peter;M;;;
Petra;M;;;
Philippe;M;;;
Phillipe;M;;;
Phoenix;M;;;
Pia;M;;;
Pía;M;;;
Pier;M;;;
Piere;M;;;
Pierina;M;;;
Pierino;M;;;
Piero;M;;;
Pierre;M;;;
Pietro;M;;;
Pilar;M;;;
Pincén;M;;;
Pinchas;M;;;
Pinjas;M;;;
Pío;M;;;
Pirlo;M;;;
Pitter;M;;;
Piuquén;M;;;
Placido;M;;;
Pol;M;;;
Polo;M;;;
Pool;M;;;
Priamo;M;;;
Prince;M;;;
Priscila;M;;;
Priyanka;M;;;
Pyros;M;;;
Pyton;M;;;
Quianlong;M;;;
Quimey;M;;;
Quino;M;;;
Quinto;M;;;
Rachel;M;;;
Radamel;M;;;
Rafa;M;;;
Rafael;M;;;
Rafaela;M;;;
Raffa;M;;;
Raffaello;M;;;
Raffi;M;;;
Ragnar;M;;;
Rahi;M;;;
Rahim;M;;;
Raí;M;;;
Raian;M;;;
Raían;M;;;
Raiden;M;;;
Rajel;M;;;
Rajuel;M;;;
Ralo;M;;;
Ralph;M;;;
Rama;M;;;
Ramiro;M;;;
Ramíro;M;;;
Ramiz;M;;;
Ramon;M;;;
Ramón;M;;;
Ramona;M;;;
Ramses;M;;;
Ramsés;M;;;
Randal;M;;;
Randall;M;;;
Randol;M;;;
Randú;M;;;
Randy;M;;;
Raoni;M;;;
Raphael;M;;;
Raphaël;M;;;
Raquel;M;;;
Rashid;M;;;
Raul;M;;;
Raúl;M;;;
Rayan;M;;;
Rayán;M;;;
Raymi;M;;;
Raymond;M;;;
Raymundo;M;;;
Razmik;M;;;
Rebeca;M;;;
Rebecca;M;;;
Rebeka;M;;;
Reggina;M;;;
Reggio;M;;;
Regina;M;;;
Reinaldo;M;;;
Remo;M;;;
Remy;M;;;
Rémy;M;;;
Ren;M;;;
Renán;M;;;
Renata;M;;;
Renatha;M;;;
Renato;M;;;
Renatta;M;;;
Renatto;M;;;
Rene;M;;;
René;M;;;
Renée;M;;;
Renn;M;;;
Rennata;M;;;
Renzo;M;;;
Renzzo;M;;;
Reuben;M;;;
Reubén;M;;;
Reuvén;M;;;
Rey;M;;;
Reymi;M;;;
Reynaldo;M;;;
Reyner;M;;;
Reynolds;M;;;
Rhiana;M;;;
Rhianna;M;;;
Rian;M;;;
Rianne;M;;;
Ricardo;M;;;
Richard;M;;;
Riduan;M;;;
Rigo;M;;;
Rilver;M;;;
Ringo;M;;;
Rino;M;;;
Rio;M;;;
Río;M;;;
Risko;M;;;
Rita;M;;;
Rito;M;;;
Riyan;M;;;
Roamir;M;;;
Robby;M;;;
Roben;M;;;
Robert;M;;;
Roberta;M;;;
Robertino;M;;;
Roberto;M;;;
Roberts;M;;;
Robin;M;;;
Robinho;M;;;
Robinson;M;;;
Rocco;M;;;
Rocio;M;;;
Rocío;M;;;
Roddy;M;;;
Rodney;M;;;
Rodny;M;;;
Rodolfito;M;;;
Rodolfo;M;;;
Rodrigo;M;;;
RODRIGUEZ;M;;;
Rogelio;M;;;
Roger;M;;;
Rogger;M;;;
Roi;M;;;
Rojo;M;;;
Roke;M;;;
Roland;M;;;
Rolando;M;;;
Rolf;M;;;
Roly;M;;;
Roma;M;;;
Roman;M;;;
Román;M;;;
Róman;M;;;
Romanella;M;;;
Romano;M;;;
Romario;M;;;
Romel;M;;;
Romeo;M;;;
Romina;M;;;
Romulo;M;;;
Rómulo;M;;;
Ron;M;;;
Ronal;M;;;
Ronald;M;;;
Ronaldo;M;;;
Ronen;M;;;
Roni;M;;;
Ronier;M;;;
Ronney;M;;;
Ronny;M;;;
Rony;M;;;
Rooney;M;;;
Roony;M;;;
Roque;M;;;
Rosa;M;;;
Rosángela;M;;;
Rosario;M;;;
Rosber;M;;;
Roselyn;M;;;
Rosendo;M;;;
Rosmel;M;;;
Rowen;M;;;
Roy;M;;;
Royer;M;;;
Ruben;M;;;
Rubén;M;;;
Rúben;M;;;
Rubí;M;;;
Rubina;M;;;
Ruddy;M;;;
Rudimil;M;;;
Rudy;M;;;
Ruffo;M;;;
Rufina;M;;;
Rufino;M;;;
Rufo;M;;;
Ruggero;M;;;
Ruhi;M;;;
Rui;M;;;
Ruilin;M;;;
Rumi;M;;;
Rumy;M;;;
Runo;M;;;
Ruperto;M;;;
Russel;M;;;
Russell;M;;;
Rusten;M;;;
Rut;M;;;
Ruth;M;;;
Ruy;M;;;
Ryam;M;;;
Ryan;M;;;
Ryduan;M;;;
Ryo;M;;;
Saathvik;M;;;
Sabatino;M;;;
Sabino;M;;;
Sabrina;M;;;
Sacha;M;;;
Sadi;M;;;
Sael;M;;;
Safira;M;;;
Safwan;M;;;
Sahib;M;;;
Sahid;M;;;
Sahiel;M;;;
Sahily;M;;;
Sahir;M;;;
Said;M;;;
SAIDMAN;M;;;
Saiel;M;;;
Saihd;M;;;
Saimon;M;;;
Sain;M;;;
Sair;M;;;
Sajhir;M;;;
Sakhya;M;;;
Salim;M;;;
Salma;M;;;
Salomé;M;;;
Salomina;M;;;
Salomon;M;;;
Salomón;M;;;
Salva;M;;;
Salvador;M;;;
Salvatore;M;;;
Salvattore;M;;;
Sam;M;;;
Samael;M;;;
Samaki;M;;;
Samantha;M;;;
Samara;M;;;
Samely;M;;;
Sami;M;;;
Samid;M;;;
Samiel;M;;;
Samir;M;;;
Samira;M;;;
Samirha;M;;;
Samis;M;;;
Samit;M;;;
Sammuel;M;;;
Samuel;M;;;
Samuél;M;;;
Samuele;M;;;
Samuka;M;;;
San;M;;;
Sander;M;;;
Sanders;M;;;
Sandiel;M;;;
Sandino;M;;;
Sándor;M;;;
Sandro;M;;;
Sansa;M;;;
Santhiago;M;;;
Santhino;M;;;
Santi;M;;;
Santiago;M;;;
Santiel;M;;;
Santina;M;;;
Santino;M;;;
Santo;M;;;
Santos;M;;;
Santtino;M;;;
Santyni;M;;;
Saori;M;;;
Sara;M;;;
Sarabjeet;M;;;
Sarah;M;;;
Sarai;M;;;
Sarin;M;;;
Sasha;M;;;
Saskia;M;;;
Sathya;M;;;
Satoshi;M;;;
Saturnino;M;;;
Saul;M;;;
Saúl;M;;;
Saùl;M;;;
Savino;M;;;
Sayen;M;;;
Scarlett;M;;;
Schneur;M;;;
Sean;M;;;
Seba;M;;;
Sebas;M;;;
Sebastian;M;;;
Sebastián;M;;;
Sebastían;M;;;
Sebástian;M;;;
Sébastien;M;;;
Sebatian;M;;;
Segundo;M;;;
Selena;M;;;
Selene;M;;;
Selim;M;;;
Selin;M;;;
Selva;M;;;
Sender;M;;;
Serafim;M;;;
Serafín;M;;;
Serena;M;;;
Sergio;M;;;
Sergiy;M;;;
Serigne;M;;;
Seth;M;;;
Severiano;M;;;
Severino;M;;;
Seydina;M;;;
Shade;M;;;
Shadia;M;;;
Shadiel;M;;;
Shael;M;;;
Shai;M;;;
Shaid;M;;;
Shaiel;M;;;
Shail;M;;;
Shair;M;;;
Shakty;M;;;
Shalom;M;;;
Shamai;M;;;
Shamel;M;;;
Shamil;M;;;
Shamir;M;;;
Shant;M;;;
Shanti;M;;;
Shariel;M;;;
Sharif;M;;;
Sharik;M;;;
Sharin;M;;;
Sharon;M;;;
Shastar;M;;;
Shaul;M;;;
Shawn;M;;;
Shayr;M;;;
Shayra;M;;;
Shehryar;M;;;
Sheila;M;;;
Sheldon;M;;;
Shelomo;M;;;
Shelomó;M;;;
Shemil;M;;;
Shemuel;M;;;
Sherin;M;;;
Sheron;M;;;
Sheyla;M;;;
Shia;M;;;
Shilo;M;;;
Shimon;M;;;
Shion;M;;;
Shirel;M;;;
Shirley;M;;;
Shirly;M;;;
Shiva;M;;;
Shlomo;M;;;
Shmuel;M;;;
Shneor;M;;;
Shniur;M;;;
Sholem;M;;;
Shrihari;M;;;
Shutiel;M;;;
Shuyue;M;;;
Shyeral;M;;;
Sienna;M;;;
Sigfrido;M;;;
Silas;M;;;
Silverio;M;;;
Silvestre;M;;;
Silvia;M;;;
Silvio;M;;;
Simeón;M;;;
Simon;M;;;
Simón;M;;;
Simòn;M;;;
Símon;M;;;
Simona;M;;;
Simone;M;;;
Sinai;M;;;
Sion;M;;;
Sión;M;;;
Siria;M;;;
Siriana;M;;;
Sirius;M;;;
Siro;M;;;
Sixto;M;;;
Skan;M;;;
Skay;M;;;
Smith;M;;;
Snaider;M;;;
Snayder;M;;;
Sneyder;M;;;
Sofia;M;;;
Sofía;M;;;
Sol;M;;;
Solange;M;;;
Solano;M;;;
Solís;M;;;
Solochukwu;M;;;
Somyu;M;;;
Sonia;M;;;
Sonny;M;;;
Sophia;M;;;
Sophía;M;;;
Soraya;M;;;
Soriano;M;;;
Sosthène;M;;;
Spencer;M;;;
Spiro;M;;;
Stanislao;M;;;
Stanley;M;;;
Starlin;M;;;
Stefan;M;;;
Stefani;M;;;
Stefania;M;;;
Stefanno;M;;;
Stefano;M;;;
Stéfano;M;;;
Steffan;M;;;
Steffano;M;;;
Stefhano;M;;;
Steinar;M;;;
Stephan;M;;;
Stephano;M;;;
Stephanos;M;;;
Stephen;M;;;
Sterling;M;;;
Steve;M;;;
Steven;M;;;
Stevie;M;;;
Stewart;M;;;
Sthefany;M;;;
Sthif;M;;;
Stiff;M;;;
Stiven;M;;;
Stone;M;;;
Sttefano;M;;;
Styben;M;;;
Suemy;M;;;
Suhail;M;;;
Summer;M;;;
Sunruth;M;;;
Sur;M;;;
Suri;M;;;
Suriel;M;;;
Surya;M;;;
Susan;M;;;
Suyai;M;;;
Sven;M;;;
Tabaré;M;;;
Tacio;M;;;
Tadashi;M;;;
Taddeo;M;;;
Tadeo;M;;;
Tadhiel;M;;;
Tadiel;M;;;
Tafari;M;;;
Taha;M;;;
Tahel;M;;;
Tahiam;M;;;
Tahian;M;;;
Tahiara;M;;;
Tahiel;M;;;
Tahíel;M;;;
Tahiler;M;;;
Tahilor;M;;;
Tahio;M;;;
Tahir;M;;;
Tahiron;M;;;
Tahuel;M;;;
Tahylan;M;;;
Tai;M;;;
Taiel;M;;;
Taimir;M;;;
Taina;M;;;
Taio;M;;;
Tairon;M;;;
Tais;M;;;
Takashi;M;;;
Take;M;;;
Takeshi;M;;;
Tali;M;;;
Talia;M;;;
Tália;M;;;
Taluk;M;;;
Tamar;M;;;
Tamara;M;;;
Tamerlan;M;;;
Tamir;M;;;
Tane;M;;;
Taner;M;;;
Tango;M;;;
Tania;M;;;
Tanya;M;;;
Tao;M;;;
Tarantino;M;;;
Taras;M;;;
Tarcisio;M;;;
Tarek;M;;;
Tárek;M;;;
Tarik;M;;;
Tarsicio;M;;;
Tarsila;M;;;
Tasha;M;;;
Tatiana;M;;;
Tauriel;M;;;
Tayan;M;;;
Tayel;M;;;
Tayler;M;;;
Taylor;M;;;
Tayra;M;;;
Tayron;M;;;
Tego;M;;;
Tehiel;M;;;
Tehilá;M;;;
Teho;M;;;
Tehuel;M;;;
Telémaco;M;;;
Telma;M;;;
Telmo;M;;;
Tenma;M;;;
Teo;M;;;
Téo;M;;;
Teobaldo;M;;;
Teodelina;M;;;
Teodoro;M;;;
Teofilo;M;;;
Teófilo;M;;;
Teotimo;M;;;
Teresa;M;;;
Teresita;M;;;
Terry;M;;;
Teseo;M;;;
Tessa;M;;;
Teylor;M;;;
Thadeo;M;;;
Thadiel;M;;;
Thai;M;;;
Thaian;M;;;
Thaicha;M;;;
Thaiel;M;;;
Thaigo;M;;;
Thailler;M;;;
Thailo;M;;;
Thaily;M;;;
Thair;M;;;
Thais;M;;;
Thaisa;M;;;
Thaiz;M;;;
Thales;M;;;
Thalia;M;;;
Thamir;M;;;
Thani;M;;;
Thao;M;;;
Thay;M;;;
Thayel;M;;;
Thayron;M;;;
Theo;M;;;
Théo;M;;;
Theodore;M;;;
Théodore;M;;;
Theodoro;M;;;
Thiago;M;;;
Thiagó;M;;;
Thíago;M;;;
Thiam;M;;;
Thian;M;;;
Thián;M;;;
Thiana;M;;;
Thianno;M;;;
Thiano;M;;;
Thidian;M;;;
Thiel;M;;;
Thiem;M;;;
Thion;M;;;
Thiziano;M;;;
Thobias;M;;;
Thobías;M;;;
Thomas;M;;;
Thomás;M;;;
Thómas;M;;;
Thor;M;;;
Thyago;M;;;
Thyan;M;;;
Thyziano;M;;;
Tiago;M;;;
Tiahgo;M;;;
Tiam;M;;;
Tian;M;;;
Tián;M;;;
Tiana;M;;;
Tianna;M;;;
Tiano;M;;;
Tiara;M;;;
Tiberio;M;;;
Ticiano;M;;;
Tico;M;;;
Tifany;M;;;
Tiffany;M;;;
Tiger;M;;;
Tigran;M;;;
Tihago;M;;;
Tihan;M;;;
Tihana;M;;;
Tihuel;M;;;
Tikal;M;;;
Tilo;M;;;
Timo;M;;;
Timón;M;;;
Timoteo;M;;;
Timothée;M;;;
Timothy;M;;;
Timur;M;;;
Tina;M;;;
Tini;M;;;
Tino;M;;;
Tinok;M;;;
Tirone;M;;;
Tirso;M;;;
Tistan;M;;;
Tito;M;;;
Tizano;M;;;
Tizeo;M;;;
Tiziana;M;;;
Tiziano;M;;;
Tiziec;M;;;
Tiziel;M;;;
Tizyano;M;;;
Tizziano;M;;;
Tobeas;M;;;
Tobias;M;;;
Tobías;M;;;
Tofic;M;;;
Tokwaj;M;;;
Tom;M;;;
Tomas;M;;;
Tomás;M;;;
Tomàs;M;;;
Tómas;M;;;
Tomassa;M;;;
Tomasz;M;;;
Tomer;M;;;
Tomi;M;;;
Tommas;M;;;
Tommy;M;;;
Tomy;M;;;
Toni;M;;;
Tonino;M;;;
Tonio;M;;;
Tonni;M;;;
Tonny;M;;;
Tony;M;;;
Toofan;M;;;
Toprak;M;;;
Torcuato;M;;;
Toribio;M;;;
Torino;M;;;
TORNATORE;M;;;
Toro;M;;;
Toto;M;;;
Tov;M;;;
Travis;M;;;
Treyd;M;;;
Triana;M;;;
Trinidad;M;;;
Tristan;M;;;
Tristán;M;;;
Tulio;M;;;
Tupac;M;;;
Túpac;M;;;
Tyago;M;;;
Tyler;M;;;
Tyller;M;;;
Tyreese;M;;;
Tyrion;M;;;
Tyron;M;;;
Tyrone;M;;;
Tyson;M;;;
Tyziano;M;;;
Tzion;M;;;
Tzivia;M;;;
Tzofia;M;;;
Tzvi;M;;;
Ubaidullah;M;;;
Ubay;M;;;
Ubbe;M;;;
Uber;M;;;
Uciel;M;;;
Ulderico;M;;;
Uliana;M;;;
Ulices;M;;;
Ulilses;M;;;
Ulises;M;;;
Ulisse;M;;;
Ulisses;M;;;
Ulizes;M;;;
Ulrick;M;;;
Ulthar;M;;;
Ulyses;M;;;
Ulysse;M;;;
Ulysses;M;;;
Uma;M;;;
Umaia;M;;;
Umi;M;;;
Umma;M;;;
Ummi;M;;;
Unai;M;;;
Unay;M;;;
Unelén;M;;;
Unmar;M;;;
Urbano;M;;;
Uri;M;;;
Urias;M;;;
Uriel;M;;;
Urim;M;;;
Urko;M;;;
Ursula;M;;;
Úrsula;M;;;
Usain;M;;;
Useias;M;;;
Usiel;M;;;
Uzias;M;;;
Uzías;M;;;
Uziel;M;;;
Uzmiel;M;;;
Uzzi;M;;;
Uzziel;M;;;
Vadim;M;;;
Vadin;M;;;
Vagner;M;;;
Vairon;M;;;
Valdo;M;;;
Valentin;M;;;
Valentín;M;;;
Valentìn;M;;;
Valentina;M;;;
Valentinno;M;;;
Valentino;M;;;
Valenttino;M;;;
Valeria;M;;;
Valeriano;M;;;
Valerio;M;;;
Valery;M;;;
Valetino;M;;;
Vanesa;M;;;
Vanessa;M;;;
Vanina;M;;;
Vardan;M;;;
Varg;M;;;
VARGAS;M;;;
Varian;M;;;
Vartan;M;;;
Vartán;M;;;
Vasco;M;;;
Vasily;M;;;
Vastian;M;;;
Vayron;M;;;
Vedran;M;;;
Veeraj;M;;;
Vehbi;M;;;
Velkan;M;;;
Venancio;M;;;
Venecia;M;;;
Venero;M;;;
Venicio;M;;;
Venizio;M;;;
Vento;M;;;
Vera;M;;;
Verena;M;;;
VIANO;M;;;
Vicca;M;;;
Viccenzo;M;;;
Vicco;M;;;
Vicente;M;;;
Vicentina;M;;;
Vicentino;M;;;
Vicenzo;M;;;
Vicet;M;;;
Vico;M;;;
Victor;M;;;
Víctor;M;;;
Victoria;M;;;
Victoriano;M;;;
Victorino;M;;;
Victorio;M;;;
Vida;M;;;
Vidal;M;;;
Viggo;M;;;
Vigo;M;;;
Viken;M;;;
Viko;M;;;
Viktor;M;;;
Vilko;M;;;
VILLALBA;M;;;
Villma;M;;;
Vinccenzo;M;;;
Vince;M;;;
Vincent;M;;;
Vincenzo;M;;;
Vinicio;M;;;
Vinicius;M;;;
Vinko;M;;;
Violeta;M;;;
Virab;M;;;
Virgilio;M;;;
Virginia;M;;;
Virginio;M;;;
Visen;M;;;
Vismar;M;;;
Vita;M;;;
Vitali;M;;;
Vitaliy;M;;;
Vitel;M;;;
Vitico;M;;;
Vito;M;;;
Vitor;M;;;
Vitto;M;;;
Vittorino;M;;;
Vittorio;M;;;
Vitya;M;;;
Vityko;M;;;
Vivaan;M;;;
Vlad;M;;;
Vladimir;M;;;
Wadia;M;;;
Wael;M;;;
Wallace;M;;;
Wallas;M;;;
Walter;M;;;
Waly;M;;;
Wan;M;;;
WANG;M;;;
Wara;M;;;
Ward;M;;;
Wari;M;;;
Wayne;M;;;
Wayra;M;;;
Wenceslao;M;;;
Wendy;M;;;
Wesley;M;;;
Wilber;M;;;
Wilder;M;;;
Wilfredo;M;;;
Wilfrido;M;;;
Wili;M;;;
Wiliam;M;;;
Wilian;M;;;
Wiliann;M;;;
Wilians;M;;;
Will;M;;;
Willan;M;;;
Willi;M;;;
William;M;;;
Williams;M;;;
Willian;M;;;
Willians;M;;;
Willis;M;;;
Willy;M;;;
Wilmar;M;;;
Wílmar;M;;;
Wilmer;M;;;
Wilsen;M;;;
Wilser;M;;;
Wilson;M;;;
Wily;M;;;
Wisdom;M;;;
Witger;M;;;
Wolf;M;;;
Woobin;M;;;
Wuillian;M;;;
Wyatt;M;;;
Xadier;M;;;
Xago;M;;;
Xalo;M;;;
Xamira;M;;;
Xande;M;;;
Xander;M;;;
Xantino;M;;;
Xavi;M;;;
Xavier;M;;;
Xeneize;M;;;
Xi;M;;;
Xian;M;;;
Xiao;M;;;
Ximena;M;;;
Xingwei;M;;;
Xiomara;M;;;
Xión;M;;;
Xoel;M;;;
Xohana;M;;;
Xué;M;;;
Xul;M;;;
Xylon;M;;;
Yaacob;M;;;
Yaakov;M;;;
Yack;M;;;
Yaco;M;;;
Yacu;M;;;
Yada;M;;;
Yadhiel;M;;;
Yadiel;M;;;
Yadir;M;;;
Yadriel;M;;;
Yael;M;;;
Yago;M;;;
Yaguer;M;;;
Yahdiel;M;;;
Yahel;M;;;
Yahiel;M;;;
Yahil;M;;;
Yahir;M;;;
Yahír;M;;;
Yaho;M;;;
Yahshua;M;;;
Yahya;M;;;
Yail;M;;;
Yaima;M;;;
Yair;M;;;
Yako;M;;;
Yaku;M;;;
Yamal;M;;;
Yaman;M;;;
Yamandu;M;;;
Yamandú;M;;;
Yamid;M;;;
Yamil;M;;;
Yamíl;M;;;
Yamilén;M;;;
Yamilet;M;;;
Yamill;M;;;
Yamir;M;;;
Yan;M;;;
Yancarlos;M;;;
Yandel;M;;;
Yandir;M;;;
Yango;M;;;
Yanka;M;;;
Yann;M;;;
Yannel;M;;;
Yannick;M;;;
Yanpol;M;;;
Yansel;M;;;
Yanyi;M;;;
Yao;M;;;
Yaqui;M;;;
Yara;M;;;
Yareck;M;;;
Yared;M;;;
Yarek;M;;;
Yareli;M;;;
Yareth;M;;;
Yarias;M;;;
Yariel;M;;;
Yaris;M;;;
Yaritsa;M;;;
Yaro;M;;;
Yaron;M;;;
Yasiel;M;;;
Yasin;M;;;
Yasir;M;;;
Yasira;M;;;
Yasmani;M;;;
Yasmín;M;;;
Yasmir;M;;;
Yasna;M;;;
Yasser;M;;;
Yassiel;M;;;
Yasu;M;;;
Yatel;M;;;
Yazan;M;;;
Yazid;M;;;
Yaziel;M;;;
Yazmin;M;;;
Ye;M;;;
Yean;M;;;
Yebo;M;;;
Yeens;M;;;
Yeferson;M;;;
Yeferzon;M;;;
Yefri;M;;;
Yehiel;M;;;
Yehonatan;M;;;
Yehoshua;M;;;
Yehoshúa;M;;;
Yehsúa;M;;;
Yehuda;M;;;
Yeicker;M;;;
Yeico;M;;;
Yeicob;M;;;
Yeicod;M;;;
Yeicon;M;;;
Yeiden;M;;;
Yeiko;M;;;
Yeimi;M;;;
Yeiron;M;;;
Yelmer;M;;;
Yelsid;M;;;
Yeltzin;M;;;
Yemba;M;;;
Yemil;M;;;
Yenko;M;;;
Yerajmiel;M;;;
Yeraldin;M;;;
Yeray;M;;;
Yered;M;;;
Yeremi;M;;;
Yeremmy;M;;;
Yeremy;M;;;
Yerico;M;;;
Yerik;M;;;
Yeriko;M;;;
Yerko;M;;;
Yerson;M;;;
Yesenia;M;;;
Yeshia;M;;;
Yeshua;M;;;
Yessia;M;;;
Yesun;M;;;
Ygnacio;M;;;
Yhadiel;M;;;
Yhael;M;;;
Yhair;M;;;
Yhamil;M;;;
Yheferson;M;;;
Yheffer;M;;;
Yheico;M;;;
Yheremy;M;;;
Yherson;M;;;
Yhilmar;M;;;
Yhiyhon;M;;;
Yhoan;M;;;
Yhoandri;M;;;
Yhoel;M;;;
Yhojan;M;;;
Yhon;M;;;
Yhonatan;M;;;
Yhordy;M;;;
Yhoshua;M;;;
Yhosimar;M;;;
Yhosmar;M;;;
Yhostin;M;;;
Yhosua;M;;;
Yhoswha;M;;;
Yhovani;M;;;
Yhuan;M;;;
Yhuel;M;;;
Yhulian;M;;;
Yi;M;;;
Yicela;M;;;
Yichen;M;;;
Yifan;M;;;
Yihan;M;;;
Yilmar;M;;;
Yinuo;M;;;
Yio;M;;;
Yissel;M;;;
Ylan;M;;;
Ymair;M;;;
Yoan;M;;;
Yoanh;M;;;
Yoaquín;M;;;
Yoari;M;;;
Yocelin;M;;;
Yocsel;M;;;
Yodymar;M;;;
Yoel;M;;;
Yoél;M;;;
Yoendry;M;;;
Yohan;M;;;
Yohana;M;;;
Yohel;M;;;
Yohervin;M;;;
Yohismar;M;;;
Yoiskar;M;;;
Yojan;M;;;
Yojanan;M;;;
Yojhan;M;;;
Yojhanny;M;;;
Yoko;M;;;
Yomar;M;;;
Yomil;M;;;
Yon;M;;;
Yonael;M;;;
Yonatan;M;;;
Yonatán;M;;;
Yonathan;M;;;
Yoneto;M;;;
Yong;M;;;
Yordan;M;;;
Yordi;M;;;
Yordy;M;;;
Yorick;M;;;
York;M;;;
Yort;M;;;
Yorzet;M;;;
Yosdwal;M;;;
Yosef;M;;;
Yoselín;M;;;
Yoselyn;M;;;
Yosemí;M;;;
Yosep;M;;;
Yoshi;M;;;
Yoshua;M;;;
Yoshúa;M;;;
Yosi;M;;;
Yosias;M;;;
Yosimar;M;;;
Yosmer;M;;;
Yossef;M;;;
Yostin;M;;;
Yotuel;M;;;
Yotuén;M;;;
Younes;M;;;
Yousef;M;;;
Youssef;M;;;
Yovanny;M;;;
Yrene;M;;;
Ysaias;M;;;
Ytzel;M;;;
Yu;M;;;
Yuan;M;;;
Yuda;M;;;
Yudith;M;;;
Yueyang;M;;;
Yuhang;M;;;
Yui;M;;;
Yul;M;;;
YULA;M;;;
Yulian;M;;;
Yuliana;M;;;
Yuliano;M;;;
Yullian;M;;;
Yunceo;M;;;
Yunior;M;;;
Yunis;M;;;
Yunuel;M;;;
Yunuén;M;;;
Yuquiel;M;;;
Yurem;M;;;
Yuren;M;;;
Yuri;M;;;
Yuriana;M;;;
Yurik;M;;;
Yurunay;M;;;
Yustin;M;;;
Yuthiel;M;;;
Yutiel;M;;;
Yuvin;M;;;
Yuyang;M;;;
Zabdiel;M;;;
Zac;M;;;
Zacarias;M;;;
Zacarías;M;;;
Zack;M;;;
Zackarias;M;;;
Zackary;M;;;
Zacky;M;;;
Zadkiel;M;;;
Zadquiel;M;;;
Zahara;M;;;
Zaher;M;;;
Zahid;M;;;
Zahidul;M;;;
Zahir;M;;;
Zaid;M;;;
Zaied;M;;;
Zaimon;M;;;
Zain;M;;;
Zaion;M;;;
Zair;M;;;
Zaira;M;;;
Zait;M;;;
Zalman;M;;;
Zamara;M;;;
Zamba;M;;;
Zamiel;M;;;
Zamir;M;;;
Zamira;M;;;
Zantinno;M;;;
Zantino;M;;;
Zaquiel;M;;;
Zara;M;;;
Zatiel;M;;;
Zayd;M;;;
Zaymon;M;;;
Zayn;M;;;
Zaynee;M;;;
Zayr;M;;;
Zein;M;;;
Zelig;M;;;
Zenon;M;;;
Zenón;M;;;
ZERDA;M;;;
Zeus;M;;;
Zeynep;M;;;
Zezé;M;;;
Zhamira;M;;;
Zhaoyang;M;;;
Zhichen;M;;;
Zhoemy;M;;;
Zi;M;;;
Zia;M;;;
Zian;M;;;
Ziani;M;;;
Zilhay;M;;;
Zinedin;M;;;
Zinedine;M;;;
Zio;M;;;
Zion;M;;;
Ziqian;M;;;
Ziro;M;;;
Ziyan;M;;;
Zlatan;M;;;
Zoe;M;;;
Zoé;M;;;
Zofia;M;;;
Zohar;M;;;
Zoilo;M;;;
Ztefano;M;;;
Zuhaila;M;;;
Zulam;M;;;
Zulay;M;;;
Zunú;M;;;
Zuriel;M;;;
Zury;M;;;
Zushe;M;;;
Zyon;M;;;
Zyro;M;;;